LGA_NAME16	BornAust	Sex	persons
Albury (C)	0	F	2866
Albury (C)	0	M	2679
Albury (C)	1	F	21514
Albury (C)	1	M	20071
Armidale Regional (A)	0	F	1869
Armidale Regional (A)	0	M	1762
Armidale Regional (A)	1	F	12102
Armidale Regional (A)	1	M	11302
Ballina (A)	0	F	2446
Ballina (A)	0	M	2162
Ballina (A)	1	F	17552
Ballina (A)	1	M	16436
Balranald (A)	0	F	82
Balranald (A)	0	M	61
Balranald (A)	1	F	900
Balranald (A)	1	M	965
Bathurst Regional (A)	0	F	1733
Bathurst Regional (A)	0	M	1833
Bathurst Regional (A)	1	F	17206
Bathurst Regional (A)	1	M	17332
Bega Valley (A)	0	F	2004
Bega Valley (A)	0	M	1861
Bega Valley (A)	1	F	13479
Bega Valley (A)	1	M	12969
Bellingen (A)	0	F	800
Bellingen (A)	0	M	697
Bellingen (A)	1	F	5225
Bellingen (A)	1	M	4948
Berrigan (A)	0	F	329
Berrigan (A)	0	M	322
Berrigan (A)	1	F	3441
Berrigan (A)	1	M	3424
Blacktown (C)	0	F	69230
Blacktown (C)	0	M	67064
Blacktown (C)	1	F	90763
Blacktown (C)	1	M	91390
Bland (A)	0	F	153
Bland (A)	0	M	138
Bland (A)	1	F	2442
Bland (A)	1	M	2454
Blayney (A)	0	F	222
Blayney (A)	0	M	223
Blayney (A)	1	F	3128
Blayney (A)	1	M	3078
Blue Mountains (C)	0	F	6829
Blue Mountains (C)	0	M	6118
Blue Mountains (C)	1	F	30955
Blue Mountains (C)	1	M	29075
Bogan (A)	0	F	62
Bogan (A)	0	M	66
Bogan (A)	1	F	1120
Bogan (A)	1	M	1116
Botany Bay (C)	0	F	10609
Botany Bay (C)	0	M	10073
Botany Bay (C)	1	F	11185
Botany Bay (C)	1	M	11503
Bourke (A)	0	F	61
Bourke (A)	0	M	37
Bourke (A)	1	F	995
Bourke (A)	1	M	975
Brewarrina (A)	0	F	15
Brewarrina (A)	0	M	21
Brewarrina (A)	1	F	704
Brewarrina (A)	1	M	743
Broken Hill (C)	0	F	412
Broken Hill (C)	0	M	389
Broken Hill (C)	1	F	7897
Broken Hill (C)	1	M	7470
Burwood (A)	0	F	11056
Burwood (A)	0	M	10013
Burwood (A)	1	F	6959
Burwood (A)	1	M	6804
Byron (A)	0	F	2955
Byron (A)	0	M	2681
Byron (A)	1	F	11178
Byron (A)	1	M	10379
Cabonne (A)	0	F	417
Cabonne (A)	0	M	381
Cabonne (A)	1	F	5734
Cabonne (A)	1	M	5785
Camden (A)	0	F	7046
Camden (A)	0	M	6720
Camden (A)	1	F	30830
Camden (A)	1	M	29707
Campbelltown (C) (NSW)	0	F	25393
Campbelltown (C) (NSW)	0	M	23933
Campbelltown (C) (NSW)	1	F	49161
Campbelltown (C) (NSW)	1	M	48150
Canada Bay (A)	0	F	18802
Canada Bay (A)	0	M	16872
Canada Bay (A)	1	F	24013
Canada Bay (A)	1	M	22856
Canterbury-Bankstown (A)	0	F	77299
Canterbury-Bankstown (A)	0	M	75400
Canterbury-Bankstown (A)	1	F	85649
Canterbury-Bankstown (A)	1	M	86004
Carrathool (A)	0	F	131
Carrathool (A)	0	M	134
Carrathool (A)	1	F	1033
Carrathool (A)	1	M	1144
Central Coast (C) (NSW)	0	F	25110
Central Coast (C) (NSW)	0	M	22946
Central Coast (C) (NSW)	1	F	132713
Central Coast (C) (NSW)	1	M	125665
Central Darling (A)	0	F	35
Central Darling (A)	0	M	49
Central Darling (A)	1	F	688
Central Darling (A)	1	M	770
Cessnock (C)	0	F	1787
Cessnock (C)	0	M	1710
Cessnock (C)	1	F	23832
Cessnock (C)	1	M	23761
Clarence Valley (A)	0	F	2027
Clarence Valley (A)	0	M	1796
Clarence Valley (A)	1	F	21326
Clarence Valley (A)	1	M	21108
Cobar (A)	0	F	180
Cobar (A)	0	M	143
Cobar (A)	1	F	1793
Cobar (A)	1	M	1923
Coffs Harbour (C)	0	F	5382
Coffs Harbour (C)	0	M	4764
Coffs Harbour (C)	1	F	29310
Coffs Harbour (C)	1	M	27846
Coolamon (A)	0	F	80
Coolamon (A)	0	M	88
Coolamon (A)	1	F	1829
Coolamon (A)	1	M	1815
Coonamble (A)	0	F	66
Coonamble (A)	0	M	42
Coonamble (A)	1	F	1572
Coonamble (A)	1	M	1582
Cowra (A)	0	F	389
Cowra (A)	0	M	362
Cowra (A)	1	F	5326
Cowra (A)	1	M	5212
Cumberland (A)	0	F	53646
Cumberland (A)	0	M	59238
Cumberland (A)	1	F	44903
Cumberland (A)	1	M	45144
Dungog (A)	0	F	227
Dungog (A)	0	M	213
Dungog (A)	1	F	3862
Dungog (A)	1	M	3910
Edward River (A)	0	F	280
Edward River (A)	0	M	284
Edward River (A)	1	F	3684
Edward River (A)	1	M	3574
Eurobodalla (A)	0	F	2565
Eurobodalla (A)	0	M	2412
Eurobodalla (A)	1	F	14696
Eurobodalla (A)	1	M	14186
Fairfield (C)	0	F	56183
Fairfield (C)	0	M	50971
Fairfield (C)	1	F	39261
Fairfield (C)	1	M	41516
Federation (A)	0	F	439
Federation (A)	0	M	409
Federation (A)	1	F	5124
Federation (A)	1	M	5088
Forbes (A)	0	F	202
Forbes (A)	0	M	181
Forbes (A)	1	F	4088
Forbes (A)	1	M	4132
Georges River (A)	0	F	34984
Georges River (A)	0	M	31931
Georges River (A)	1	F	36617
Georges River (A)	1	M	36428
Gilgandra (A)	0	F	88
Gilgandra (A)	0	M	67
Gilgandra (A)	1	F	1871
Gilgandra (A)	1	M	1805
Glen Innes Severn (A)	0	F	310
Glen Innes Severn (A)	0	M	278
Glen Innes Severn (A)	1	F	3601
Glen Innes Severn (A)	1	M	3615
Goulburn Mulwaree (A)	0	F	1398
Goulburn Mulwaree (A)	0	M	1549
Goulburn Mulwaree (A)	1	F	12103
Goulburn Mulwaree (A)	1	M	12362
Greater Hume Shire (A)	0	F	305
Greater Hume Shire (A)	0	M	304
Greater Hume Shire (A)	1	F	4436
Greater Hume Shire (A)	1	M	4482
Griffith (C)	0	F	2361
Griffith (C)	0	M	2457
Griffith (C)	1	F	9124
Griffith (C)	1	M	9004
Gundagai (A)	0	F	326
Gundagai (A)	0	M	292
Gundagai (A)	1	F	4818
Gundagai (A)	1	M	4720
Gunnedah (A)	0	F	326
Gunnedah (A)	0	M	260
Gunnedah (A)	1	F	5232
Gunnedah (A)	1	M	5274
Gwydir (A)	0	F	128
Gwydir (A)	0	M	85
Gwydir (A)	1	F	2181
Gwydir (A)	1	M	2249
Hawkesbury (C)	0	F	4139
Hawkesbury (C)	0	M	3801
Hawkesbury (C)	1	F	26435
Hawkesbury (C)	1	M	26104
Hay (A)	0	F	104
Hay (A)	0	M	90
Hay (A)	1	F	1164
Hay (A)	1	M	1190
Hilltops (A)	0	F	632
Hilltops (A)	0	M	513
Hilltops (A)	1	F	7989
Hilltops (A)	1	M	7829
Hornsby (A)	0	F	27581
Hornsby (A)	0	M	25213
Hornsby (A)	1	F	42947
Hornsby (A)	1	M	42004
Hunters Hill (A)	0	F	1939
Hunters Hill (A)	0	M	1742
Hunters Hill (A)	1	F	4663
Hunters Hill (A)	1	M	4841
Inner West (A)	0	F	32118
Inner West (A)	0	M	30283
Inner West (A)	1	F	54304
Inner West (A)	1	M	51417
Inverell (A)	0	F	557
Inverell (A)	0	M	489
Inverell (A)	1	F	7052
Inverell (A)	1	M	6823
Junee (A)	0	F	170
Junee (A)	0	M	296
Junee (A)	1	F	2247
Junee (A)	1	M	2944
Kempsey (A)	0	F	1056
Kempsey (A)	0	M	998
Kempsey (A)	1	F	11891
Kempsey (A)	1	M	12046
Kiama (A)	0	F	1552
Kiama (A)	0	M	1410
Kiama (A)	1	F	8631
Kiama (A)	1	M	8409
Ku-ring-gai (A)	0	F	24365
Ku-ring-gai (A)	0	M	21599
Ku-ring-gai (A)	1	F	34665
Ku-ring-gai (A)	1	M	33010
Kyogle (A)	0	F	424
Kyogle (A)	0	M	424
Kyogle (A)	1	F	3546
Kyogle (A)	1	M	3598
Lachlan (A)	0	F	129
Lachlan (A)	0	M	105
Lachlan (A)	1	F	2577
Lachlan (A)	1	M	2578
Lake Macquarie (C)	0	F	10325
Lake Macquarie (C)	0	M	9370
Lake Macquarie (C)	1	F	85855
Lake Macquarie (C)	1	M	82400
Lane Cove (A)	0	F	6815
Lane Cove (A)	0	M	6245
Lane Cove (A)	1	F	10659
Lane Cove (A)	1	M	10608
Leeton (A)	0	F	434
Leeton (A)	0	M	467
Leeton (A)	1	F	4597
Leeton (A)	1	M	4494
Lismore (C)	0	F	2091
Lismore (C)	0	M	1957
Lismore (C)	1	F	18158
Lismore (C)	1	M	17201
Lithgow (C)	0	F	945
Lithgow (C)	0	M	1019
Lithgow (C)	1	F	8255
Lithgow (C)	1	M	8525
Liverpool (C)	0	F	42871
Liverpool (C)	0	M	40473
Liverpool (C)	1	F	52385
Liverpool (C)	1	M	53161
Liverpool Plains (A)	0	F	181
Liverpool Plains (A)	0	M	160
Liverpool Plains (A)	1	F	3206
Liverpool Plains (A)	1	M	3297
Lockhart (A)	0	F	85
Lockhart (A)	0	M	61
Lockhart (A)	1	F	1315
Lockhart (A)	1	M	1329
Maitland (C)	0	F	3190
Maitland (C)	0	M	2960
Maitland (C)	1	F	34258
Maitland (C)	1	M	32733
Mid-Coast (A)	0	F	4347
Mid-Coast (A)	0	M	4097
Mid-Coast (A)	1	F	37989
Mid-Coast (A)	1	M	36293
Mid-Western Regional (A)	0	F	956
Mid-Western Regional (A)	0	M	859
Mid-Western Regional (A)	1	F	9657
Mid-Western Regional (A)	1	M	9866
Moree Plains (A)	0	F	332
Moree Plains (A)	0	M	353
Moree Plains (A)	1	F	5299
Moree Plains (A)	1	M	5378
Mosman (A)	0	F	5146
Mosman (A)	0	M	4371
Mosman (A)	1	F	9089
Mosman (A)	1	M	7860
Murray River (A)	0	F	433
Murray River (A)	0	M	378
Murray River (A)	1	F	4905
Murray River (A)	1	M	4879
Murrumbidgee (A)	0	F	116
Murrumbidgee (A)	0	M	119
Murrumbidgee (A)	1	F	1459
Murrumbidgee (A)	1	M	1648
Muswellbrook (A)	0	F	592
Muswellbrook (A)	0	M	678
Muswellbrook (A)	1	F	6647
Muswellbrook (A)	1	M	6947
Nambucca (A)	0	F	930
Nambucca (A)	0	M	835
Nambucca (A)	1	F	7947
Nambucca (A)	1	M	7707
Narrabri (A)	0	F	283
Narrabri (A)	0	M	268
Narrabri (A)	1	F	5442
Narrabri (A)	1	M	5461
Narrandera (A)	0	F	129
Narrandera (A)	0	M	143
Narrandera (A)	1	F	2465
Narrandera (A)	1	M	2394
Narromine (A)	0	F	112
Narromine (A)	0	M	119
Narromine (A)	1	F	2755
Narromine (A)	1	M	2733
Newcastle (C)	0	F	11103
Newcastle (C)	0	M	10530
Newcastle (C)	1	F	64049
Newcastle (C)	1	M	62344
North Sydney (A)	0	F	13733
North Sydney (A)	0	M	11943
North Sydney (A)	1	F	19258
North Sydney (A)	1	M	17414
Northern Beaches (A)	0	F	37987
Northern Beaches (A)	0	M	35090
Northern Beaches (A)	1	F	84532
Northern Beaches (A)	1	M	81966
Oberon (A)	0	F	223
Oberon (A)	0	M	259
Oberon (A)	1	F	2012
Oberon (A)	1	M	2158
Orange (C)	0	F	1990
Orange (C)	0	M	1799
Orange (C)	1	F	17268
Orange (C)	1	M	16385
Parkes (A)	0	F	423
Parkes (A)	0	M	358
Parkes (A)	1	F	6240
Parkes (A)	1	M	6091
Parramatta (C)	0	F	56500
Parramatta (C)	0	M	55709
Parramatta (C)	1	F	50142
Parramatta (C)	1	M	50916
Penrith (C)	0	F	21639
Penrith (C)	0	M	20762
Penrith (C)	1	F	71637
Penrith (C)	1	M	70241
Port Macquarie-Hastings (A)	0	F	4728
Port Macquarie-Hastings (A)	0	M	4238
Port Macquarie-Hastings (A)	1	F	33215
Port Macquarie-Hastings (A)	1	M	30643
Port Stephens (A)	0	F	3961
Port Stephens (A)	0	M	3719
Port Stephens (A)	1	F	28405
Port Stephens (A)	1	M	27856
Queanbeyan-Palerang Regional (A)	0	F	4862
Queanbeyan-Palerang Regional (A)	0	M	4815
Queanbeyan-Palerang Regional (A)	1	F	20906
Queanbeyan-Palerang Regional (A)	1	M	21088
Randwick (C)	0	F	29670
Randwick (C)	0	M	27932
Randwick (C)	1	F	36454
Randwick (C)	1	M	35923
Richmond Valley (A)	0	F	723
Richmond Valley (A)	0	M	568
Richmond Valley (A)	1	F	9708
Richmond Valley (A)	1	M	9717
Rockdale (C)	0	F	26119
Rockdale (C)	0	M	25095
Rockdale (C)	1	F	25397
Rockdale (C)	1	M	25234
Ryde (C)	0	F	28807
Ryde (C)	0	M	25873
Ryde (C)	1	F	28334
Ryde (C)	1	M	28100
Shellharbour (C)	0	F	6009
Shellharbour (C)	0	M	5405
Shellharbour (C)	1	F	26907
Shellharbour (C)	1	M	26043
Shoalhaven (C)	0	F	6565
Shoalhaven (C)	0	M	6213
Shoalhaven (C)	1	F	39727
Shoalhaven (C)	1	M	39012
Singleton (A)	0	F	924
Singleton (A)	0	M	885
Singleton (A)	1	F	9434
Singleton (A)	1	M	9859
Snowy Monaro Regional (A)	0	F	1276
Snowy Monaro Regional (A)	0	M	1304
Snowy Monaro Regional (A)	1	F	7518
Snowy Monaro Regional (A)	1	M	8123
Snowy Valleys (A)	0	F	599
Snowy Valleys (A)	0	M	606
Snowy Valleys (A)	1	F	5772
Snowy Valleys (A)	1	M	5936
Strathfield (A)	0	F	11366
Strathfield (A)	0	M	11344
Strathfield (A)	1	F	7220
Strathfield (A)	1	M	7582
Sutherland Shire (A)	0	F	20752
Sutherland Shire (A)	0	M	18728
Sutherland Shire (A)	1	F	86233
Sutherland Shire (A)	1	M	83436
Sydney (C)	0	F	50119
Sydney (C)	0	M	49646
Sydney (C)	1	F	38520
Sydney (C)	1	M	43571
Tamworth Regional (A)	0	F	2011
Tamworth Regional (A)	0	M	2031
Tamworth Regional (A)	1	F	25935
Tamworth Regional (A)	1	M	24542
Temora (A)	0	F	145
Temora (A)	0	M	138
Temora (A)	1	F	2712
Temora (A)	1	M	2668
Tenterfield (A)	0	F	250
Tenterfield (A)	0	M	256
Tenterfield (A)	1	F	2668
Tenterfield (A)	1	M	2593
The Hills Shire (A)	0	F	28539
The Hills Shire (A)	0	M	26706
The Hills Shire (A)	1	F	48695
The Hills Shire (A)	1	M	48281
Tweed (A)	0	F	7067
Tweed (A)	0	M	6283
Tweed (A)	1	F	36331
Tweed (A)	1	M	34167
Upper Hunter Shire (A)	0	F	528
Upper Hunter Shire (A)	0	M	524
Upper Hunter Shire (A)	1	F	5849
Upper Hunter Shire (A)	1	M	5715
Upper Lachlan Shire (A)	0	F	281
Upper Lachlan Shire (A)	0	M	237
Upper Lachlan Shire (A)	1	F	3145
Upper Lachlan Shire (A)	1	M	3287
Uralla (A)	0	F	204
Uralla (A)	0	M	194
Uralla (A)	1	F	2652
Uralla (A)	1	M	2492
Wagga Wagga (C)	0	F	2874
Wagga Wagga (C)	0	M	2971
Wagga Wagga (C)	1	F	26999
Wagga Wagga (C)	1	M	25514
Walcha (A)	0	F	80
Walcha (A)	0	M	77
Walcha (A)	1	F	1260
Walcha (A)	1	M	1287
Walgett (A)	0	F	269
Walgett (A)	0	M	293
Walgett (A)	1	F	2211
Walgett (A)	1	M	2500
Warren (A)	0	F	68
Warren (A)	0	M	47
Warren (A)	1	F	1124
Warren (A)	1	M	1150
Warrumbungle Shire (A)	0	F	289
Warrumbungle Shire (A)	0	M	266
Warrumbungle Shire (A)	1	F	3818
Warrumbungle Shire (A)	1	M	3837
Waverley (A)	0	F	13617
Waverley (A)	0	M	12409
Waverley (A)	1	F	17008
Waverley (A)	1	M	16563
Weddin (A)	0	F	111
Weddin (A)	0	M	91
Weddin (A)	1	F	1531
Weddin (A)	1	M	1555
Wentworth (A)	0	F	185
Wentworth (A)	0	M	176
Wentworth (A)	1	F	2747
Wentworth (A)	1	M	2904
Western Plains Regional (A)	0	F	1827
Western Plains Regional (A)	0	M	1783
Western Plains Regional (A)	1	F	21443
Western Plains Regional (A)	1	M	20641
Willoughby (C)	0	F	18321
Willoughby (C)	0	M	15523
Willoughby (C)	1	F	18349
Willoughby (C)	1	M	18342
Wingecarribee (A)	0	F	4004
Wingecarribee (A)	0	M	3606
Wingecarribee (A)	1	F	19262
Wingecarribee (A)	1	M	17639
Wollondilly (A)	0	F	2977
Wollondilly (A)	0	M	2754
Wollondilly (A)	1	F	19862
Wollondilly (A)	1	M	19941
Wollongong (C)	0	F	22482
Wollongong (C)	0	M	21436
Wollongong (C)	1	F	74692
Wollongong (C)	1	M	73243
Woollahra (A)	0	F	9420
Woollahra (A)	0	M	8226
Woollahra (A)	1	F	16865
Woollahra (A)	1	M	14685
Yass Valley (A)	0	F	879
Yass Valley (A)	0	M	789
Yass Valley (A)	1	F	6757
Yass Valley (A)	1	M	6556
Unincorporated NSW	0	F	47
Unincorporated NSW	0	M	42
Unincorporated NSW	1	F	390
Unincorporated NSW	1	M	449
No usual address (NSW)	0	F	1346
No usual address (NSW)	0	M	1663
No usual address (NSW)	1	F	2726
No usual address (NSW)	1	M	4304
Migratory - Offshore - Shipping (NSW)	0	F	86
Migratory - Offshore - Shipping (NSW)	0	M	60
Migratory - Offshore - Shipping (NSW)	1	F	135
Migratory - Offshore - Shipping (NSW)	1	M	102
Alpine (S)	0	F	886
Alpine (S)	0	M	810
Alpine (S)	1	F	4752
Alpine (S)	1	M	4672
Ararat (RC)	0	F	483
Ararat (RC)	0	M	619
Ararat (RC)	1	F	4488
Ararat (RC)	1	M	5056
Ballarat (C)	0	F	5032
Ballarat (C)	0	M	4623
Ballarat (C)	1	F	44145
Ballarat (C)	1	M	40919
Banyule (C)	0	F	14891
Banyule (C)	0	M	13713
Banyule (C)	1	F	44526
Banyule (C)	1	M	42563
Bass Coast (S)	0	F	2430
Bass Coast (S)	0	M	2308
Bass Coast (S)	1	F	12980
Bass Coast (S)	1	M	12171
Baw Baw (S)	0	F	2759
Baw Baw (S)	0	M	2490
Baw Baw (S)	1	F	20182
Baw Baw (S)	1	M	19235
Bayside (C)	0	F	13161
Bayside (C)	0	M	11670
Bayside (C)	1	F	34914
Bayside (C)	1	M	32033
Benalla (RC)	0	F	590
Benalla (RC)	0	M	499
Benalla (RC)	1	F	5882
Benalla (RC)	1	M	5576
Boroondara (C)	0	F	27604
Boroondara (C)	0	M	24145
Boroondara (C)	1	F	55319
Boroondara (C)	1	M	52094
Brimbank (C)	0	F	46961
Brimbank (C)	0	M	46044
Brimbank (C)	1	F	43086
Brimbank (C)	1	M	44077
Buloke (S)	0	F	184
Buloke (S)	0	M	163
Buloke (S)	1	F	2570
Buloke (S)	1	M	2631
Campaspe (S)	0	F	1359
Campaspe (S)	0	M	1148
Campaspe (S)	1	F	15702
Campaspe (S)	1	M	15544
Cardinia (S)	0	F	9059
Cardinia (S)	0	M	8785
Cardinia (S)	1	F	35718
Cardinia (S)	1	M	34655
Casey (C)	0	F	57538
Casey (C)	0	M	56886
Casey (C)	1	F	84322
Casey (C)	1	M	83707
Central Goldfields (S)	0	F	602
Central Goldfields (S)	0	M	564
Central Goldfields (S)	1	F	5381
Central Goldfields (S)	1	M	5270
Colac-Otway (S)	0	F	895
Colac-Otway (S)	0	M	916
Colac-Otway (S)	1	F	8735
Colac-Otway (S)	1	M	8714
Corangamite (S)	0	F	515
Corangamite (S)	0	M	508
Corangamite (S)	1	F	6724
Corangamite (S)	1	M	6819
Darebin (C)	0	F	25076
Darebin (C)	0	M	23767
Darebin (C)	1	F	45105
Darebin (C)	1	M	41800
East Gippsland (S)	0	F	2546
East Gippsland (S)	0	M	2344
East Gippsland (S)	1	F	18061
East Gippsland (S)	1	M	17558
Frankston (C)	0	F	15146
Frankston (C)	0	M	13706
Frankston (C)	1	F	48783
Frankston (C)	1	M	47157
Gannawarra (S)	0	F	300
Gannawarra (S)	0	M	251
Gannawarra (S)	1	F	4575
Gannawarra (S)	1	M	4544
Glen Eira (C)	0	F	27097
Glen Eira (C)	0	M	24655
Glen Eira (C)	1	F	42026
Glen Eira (C)	1	M	40002
Glenelg (S)	0	F	782
Glenelg (S)	0	M	711
Glenelg (S)	1	F	8095
Glenelg (S)	1	M	8081
Golden Plains (S)	0	F	1023
Golden Plains (S)	0	M	1002
Golden Plains (S)	1	F	8942
Golden Plains (S)	1	M	9284
Greater Bendigo (C)	0	F	4539
Greater Bendigo (C)	0	M	4278
Greater Bendigo (C)	1	F	48081
Greater Bendigo (C)	1	M	45241
Greater Dandenong (C)	0	F	43382
Greater Dandenong (C)	0	M	44383
Greater Dandenong (C)	1	F	26388
Greater Dandenong (C)	1	M	28090
Greater Geelong (C)	0	F	19307
Greater Geelong (C)	0	M	18674
Greater Geelong (C)	1	F	92873
Greater Geelong (C)	1	M	87066
Greater Shepparton (C)	0	F	4733
Greater Shepparton (C)	0	M	4771
Greater Shepparton (C)	1	F	24464
Greater Shepparton (C)	1	M	24027
Hepburn (S)	0	F	1053
Hepburn (S)	0	M	966
Hepburn (S)	1	F	6007
Hepburn (S)	1	M	5642
Hindmarsh (S)	0	F	255
Hindmarsh (S)	0	M	212
Hindmarsh (S)	1	F	2366
Hindmarsh (S)	1	M	2414
Hobsons Bay (C)	0	F	13931
Hobsons Bay (C)	0	M	13165
Hobsons Bay (C)	1	F	28426
Hobsons Bay (C)	1	M	27753
Horsham (RC)	0	F	656
Horsham (RC)	0	M	536
Horsham (RC)	1	F	8769
Horsham (RC)	1	M	8444
Hume (C)	0	F	35227
Hume (C)	0	M	35306
Hume (C)	1	F	57397
Hume (C)	1	M	56444
Indigo (S)	0	F	713
Indigo (S)	0	M	653
Indigo (S)	1	F	6817
Indigo (S)	1	M	6638
Kingston (C) (Vic.)	0	F	24677
Kingston (C) (Vic.)	0	M	22568
Kingston (C) (Vic.)	1	F	48816
Kingston (C) (Vic.)	1	M	46968
Knox (C)	0	F	24486
Knox (C)	0	M	22027
Knox (C)	1	F	50867
Knox (C)	1	M	50050
Latrobe (C) (Vic.)	0	F	4786
Latrobe (C) (Vic.)	0	M	4321
Latrobe (C) (Vic.)	1	F	29210
Latrobe (C) (Vic.)	1	M	28188
Loddon (S)	0	F	303
Loddon (S)	0	M	311
Loddon (S)	1	F	2930
Loddon (S)	1	M	3046
Macedon Ranges (S)	0	F	2850
Macedon Ranges (S)	0	M	2879
Macedon Ranges (S)	1	F	18694
Macedon Ranges (S)	1	M	18096
Manningham (C)	0	F	24500
Manningham (C)	0	M	21883
Manningham (C)	1	F	32760
Manningham (C)	1	M	32011
Mansfield (S)	0	F	487
Mansfield (S)	0	M	463
Mansfield (S)	1	F	3417
Mansfield (S)	1	M	3383
Maribyrnong (C)	0	F	16282
Maribyrnong (C)	0	M	16706
Maribyrnong (C)	1	F	21540
Maribyrnong (C)	1	M	21597
Maroondah (C)	0	F	13457
Maroondah (C)	0	M	12147
Maroondah (C)	1	F	40832
Maroondah (C)	1	M	38826
Melbourne (C)	0	F	40259
Melbourne (C)	0	M	35538
Melbourne (C)	1	F	21721
Melbourne (C)	1	M	22715
Melton (C)	0	F	20736
Melton (C)	0	M	19878
Melton (C)	1	F	43350
Melton (C)	1	M	42676
Mildura (RC)	0	F	2913
Mildura (RC)	0	M	2900
Mildura (RC)	1	F	21820
Mildura (RC)	1	M	20920
Mitchell (S)	0	F	2342
Mitchell (S)	0	M	2373
Mitchell (S)	1	F	16026
Mitchell (S)	1	M	16324
Moira (S)	0	F	1340
Moira (S)	0	M	1334
Moira (S)	1	F	11909
Moira (S)	1	M	11841
Monash (C)	0	F	46291
Monash (C)	0	M	43298
Monash (C)	1	F	42049
Monash (C)	1	M	42018
Moonee Valley (C)	0	F	17107
Moonee Valley (C)	0	M	15158
Moonee Valley (C)	1	F	39354
Moonee Valley (C)	1	M	37544
Moorabool (S)	0	F	2009
Moorabool (S)	0	M	1911
Moorabool (S)	1	F	12923
Moorabool (S)	1	M	12716
Moreland (C)	0	F	27951
Moreland (C)	0	M	27276
Moreland (C)	1	F	49537
Moreland (C)	1	M	46753
Mornington Peninsula (S)	0	F	14419
Mornington Peninsula (S)	0	M	13209
Mornington Peninsula (S)	1	F	60275
Mornington Peninsula (S)	1	M	56671
Mount Alexander (S)	0	F	1010
Mount Alexander (S)	0	M	1147
Mount Alexander (S)	1	F	7437
Mount Alexander (S)	1	M	7411
Moyne (S)	0	F	623
Moyne (S)	0	M	572
Moyne (S)	1	F	6893
Moyne (S)	1	M	6950
Murrindindi (S)	0	F	753
Murrindindi (S)	0	M	767
Murrindindi (S)	1	F	5344
Murrindindi (S)	1	M	5519
Nillumbik (S)	0	F	4835
Nillumbik (S)	0	M	4716
Nillumbik (S)	1	F	24771
Nillumbik (S)	1	M	24185
Northern Grampians (S)	0	F	454
Northern Grampians (S)	0	M	393
Northern Grampians (S)	1	F	4827
Northern Grampians (S)	1	M	4810
Port Phillip (C)	0	F	16332
Port Phillip (C)	0	M	15543
Port Phillip (C)	1	F	29956
Port Phillip (C)	1	M	28471
Pyrenees (S)	0	F	315
Pyrenees (S)	0	M	360
Pyrenees (S)	1	F	2751
Pyrenees (S)	1	M	3118
Queenscliffe (B)	0	F	148
Queenscliffe (B)	0	M	150
Queenscliffe (B)	1	F	1232
Queenscliffe (B)	1	M	1048
South Gippsland (S)	0	F	1685
South Gippsland (S)	0	M	1462
South Gippsland (S)	1	F	11627
South Gippsland (S)	1	M	11337
Southern Grampians (S)	0	F	644
Southern Grampians (S)	0	M	533
Southern Grampians (S)	1	F	6890
Southern Grampians (S)	1	M	6626
Stonnington (C)	0	F	17406
Stonnington (C)	0	M	15327
Stonnington (C)	1	F	32951
Stonnington (C)	1	M	30206
Strathbogie (S)	0	F	490
Strathbogie (S)	0	M	434
Strathbogie (S)	1	F	4198
Strathbogie (S)	1	M	4144
Surf Coast (S)	0	F	1710
Surf Coast (S)	0	M	1645
Surf Coast (S)	1	F	12185
Surf Coast (S)	1	M	11983
Swan Hill (RC)	0	F	1186
Swan Hill (RC)	0	M	1210
Swan Hill (RC)	1	F	7661
Swan Hill (RC)	1	M	7701
Towong (S)	0	F	258
Towong (S)	0	M	224
Towong (S)	1	F	2401
Towong (S)	1	M	2556
Wangaratta (RC)	0	F	1182
Wangaratta (RC)	0	M	1097
Wangaratta (RC)	1	F	12272
Wangaratta (RC)	1	M	11439
Warrnambool (C)	0	F	1405
Warrnambool (C)	0	M	1326
Warrnambool (C)	1	F	14696
Warrnambool (C)	1	M	13573
Wellington (S)	0	F	2252
Wellington (S)	0	M	2303
Wellington (S)	1	F	17150
Wellington (S)	1	M	17475
West Wimmera (S)	0	F	125
West Wimmera (S)	0	M	112
West Wimmera (S)	1	F	1676
West Wimmera (S)	1	M	1724
Whitehorse (C)	0	F	32711
Whitehorse (C)	0	M	29635
Whitehorse (C)	1	F	47651
Whitehorse (C)	1	M	45109
Whittlesea (C)	0	F	35336
Whittlesea (C)	0	M	34805
Whittlesea (C)	1	F	58440
Whittlesea (C)	1	M	56867
Wodonga (C)	0	F	2019
Wodonga (C)	0	M	1934
Wodonga (C)	1	F	16645
Wodonga (C)	1	M	16035
Wyndham (C)	0	F	45207
Wyndham (C)	0	M	45041
Wyndham (C)	1	F	56937
Wyndham (C)	1	M	57611
Yarra (C)	0	F	13355
Yarra (C)	0	M	11782
Yarra (C)	1	F	26959
Yarra (C)	1	M	26099
Yarra Ranges (S)	0	F	12557
Yarra Ranges (S)	0	M	11865
Yarra Ranges (S)	1	F	58818
Yarra Ranges (S)	1	M	57731
Yarriambiack (S)	0	F	209
Yarriambiack (S)	0	M	187
Yarriambiack (S)	1	F	2787
Yarriambiack (S)	1	M	2866
Unincorporated Vic	0	F	85
Unincorporated Vic	0	M	71
Unincorporated Vic	1	F	211
Unincorporated Vic	1	M	282
No usual address (Vic.)	0	F	952
No usual address (Vic.)	0	M	1057
No usual address (Vic.)	1	F	1804
No usual address (Vic.)	1	M	2581
Migratory - Offshore - Shipping (Vic.)	0	F	4
Migratory - Offshore - Shipping (Vic.)	0	M	6
Migratory - Offshore - Shipping (Vic.)	1	M	17
Aurukun (S)	0	F	10
Aurukun (S)	0	M	8
Aurukun (S)	1	F	612
Aurukun (S)	1	M	608
Balonne (S)	0	F	140
Balonne (S)	0	M	129
Balonne (S)	1	F	1801
Balonne (S)	1	M	1908
Banana (S)	0	F	564
Banana (S)	0	M	611
Banana (S)	1	F	5760
Banana (S)	1	M	6081
Barcaldine (R)	0	F	91
Barcaldine (R)	0	M	74
Barcaldine (R)	1	F	1213
Barcaldine (R)	1	M	1240
Barcoo (S)	0	F	5
Barcoo (S)	0	M	3
Barcoo (S)	1	F	105
Barcoo (S)	1	M	132
Blackall-Tambo (R)	0	F	52
Blackall-Tambo (R)	0	M	37
Blackall-Tambo (R)	1	F	838
Blackall-Tambo (R)	1	M	849
Boulia (S)	0	F	18
Boulia (S)	0	M	7
Boulia (S)	1	F	146
Boulia (S)	1	M	175
Brisbane (C)	0	F	177769
Brisbane (C)	0	M	168577
Brisbane (C)	1	F	364182
Brisbane (C)	1	M	354980
Bulloo (S)	0	F	9
Bulloo (S)	0	M	13
Bulloo (S)	1	F	138
Bulloo (S)	1	M	156
Bundaberg (R)	0	F	5802
Bundaberg (R)	0	M	5305
Bundaberg (R)	1	F	37741
Bundaberg (R)	1	M	36729
Burdekin (S)	0	F	721
Burdekin (S)	0	M	702
Burdekin (S)	1	F	6984
Burdekin (S)	1	M	7238
Burke (S)	0	F	15
Burke (S)	0	M	8
Burke (S)	1	F	103
Burke (S)	1	M	135
Cairns (R)	0	F	18051
Cairns (R)	0	M	15646
Cairns (R)	1	F	53973
Cairns (R)	1	M	54043
Carpentaria (S)	0	F	75
Carpentaria (S)	0	M	69
Carpentaria (S)	1	F	777
Carpentaria (S)	1	M	818
Cassowary Coast (R)	0	F	2058
Cassowary Coast (R)	0	M	1940
Cassowary Coast (R)	1	F	10423
Cassowary Coast (R)	1	M	11178
Central Highlands (R) (Qld)	0	F	1513
Central Highlands (R) (Qld)	0	M	1525
Central Highlands (R) (Qld)	1	F	10127
Central Highlands (R) (Qld)	1	M	11108
Charters Towers (R)	0	F	371
Charters Towers (R)	0	M	295
Charters Towers (R)	1	F	4960
Charters Towers (R)	1	M	4938
Cherbourg (S)	0	F	3
Cherbourg (S)	0	M	3
Cherbourg (S)	1	F	628
Cherbourg (S)	1	M	621
Cloncurry (S)	0	F	118
Cloncurry (S)	0	M	146
Cloncurry (S)	1	F	1005
Cloncurry (S)	1	M	1297
Cook (S)	0	F	297
Cook (S)	0	M	285
Cook (S)	1	F	1366
Cook (S)	1	M	1604
Croydon (S)	0	F	9
Croydon (S)	1	F	100
Croydon (S)	1	M	96
Diamantina (S)	0	F	10
Diamantina (S)	0	M	8
Diamantina (S)	1	F	97
Diamantina (S)	1	M	119
Doomadgee (S)	0	F	7
Doomadgee (S)	0	M	17
Doomadgee (S)	1	F	679
Doomadgee (S)	1	M	684
Douglas (S)	0	F	1246
Douglas (S)	0	M	1110
Douglas (S)	1	F	3630
Douglas (S)	1	M	3982
Etheridge (S)	0	F	32
Etheridge (S)	0	M	24
Etheridge (S)	1	F	290
Etheridge (S)	1	M	361
Flinders (S) (Qld)	0	F	35
Flinders (S) (Qld)	0	M	36
Flinders (S) (Qld)	1	F	642
Flinders (S) (Qld)	1	M	659
Fraser Coast (R)	0	F	7575
Fraser Coast (R)	0	M	6581
Fraser Coast (R)	1	F	39967
Fraser Coast (R)	1	M	38906
Gladstone (R)	0	F	4436
Gladstone (R)	0	M	4483
Gladstone (R)	1	F	23206
Gladstone (R)	1	M	24545
Gold Coast (C)	0	F	82559
Gold Coast (C)	0	M	74625
Gold Coast (C)	1	F	181071
Gold Coast (C)	1	M	173936
Goondiwindi (R)	0	F	343
Goondiwindi (R)	0	M	290
Goondiwindi (R)	1	F	4375
Goondiwindi (R)	1	M	4437
Gympie (R)	0	F	2839
Gympie (R)	0	M	2496
Gympie (R)	1	F	19873
Gympie (R)	1	M	19806
Hinchinbrook (S)	0	F	553
Hinchinbrook (S)	0	M	497
Hinchinbrook (S)	1	F	4303
Hinchinbrook (S)	1	M	4579
Hope Vale (S)	0	F	3
Hope Vale (S)	0	M	13
Hope Vale (S)	1	F	410
Hope Vale (S)	1	M	472
Ipswich (C)	0	F	19950
Ipswich (C)	0	M	19060
Ipswich (C)	1	F	71241
Ipswich (C)	1	M	69998
Isaac (R)	0	F	1047
Isaac (R)	0	M	1048
Isaac (R)	1	F	7233
Isaac (R)	1	M	8374
Kowanyama (S)	0	F	8
Kowanyama (S)	0	M	10
Kowanyama (S)	1	F	482
Kowanyama (S)	1	M	440
Livingstone (S)	0	F	1919
Livingstone (S)	0	M	1733
Livingstone (S)	1	F	14306
Livingstone (S)	1	M	15098
Lockhart River (S)	0	F	5
Lockhart River (S)	0	M	4
Lockhart River (S)	1	F	340
Lockhart River (S)	1	M	336
Lockyer Valley (R)	0	F	2598
Lockyer Valley (R)	0	M	2412
Lockyer Valley (R)	1	F	14937
Lockyer Valley (R)	1	M	15240
Logan (C)	0	F	42522
Logan (C)	0	M	40356
Logan (C)	1	F	100419
Logan (C)	1	M	99239
Longreach (R)	0	F	140
Longreach (R)	0	M	115
Longreach (R)	1	F	1536
Longreach (R)	1	M	1497
Mackay (R)	0	F	6999
Mackay (R)	0	M	6470
Mackay (R)	1	F	45503
Mackay (R)	1	M	46104
McKinlay (S)	0	F	24
McKinlay (S)	0	M	32
McKinlay (S)	1	F	307
McKinlay (S)	1	M	361
Mapoon (S)	0	M	3
Mapoon (S)	1	F	159
Mapoon (S)	1	M	144
Maranoa (R)	0	F	446
Maranoa (R)	0	M	453
Maranoa (R)	1	F	5077
Maranoa (R)	1	M	5320
Mareeba (S)	0	F	1842
Mareeba (S)	0	M	1733
Mareeba (S)	1	F	7224
Mareeba (S)	1	M	8324
Moreton Bay (R)	0	F	43400
Moreton Bay (R)	0	M	39996
Moreton Bay (R)	1	F	160475
Moreton Bay (R)	1	M	155584
Mornington (S)	0	F	17
Mornington (S)	0	M	18
Mornington (S)	1	F	534
Mornington (S)	1	M	533
Mount Isa (C)	0	F	1500
Mount Isa (C)	0	M	1513
Mount Isa (C)	1	F	6394
Mount Isa (C)	1	M	6916
Murweh (S)	0	F	158
Murweh (S)	0	M	132
Murweh (S)	1	F	1826
Murweh (S)	1	M	1827
Napranum (S)	0	F	6
Napranum (S)	0	M	9
Napranum (S)	1	F	450
Napranum (S)	1	M	476
Noosa (S)	0	F	5972
Noosa (S)	0	M	5299
Noosa (S)	1	F	19110
Noosa (S)	1	M	18275
North Burnett (R)	0	F	467
North Burnett (R)	0	M	510
North Burnett (R)	1	F	4046
North Burnett (R)	1	M	4125
Northern Peninsula Area (R)	0	F	37
Northern Peninsula Area (R)	0	M	46
Northern Peninsula Area (R)	1	F	1356
Northern Peninsula Area (R)	1	M	1276
Palm Island (S)	0	F	27
Palm Island (S)	0	M	13
Palm Island (S)	1	F	1191
Palm Island (S)	1	M	1174
Paroo (S)	0	F	33
Paroo (S)	0	M	37
Paroo (S)	1	F	719
Paroo (S)	1	M	705
Pormpuraaw (S)	0	F	18
Pormpuraaw (S)	0	M	12
Pormpuraaw (S)	1	F	350
Pormpuraaw (S)	1	M	353
Quilpie (S)	0	F	28
Quilpie (S)	0	M	25
Quilpie (S)	1	F	338
Quilpie (S)	1	M	385
Redland (C)	0	F	17208
Redland (C)	0	M	15994
Redland (C)	1	F	54120
Redland (C)	1	M	52487
Richmond (S)	0	F	32
Richmond (S)	0	M	13
Richmond (S)	1	F	312
Richmond (S)	1	M	352
Rockhampton (R)	0	F	3719
Rockhampton (R)	0	M	3777
Rockhampton (R)	1	F	33647
Rockhampton (R)	1	M	32307
Scenic Rim (R)	0	F	2977
Scenic Rim (R)	0	M	2743
Scenic Rim (R)	1	F	15558
Scenic Rim (R)	1	M	15244
Somerset (R)	0	F	1482
Somerset (R)	0	M	1491
Somerset (R)	1	F	9599
Somerset (R)	1	M	9700
South Burnett (R)	0	F	1574
South Burnett (R)	0	M	1393
South Burnett (R)	1	F	13176
South Burnett (R)	1	M	13329
Southern Downs (R)	0	F	1904
Southern Downs (R)	0	M	1737
Southern Downs (R)	1	F	14624
Southern Downs (R)	1	M	14277
Sunshine Coast (R)	0	F	30542
Sunshine Coast (R)	0	M	27013
Sunshine Coast (R)	1	F	112385
Sunshine Coast (R)	1	M	105731
Tablelands (R)	0	F	1652
Tablelands (R)	0	M	1463
Tablelands (R)	1	F	9686
Tablelands (R)	1	M	9517
Toowoomba (R)	0	F	9630
Toowoomba (R)	0	M	9170
Toowoomba (R)	1	F	67049
Toowoomba (R)	1	M	63190
Torres (S)	0	F	128
Torres (S)	0	M	118
Torres (S)	1	F	1447
Torres (S)	1	M	1430
Torres Strait Island (R)	0	F	87
Torres Strait Island (R)	0	M	95
Torres Strait Island (R)	1	F	2088
Torres Strait Island (R)	1	M	2146
Townsville (C)	0	F	13360
Townsville (C)	0	M	12228
Townsville (C)	1	F	73347
Townsville (C)	1	M	73400
Weipa (T)	0	F	202
Weipa (T)	0	M	195
Weipa (T)	1	F	1404
Weipa (T)	1	M	1669
Western Downs (R)	0	F	1185
Western Downs (R)	0	M	1202
Western Downs (R)	1	F	13218
Western Downs (R)	1	M	13807
Whitsunday (R)	0	F	2738
Whitsunday (R)	0	M	2448
Whitsunday (R)	1	F	11401
Whitsunday (R)	1	M	12452
Winton (S)	0	F	30
Winton (S)	0	M	29
Winton (S)	1	F	458
Winton (S)	1	M	485
Woorabinda (S)	0	F	4
Woorabinda (S)	0	M	7
Woorabinda (S)	1	F	471
Woorabinda (S)	1	M	449
Wujal Wujal (S)	0	M	4
Wujal Wujal (S)	1	F	149
Wujal Wujal (S)	1	M	130
Yarrabah (S)	0	M	3
Yarrabah (S)	1	F	1270
Yarrabah (S)	1	M	1270
No usual address (Qld)	0	F	1575
No usual address (Qld)	0	M	1580
No usual address (Qld)	1	F	3164
No usual address (Qld)	1	M	4186
Migratory - Offshore - Shipping (Qld)	0	F	20
Migratory - Offshore - Shipping (Qld)	0	M	18
Migratory - Offshore - Shipping (Qld)	1	F	50
Migratory - Offshore - Shipping (Qld)	1	M	43
Adelaide (C)	0	F	4952
Adelaide (C)	0	M	4819
Adelaide (C)	1	F	4793
Adelaide (C)	1	M	5250
Adelaide Hills (DC)	0	F	3345
Adelaide Hills (DC)	0	M	3235
Adelaide Hills (DC)	1	F	15171
Adelaide Hills (DC)	1	M	15057
Alexandrina (DC)	0	F	2161
Alexandrina (DC)	0	M	2025
Alexandrina (DC)	1	F	10172
Alexandrina (DC)	1	M	9638
Anangu Pitjantjatjara (AC)	0	F	25
Anangu Pitjantjatjara (AC)	0	M	39
Anangu Pitjantjatjara (AC)	1	F	1090
Anangu Pitjantjatjara (AC)	1	M	985
Barossa (DC)	0	F	1416
Barossa (DC)	0	M	1278
Barossa (DC)	1	F	9777
Barossa (DC)	1	M	9646
Barunga West (DC)	0	F	110
Barunga West (DC)	0	M	84
Barunga West (DC)	1	F	1022
Barunga West (DC)	1	M	1092
Berri and Barmera (DC)	0	F	643
Berri and Barmera (DC)	0	M	599
Berri and Barmera (DC)	1	F	4201
Berri and Barmera (DC)	1	M	4247
Burnside (C)	0	F	7131
Burnside (C)	0	M	6256
Burnside (C)	1	F	15060
Burnside (C)	1	M	13573
Campbelltown (C) (SA)	0	F	8855
Campbelltown (C) (SA)	0	M	8255
Campbelltown (C) (SA)	1	F	15904
Campbelltown (C) (SA)	1	M	15158
Ceduna (DC)	0	F	119
Ceduna (DC)	0	M	106
Ceduna (DC)	1	F	1384
Ceduna (DC)	1	M	1395
Charles Sturt (C)	0	F	16045
Charles Sturt (C)	0	M	14743
Charles Sturt (C)	1	F	37967
Charles Sturt (C)	1	M	36810
Clare and Gilbert Valleys (DC)	0	F	444
Clare and Gilbert Valleys (DC)	0	M	405
Clare and Gilbert Valleys (DC)	1	F	3742
Clare and Gilbert Valleys (DC)	1	M	3748
Cleve (DC)	0	F	41
Cleve (DC)	0	M	35
Cleve (DC)	1	F	736
Cleve (DC)	1	M	818
Coober Pedy (DC)	0	F	199
Coober Pedy (DC)	0	M	257
Coober Pedy (DC)	1	F	453
Coober Pedy (DC)	1	M	556
Copper Coast (DC)	0	F	678
Copper Coast (DC)	0	M	613
Copper Coast (DC)	1	F	5746
Copper Coast (DC)	1	M	5798
Elliston (DC)	0	F	35
Elliston (DC)	0	M	23
Elliston (DC)	1	F	418
Elliston (DC)	1	M	498
Flinders Ranges (DC)	0	F	63
Flinders Ranges (DC)	0	M	53
Flinders Ranges (DC)	1	F	706
Flinders Ranges (DC)	1	M	692
Franklin Harbour (DC)	0	F	37
Franklin Harbour (DC)	0	M	36
Franklin Harbour (DC)	1	F	512
Franklin Harbour (DC)	1	M	574
Gawler (T)	0	F	2178
Gawler (T)	0	M	1889
Gawler (T)	1	F	9054
Gawler (T)	1	M	8523
Goyder (DC)	0	F	206
Goyder (DC)	0	M	203
Goyder (DC)	1	F	1679
Goyder (DC)	1	M	1696
Grant (DC)	0	F	271
Grant (DC)	0	M	328
Grant (DC)	1	F	3141
Grant (DC)	1	M	3887
Holdfast Bay (C)	0	F	4159
Holdfast Bay (C)	0	M	3742
Holdfast Bay (C)	1	F	13162
Holdfast Bay (C)	1	M	12069
Kangaroo Island (DC)	0	F	333
Kangaroo Island (DC)	0	M	284
Kangaroo Island (DC)	1	F	1726
Kangaroo Island (DC)	1	M	1853
Karoonda East Murray (DC)	0	F	40
Karoonda East Murray (DC)	0	M	30
Karoonda East Murray (DC)	1	F	447
Karoonda East Murray (DC)	1	M	489
Kimba (DC)	0	F	23
Kimba (DC)	0	M	19
Kimba (DC)	1	F	456
Kimba (DC)	1	M	481
Kingston (DC) (SA)	0	F	85
Kingston (DC) (SA)	0	M	54
Kingston (DC) (SA)	1	F	944
Kingston (DC) (SA)	1	M	1066
Light (RegC)	0	F	882
Light (RegC)	0	M	846
Light (RegC)	1	F	6028
Light (RegC)	1	M	6156
Lower Eyre Peninsula (DC)	0	F	185
Lower Eyre Peninsula (DC)	0	M	176
Lower Eyre Peninsula (DC)	1	F	2169
Lower Eyre Peninsula (DC)	1	M	2537
Loxton Waikerie (DC)	0	F	506
Loxton Waikerie (DC)	0	M	427
Loxton Waikerie (DC)	1	F	4824
Loxton Waikerie (DC)	1	M	4877
Mallala (DC)	0	F	573
Mallala (DC)	0	M	572
Mallala (DC)	1	F	3350
Mallala (DC)	1	M	3622
Maralinga Tjarutja (AC)	1	F	22
Maralinga Tjarutja (AC)	1	M	21
Marion (C)	0	F	12734
Marion (C)	0	M	11503
Marion (C)	1	F	31133
Marion (C)	1	M	29106
Mid Murray (DC)	0	F	445
Mid Murray (DC)	0	M	472
Mid Murray (DC)	1	F	3187
Mid Murray (DC)	1	M	3756
Mitcham (C)	0	F	7680
Mitcham (C)	0	M	6957
Mitcham (C)	1	F	24537
Mitcham (C)	1	M	23010
Mount Barker (DC)	0	F	2482
Mount Barker (DC)	0	M	2171
Mount Barker (DC)	1	F	13623
Mount Barker (DC)	1	M	13097
Mount Gambier (C)	0	F	1518
Mount Gambier (C)	0	M	1326
Mount Gambier (C)	1	F	11151
Mount Gambier (C)	1	M	10640
Mount Remarkable (DC)	0	F	103
Mount Remarkable (DC)	0	M	99
Mount Remarkable (DC)	1	F	1169
Mount Remarkable (DC)	1	M	1240
Murray Bridge (RC)	0	F	1497
Murray Bridge (RC)	0	M	1568
Murray Bridge (RC)	1	F	8122
Murray Bridge (RC)	1	M	8147
Naracoorte and Lucindale (DC)	0	F	475
Naracoorte and Lucindale (DC)	0	M	649
Naracoorte and Lucindale (DC)	1	F	3267
Naracoorte and Lucindale (DC)	1	M	3392
Northern Areas (DC)	0	F	163
Northern Areas (DC)	0	M	147
Northern Areas (DC)	1	F	1892
Northern Areas (DC)	1	M	1991
Norwood Payneham St Peters (C)	0	F	5670
Norwood Payneham St Peters (C)	0	M	5043
Norwood Payneham St Peters (C)	1	F	11839
Norwood Payneham St Peters (C)	1	M	11043
Onkaparinga (C)	0	F	18433
Onkaparinga (C)	0	M	16877
Onkaparinga (C)	1	F	61823
Onkaparinga (C)	1	M	60102
Orroroo/Carrieton (DC)	0	F	44
Orroroo/Carrieton (DC)	0	M	25
Orroroo/Carrieton (DC)	1	F	355
Orroroo/Carrieton (DC)	1	M	375
Peterborough (DC)	0	F	86
Peterborough (DC)	0	M	93
Peterborough (DC)	1	F	684
Peterborough (DC)	1	M	661
Playford (C)	0	F	9800
Playford (C)	0	M	9144
Playford (C)	1	F	31901
Playford (C)	1	M	31703
Port Adelaide Enfield (C)	0	F	20356
Port Adelaide Enfield (C)	0	M	20107
Port Adelaide Enfield (C)	1	F	37189
Port Adelaide Enfield (C)	1	M	36506
Port Augusta (C)	0	F	471
Port Augusta (C)	0	M	475
Port Augusta (C)	1	F	5665
Port Augusta (C)	1	M	5892
Port Lincoln (C)	0	F	635
Port Lincoln (C)	0	M	529
Port Lincoln (C)	1	F	5906
Port Lincoln (C)	1	M	5806
Port Pirie City and Dists (M)	0	F	716
Port Pirie City and Dists (M)	0	M	630
Port Pirie City and Dists (M)	1	F	7550
Port Pirie City and Dists (M)	1	M	7310
Prospect (C)	0	F	2692
Prospect (C)	0	M	2808
Prospect (C)	1	F	7052
Prospect (C)	1	M	6990
Renmark Paringa (DC)	0	F	649
Renmark Paringa (DC)	0	M	625
Renmark Paringa (DC)	1	F	3684
Renmark Paringa (DC)	1	M	3675
Robe (DC)	0	F	61
Robe (DC)	0	M	58
Robe (DC)	1	F	548
Robe (DC)	1	M	585
Roxby Downs (M)	0	F	226
Roxby Downs (M)	0	M	284
Roxby Downs (M)	1	F	1310
Roxby Downs (M)	1	M	1694
Salisbury (C)	0	F	21919
Salisbury (C)	0	M	20966
Salisbury (C)	1	F	43529
Salisbury (C)	1	M	43958
Southern Mallee (DC)	0	F	101
Southern Mallee (DC)	0	M	117
Southern Mallee (DC)	1	F	793
Southern Mallee (DC)	1	M	826
Streaky Bay (DC)	0	F	55
Streaky Bay (DC)	0	M	48
Streaky Bay (DC)	1	F	845
Streaky Bay (DC)	1	M	963
Tatiara (DC)	0	F	300
Tatiara (DC)	0	M	370
Tatiara (DC)	1	F	2543
Tatiara (DC)	1	M	2782
Tea Tree Gully (C)	0	F	12151
Tea Tree Gully (C)	0	M	11184
Tea Tree Gully (C)	1	F	35734
Tea Tree Gully (C)	1	M	34776
The Coorong (DC)	0	F	241
The Coorong (DC)	0	M	204
The Coorong (DC)	1	F	2175
The Coorong (DC)	1	M	2330
Tumby Bay (DC)	0	F	70
Tumby Bay (DC)	0	M	70
Tumby Bay (DC)	1	F	1173
Tumby Bay (DC)	1	M	1123
Unley (C)	0	F	4944
Unley (C)	0	M	4407
Unley (C)	1	F	14079
Unley (C)	1	M	12478
Victor Harbor (C)	0	F	1522
Victor Harbor (C)	0	M	1264
Victor Harbor (C)	1	F	5757
Victor Harbor (C)	1	M	5192
Wakefield (DC)	0	F	340
Wakefield (DC)	0	M	360
Wakefield (DC)	1	F	2757
Wakefield (DC)	1	M	2862
Walkerville (M)	0	F	1108
Walkerville (M)	0	M	970
Walkerville (M)	1	F	2558
Walkerville (M)	1	M	2500
Wattle Range (DC)	0	F	516
Wattle Range (DC)	0	M	453
Wattle Range (DC)	1	F	4840
Wattle Range (DC)	1	M	4971
West Torrens (C)	0	F	9072
West Torrens (C)	0	M	8672
West Torrens (C)	1	F	19031
West Torrens (C)	1	M	18084
Whyalla (C)	0	F	2075
Whyalla (C)	0	M	1942
Whyalla (C)	1	F	7967
Whyalla (C)	1	M	8129
Wudinna (DC)	0	F	32
Wudinna (DC)	0	M	22
Wudinna (DC)	1	F	527
Wudinna (DC)	1	M	565
Yankalilla (DC)	0	F	480
Yankalilla (DC)	0	M	432
Yankalilla (DC)	1	F	1951
Yankalilla (DC)	1	M	1920
Yorke Peninsula (DC)	0	F	525
Yorke Peninsula (DC)	0	M	503
Yorke Peninsula (DC)	1	F	4483
Yorke Peninsula (DC)	1	M	4810
Unincorporated SA	0	F	125
Unincorporated SA	0	M	208
Unincorporated SA	1	F	1033
Unincorporated SA	1	M	1600
No usual address (SA)	0	F	235
No usual address (SA)	0	M	366
No usual address (SA)	1	F	748
No usual address (SA)	1	M	1137
Migratory - Offshore - Shipping (SA)	0	M	3
Albany (C)	0	F	3644
Albany (C)	0	M	3285
Albany (C)	1	F	13631
Albany (C)	1	M	13560
Armadale (C)	0	F	14084
Armadale (C)	0	M	13473
Armadale (C)	1	F	23325
Armadale (C)	1	M	23399
Ashburton (S)	0	F	760
Ashburton (S)	0	M	2703
Ashburton (S)	1	F	2383
Ashburton (S)	1	M	4939
Augusta-Margaret River (S)	0	F	1607
Augusta-Margaret River (S)	0	M	1407
Augusta-Margaret River (S)	1	F	4882
Augusta-Margaret River (S)	1	M	5006
Bassendean (T)	0	F	2237
Bassendean (T)	0	M	2088
Bassendean (T)	1	F	4940
Bassendean (T)	1	M	4867
Bayswater (C)	0	F	12864
Bayswater (C)	0	M	12480
Bayswater (C)	1	F	17494
Bayswater (C)	1	M	17558
Belmont (C)	0	F	7868
Belmont (C)	0	M	8204
Belmont (C)	1	F	9589
Belmont (C)	1	M	9878
Beverley (S)	0	F	151
Beverley (S)	0	M	146
Beverley (S)	1	F	592
Beverley (S)	1	M	618
Boddington (S)	0	F	157
Boddington (S)	0	M	167
Boddington (S)	1	F	643
Boddington (S)	1	M	708
Boyup Brook (S)	0	F	114
Boyup Brook (S)	0	M	115
Boyup Brook (S)	1	F	652
Boyup Brook (S)	1	M	663
Bridgetown-Greenbushes (S)	0	F	539
Bridgetown-Greenbushes (S)	0	M	517
Bridgetown-Greenbushes (S)	1	F	1637
Bridgetown-Greenbushes (S)	1	M	1557
Brookton (S)	0	F	50
Brookton (S)	0	M	56
Brookton (S)	1	F	369
Brookton (S)	1	M	376
Broome (S)	0	F	1252
Broome (S)	0	M	1163
Broome (S)	1	F	5832
Broome (S)	1	M	5959
Broomehill-Tambellup (S)	0	F	64
Broomehill-Tambellup (S)	0	M	46
Broomehill-Tambellup (S)	1	F	428
Broomehill-Tambellup (S)	1	M	454
Bruce Rock (S)	0	F	59
Bruce Rock (S)	0	M	60
Bruce Rock (S)	1	F	354
Bruce Rock (S)	1	M	374
Bunbury (C)	0	F	3450
Bunbury (C)	0	M	3127
Bunbury (C)	1	F	11515
Bunbury (C)	1	M	11227
Busselton (C)	0	F	3502
Busselton (C)	0	M	3183
Busselton (C)	1	F	13912
Busselton (C)	1	M	13310
Cambridge (T)	0	F	4048
Cambridge (T)	0	M	3762
Cambridge (T)	1	F	8910
Cambridge (T)	1	M	8638
Canning (C)	0	F	22488
Canning (C)	0	M	22859
Canning (C)	1	F	20200
Canning (C)	1	M	20110
Capel (S)	0	F	1925
Capel (S)	0	M	1810
Capel (S)	1	F	6274
Capel (S)	1	M	6007
Carnamah (S)	0	F	42
Carnamah (S)	0	M	39
Carnamah (S)	1	F	185
Carnamah (S)	1	M	218
Carnarvon (S)	0	F	497
Carnarvon (S)	0	M	461
Carnarvon (S)	1	F	1703
Carnarvon (S)	1	M	1918
Chapman Valley (S)	0	F	91
Chapman Valley (S)	0	M	88
Chapman Valley (S)	1	F	513
Chapman Valley (S)	1	M	519
Chittering (S)	0	F	668
Chittering (S)	0	M	601
Chittering (S)	1	F	1756
Chittering (S)	1	M	1894
Claremont (T)	0	F	1540
Claremont (T)	0	M	1446
Claremont (T)	1	F	3232
Claremont (T)	1	M	3079
Cockburn (C)	0	F	18260
Cockburn (C)	0	M	17476
Cockburn (C)	1	F	31271
Cockburn (C)	1	M	30597
Collie (S)	0	F	517
Collie (S)	0	M	467
Collie (S)	1	F	3404
Collie (S)	1	M	3524
Coolgardie (S)	0	F	321
Coolgardie (S)	0	M	347
Coolgardie (S)	1	F	1128
Coolgardie (S)	1	M	1283
Coorow (S)	0	F	58
Coorow (S)	0	M	57
Coorow (S)	1	F	370
Coorow (S)	1	M	465
Corrigin (S)	0	F	69
Corrigin (S)	0	M	49
Corrigin (S)	1	F	411
Corrigin (S)	1	M	476
Cottesloe (T)	0	F	981
Cottesloe (T)	0	M	915
Cottesloe (T)	1	F	2626
Cottesloe (T)	1	M	2549
Cranbrook (S)	0	F	87
Cranbrook (S)	0	M	88
Cranbrook (S)	1	F	386
Cranbrook (S)	1	M	410
Cuballing (S)	0	F	46
Cuballing (S)	0	M	59
Cuballing (S)	1	F	301
Cuballing (S)	1	M	325
Cue (S)	0	F	14
Cue (S)	0	M	18
Cue (S)	1	F	53
Cue (S)	1	M	59
Cunderdin (S)	0	F	129
Cunderdin (S)	0	M	118
Cunderdin (S)	1	F	458
Cunderdin (S)	1	M	609
Dalwallinu (S)	0	F	127
Dalwallinu (S)	0	M	129
Dalwallinu (S)	1	F	448
Dalwallinu (S)	1	M	566
Dandaragan (S)	0	F	218
Dandaragan (S)	0	M	218
Dandaragan (S)	1	F	1125
Dandaragan (S)	1	M	1306
Dardanup (S)	0	F	1198
Dardanup (S)	0	M	1136
Dardanup (S)	1	F	5435
Dardanup (S)	1	M	5280
Denmark (S)	0	F	698
Denmark (S)	0	M	633
Denmark (S)	1	F	1933
Denmark (S)	1	M	1956
Derby-West Kimberley (S)	0	F	303
Derby-West Kimberley (S)	0	M	312
Derby-West Kimberley (S)	1	F	3178
Derby-West Kimberley (S)	1	M	3277
Donnybrook-Balingup (S)	0	F	530
Donnybrook-Balingup (S)	0	M	489
Donnybrook-Balingup (S)	1	F	2123
Donnybrook-Balingup (S)	1	M	2102
Dowerin (S)	0	F	34
Dowerin (S)	0	M	21
Dowerin (S)	1	F	279
Dowerin (S)	1	M	298
Dumbleyung (S)	0	F	32
Dumbleyung (S)	0	M	36
Dumbleyung (S)	1	F	251
Dumbleyung (S)	1	M	273
Dundas (S)	0	F	79
Dundas (S)	0	M	83
Dundas (S)	1	F	210
Dundas (S)	1	M	259
East Fremantle (T)	0	F	893
East Fremantle (T)	0	M	847
East Fremantle (T)	1	F	2685
East Fremantle (T)	1	M	2434
East Pilbara (S)	0	F	650
East Pilbara (S)	0	M	1462
East Pilbara (S)	1	F	2366
East Pilbara (S)	1	M	4083
Esperance (S)	0	F	951
Esperance (S)	0	M	818
Esperance (S)	1	F	5285
Esperance (S)	1	M	5410
Exmouth (S)	0	F	229
Exmouth (S)	0	M	219
Exmouth (S)	1	F	937
Exmouth (S)	1	M	1060
Fremantle (C)	0	F	4521
Fremantle (C)	0	M	4194
Fremantle (C)	1	F	9101
Fremantle (C)	1	M	8454
Gingin (S)	0	F	607
Gingin (S)	0	M	619
Gingin (S)	1	F	1624
Gingin (S)	1	M	1761
Gnowangerup (S)	0	F	86
Gnowangerup (S)	0	M	83
Gnowangerup (S)	1	F	418
Gnowangerup (S)	1	M	489
Goomalling (S)	0	F	56
Goomalling (S)	0	M	50
Goomalling (S)	1	F	405
Goomalling (S)	1	M	408
Gosnells (C)	0	F	25471
Gosnells (C)	0	M	25623
Gosnells (C)	1	F	29468
Gosnells (C)	1	M	30976
Greater Geraldton (C)	0	F	3009
Greater Geraldton (C)	0	M	2694
Greater Geraldton (C)	1	F	14822
Greater Geraldton (C)	1	M	14732
Halls Creek (S)	0	F	83
Halls Creek (S)	0	M	101
Halls Creek (S)	1	F	1383
Halls Creek (S)	1	M	1300
Harvey (S)	0	F	2591
Harvey (S)	0	M	2495
Harvey (S)	1	F	9650
Harvey (S)	1	M	9687
Irwin (S)	0	F	260
Irwin (S)	0	M	224
Irwin (S)	1	F	1370
Irwin (S)	1	M	1418
Jerramungup (S)	0	F	69
Jerramungup (S)	0	M	56
Jerramungup (S)	1	F	361
Jerramungup (S)	1	M	465
Joondalup (C)	0	F	29761
Joondalup (C)	0	M	28674
Joondalup (C)	1	F	45061
Joondalup (C)	1	M	44452
Kalamunda (S)	0	F	8656
Kalamunda (S)	0	M	8037
Kalamunda (S)	1	F	18649
Kalamunda (S)	1	M	18612
Kalgoorlie/Boulder (C)	0	F	3498
Kalgoorlie/Boulder (C)	0	M	3660
Kalgoorlie/Boulder (C)	1	F	9454
Kalgoorlie/Boulder (C)	1	M	10300
Karratha (C)	0	F	2017
Karratha (C)	0	M	2410
Karratha (C)	1	F	6468
Karratha (C)	1	M	7829
Katanning (S)	0	F	401
Katanning (S)	0	M	437
Katanning (S)	1	F	1337
Katanning (S)	1	M	1388
Kellerberrin (S)	0	F	76
Kellerberrin (S)	0	M	63
Kellerberrin (S)	1	F	466
Kellerberrin (S)	1	M	484
Kent (S)	0	F	27
Kent (S)	0	M	16
Kent (S)	1	F	182
Kent (S)	1	M	247
Kojonup (S)	0	F	132
Kojonup (S)	0	M	117
Kojonup (S)	1	F	743
Kojonup (S)	1	M	781
Kondinin (S)	0	F	58
Kondinin (S)	0	M	66
Kondinin (S)	1	F	301
Kondinin (S)	1	M	371
Koorda (S)	0	F	26
Koorda (S)	0	M	20
Koorda (S)	1	F	158
Koorda (S)	1	M	181
Kulin (S)	0	F	36
Kulin (S)	0	M	34
Kulin (S)	1	F	300
Kulin (S)	1	M	330
Kwinana (C)	0	F	6659
Kwinana (C)	0	M	6730
Kwinana (C)	1	F	10858
Kwinana (C)	1	M	11684
Lake Grace (S)	0	F	73
Lake Grace (S)	0	M	67
Lake Grace (S)	1	F	466
Lake Grace (S)	1	M	530
Laverton (S)	0	F	47
Laverton (S)	0	M	187
Laverton (S)	1	F	266
Laverton (S)	1	M	444
Leonora (S)	0	F	89
Leonora (S)	0	M	165
Leonora (S)	1	F	325
Leonora (S)	1	M	487
Mandurah (C)	0	F	11725
Mandurah (C)	0	M	10495
Mandurah (C)	1	F	27097
Mandurah (C)	1	M	25792
Manjimup (S)	0	F	712
Manjimup (S)	0	M	674
Manjimup (S)	1	F	3383
Manjimup (S)	1	M	3504
Meekatharra (S)	0	F	52
Meekatharra (S)	0	M	97
Meekatharra (S)	1	F	269
Meekatharra (S)	1	M	398
Melville (C)	0	F	17719
Melville (C)	0	M	16088
Melville (C)	1	F	30692
Melville (C)	1	M	28885
Menzies (S)	0	F	17
Menzies (S)	0	M	57
Menzies (S)	1	F	142
Menzies (S)	1	M	211
Merredin (S)	0	F	202
Merredin (S)	0	M	316
Merredin (S)	1	F	1252
Merredin (S)	1	M	1301
Mingenew (S)	0	F	19
Mingenew (S)	0	M	21
Mingenew (S)	1	F	157
Mingenew (S)	1	M	212
Moora (S)	0	F	127
Moora (S)	0	M	130
Moora (S)	1	F	890
Moora (S)	1	M	982
Morawa (S)	0	F	35
Morawa (S)	0	M	37
Morawa (S)	1	F	278
Morawa (S)	1	M	325
Mosman Park (T)	0	F	1512
Mosman Park (T)	0	M	1284
Mosman Park (T)	1	F	2816
Mosman Park (T)	1	M	2408
Mount Magnet (S)	0	F	35
Mount Magnet (S)	0	M	30
Mount Magnet (S)	1	F	130
Mount Magnet (S)	1	M	164
Mount Marshall (S)	0	F	26
Mount Marshall (S)	0	M	26
Mount Marshall (S)	1	F	191
Mount Marshall (S)	1	M	233
Mukinbudin (S)	0	F	27
Mukinbudin (S)	0	M	30
Mukinbudin (S)	1	F	208
Mukinbudin (S)	1	M	238
Mundaring (S)	0	F	4529
Mundaring (S)	0	M	4731
Mundaring (S)	1	F	12715
Mundaring (S)	1	M	14059
Murchison (S)	0	F	6
Murchison (S)	0	M	3
Murchison (S)	1	F	44
Murchison (S)	1	M	48
Murray (S)	0	F	1530
Murray (S)	0	M	1468
Murray (S)	1	F	6091
Murray (S)	1	M	6095
Nannup (S)	0	F	142
Nannup (S)	0	M	136
Nannup (S)	1	F	438
Nannup (S)	1	M	480
Narembeen (S)	0	F	61
Narembeen (S)	0	M	42
Narembeen (S)	1	F	299
Narembeen (S)	1	M	331
Narrogin (S)	0	F	406
Narrogin (S)	0	M	337
Narrogin (S)	1	F	1907
Narrogin (S)	1	M	1865
Nedlands (C)	0	F	3475
Nedlands (C)	0	M	3235
Nedlands (C)	1	F	6741
Nedlands (C)	1	M	6700
Ngaanyatjarraku (S)	0	F	33
Ngaanyatjarraku (S)	0	M	28
Ngaanyatjarraku (S)	1	F	733
Ngaanyatjarraku (S)	1	M	699
Northam (S)	0	F	959
Northam (S)	0	M	1256
Northam (S)	1	F	3875
Northam (S)	1	M	3869
Northampton (S)	0	F	224
Northampton (S)	0	M	180
Northampton (S)	1	F	1175
Northampton (S)	1	M	1331
Nungarin (S)	0	F	15
Nungarin (S)	0	M	20
Nungarin (S)	1	F	101
Nungarin (S)	1	M	102
Peppermint Grove (S)	0	F	235
Peppermint Grove (S)	0	M	186
Peppermint Grove (S)	1	F	644
Peppermint Grove (S)	1	M	456
Perenjori (S)	0	F	26
Perenjori (S)	0	M	54
Perenjori (S)	1	F	174
Perenjori (S)	1	M	290
Perth (C)	0	F	5761
Perth (C)	0	M	5946
Perth (C)	1	F	2907
Perth (C)	1	M	3588
Pingelly (S)	0	F	77
Pingelly (S)	0	M	80
Pingelly (S)	1	F	417
Pingelly (S)	1	M	435
Plantagenet (S)	0	F	490
Plantagenet (S)	0	M	488
Plantagenet (S)	1	F	1752
Plantagenet (S)	1	M	1874
Port Hedland (T)	0	F	1416
Port Hedland (T)	0	M	1541
Port Hedland (T)	1	F	4226
Port Hedland (T)	1	M	4913
Quairading (S)	0	F	58
Quairading (S)	0	M	55
Quairading (S)	1	F	397
Quairading (S)	1	M	370
Ravensthorpe (S)	0	F	146
Ravensthorpe (S)	0	M	147
Ravensthorpe (S)	1	F	546
Ravensthorpe (S)	1	M	667
Rockingham (C)	0	F	20347
Rockingham (C)	0	M	19304
Rockingham (C)	1	F	38213
Rockingham (C)	1	M	37572
Sandstone (S)	0	F	4
Sandstone (S)	0	M	6
Sandstone (S)	1	F	26
Sandstone (S)	1	M	35
Serpentine-Jarrahdale (S)	0	F	3420
Serpentine-Jarrahdale (S)	0	M	3371
Serpentine-Jarrahdale (S)	1	F	8999
Serpentine-Jarrahdale (S)	1	M	9335
Shark Bay (S)	0	F	87
Shark Bay (S)	0	M	89
Shark Bay (S)	1	F	306
Shark Bay (S)	1	M	363
South Perth (C)	0	F	7780
South Perth (C)	0	M	7354
South Perth (C)	1	F	12171
South Perth (C)	1	M	11757
Stirling (C)	0	F	40460
Stirling (C)	0	M	38902
Stirling (C)	1	F	59829
Stirling (C)	1	M	56702
Subiaco (C)	0	F	3910
Subiaco (C)	0	M	3837
Subiaco (C)	1	F	5339
Subiaco (C)	1	M	4922
Swan (C)	0	F	22480
Swan (C)	0	M	21572
Swan (C)	1	F	40311
Swan (C)	1	M	40253
Tammin (S)	0	F	20
Tammin (S)	0	M	24
Tammin (S)	1	F	142
Tammin (S)	1	M	165
Three Springs (S)	0	F	54
Three Springs (S)	0	M	48
Three Springs (S)	1	F	212
Three Springs (S)	1	M	236
Toodyay (S)	0	F	475
Toodyay (S)	0	M	474
Toodyay (S)	1	F	1480
Toodyay (S)	1	M	1509
Trayning (S)	0	F	19
Trayning (S)	0	M	21
Trayning (S)	1	F	107
Trayning (S)	1	M	136
Upper Gascoyne (S)	0	F	8
Upper Gascoyne (S)	0	M	13
Upper Gascoyne (S)	1	F	103
Upper Gascoyne (S)	1	M	131
Victoria Park (T)	0	F	7022
Victoria Park (T)	0	M	7002
Victoria Park (T)	1	F	9009
Victoria Park (T)	1	M	8829
Victoria Plains (S)	0	F	74
Victoria Plains (S)	0	M	67
Victoria Plains (S)	1	F	309
Victoria Plains (S)	1	M	365
Vincent (C)	0	F	5902
Vincent (C)	0	M	5747
Vincent (C)	1	F	9563
Vincent (C)	1	M	9563
Wagin (S)	0	F	139
Wagin (S)	0	M	114
Wagin (S)	1	F	695
Wagin (S)	1	M	690
Wandering (S)	0	F	31
Wandering (S)	0	M	26
Wandering (S)	1	F	160
Wandering (S)	1	M	175
Wanneroo (C)	0	F	39393
Wanneroo (C)	0	M	37738
Wanneroo (C)	1	F	49887
Wanneroo (C)	1	M	49203
Waroona (S)	0	F	366
Waroona (S)	0	M	315
Waroona (S)	1	F	1451
Waroona (S)	1	M	1492
West Arthur (S)	0	F	48
West Arthur (S)	0	M	34
West Arthur (S)	1	F	308
West Arthur (S)	1	M	343
Westonia (S)	0	F	21
Westonia (S)	0	M	28
Westonia (S)	1	F	84
Westonia (S)	1	M	124
Wickepin (S)	0	F	39
Wickepin (S)	0	M	25
Wickepin (S)	1	F	281
Wickepin (S)	1	M	322
Williams (S)	0	F	45
Williams (S)	0	M	47
Williams (S)	1	F	373
Williams (S)	1	M	415
Wiluna (S)	0	F	36
Wiluna (S)	0	M	123
Wiluna (S)	1	F	169
Wiluna (S)	1	M	288
Wongan-Ballidu (S)	0	F	77
Wongan-Ballidu (S)	0	M	100
Wongan-Ballidu (S)	1	F	511
Wongan-Ballidu (S)	1	M	576
Woodanilling (S)	0	F	28
Woodanilling (S)	0	M	20
Woodanilling (S)	1	F	149
Woodanilling (S)	1	M	174
Wyalkatchem (S)	0	F	30
Wyalkatchem (S)	0	M	24
Wyalkatchem (S)	1	F	179
Wyalkatchem (S)	1	M	205
Wyndham-East Kimberley (S)	0	F	497
Wyndham-East Kimberley (S)	0	M	437
Wyndham-East Kimberley (S)	1	F	2646
Wyndham-East Kimberley (S)	1	M	2630
Yalgoo (S)	0	F	9
Yalgoo (S)	0	M	44
Yalgoo (S)	1	F	83
Yalgoo (S)	1	M	127
Yilgarn (S)	0	F	68
Yilgarn (S)	0	M	109
Yilgarn (S)	1	F	336
Yilgarn (S)	1	M	503
York (S)	0	F	308
York (S)	0	M	288
York (S)	1	F	1271
York (S)	1	M	1311
No usual address (WA)	0	F	634
No usual address (WA)	0	M	851
No usual address (WA)	1	F	1378
No usual address (WA)	1	M	2138
Migratory - Offshore - Shipping (WA)	0	F	9
Migratory - Offshore - Shipping (WA)	0	M	164
Migratory - Offshore - Shipping (WA)	1	F	16
Migratory - Offshore - Shipping (WA)	1	M	177
Break O'Day (M)	0	F	412
Break O'Day (M)	0	M	354
Break O'Day (M)	1	F	2328
Break O'Day (M)	1	M	2426
Brighton (M)	0	F	390
Brighton (M)	0	M	385
Brighton (M)	1	F	7359
Brighton (M)	1	M	7041
Burnie (C)	0	F	797
Burnie (C)	0	M	769
Burnie (C)	1	F	8361
Burnie (C)	1	M	7695
Central Coast (M) (Tas.)	0	F	978
Central Coast (M) (Tas.)	0	M	866
Central Coast (M) (Tas.)	1	F	9210
Central Coast (M) (Tas.)	1	M	8759
Central Highlands (M) (Tas.)	0	F	92
Central Highlands (M) (Tas.)	0	M	97
Central Highlands (M) (Tas.)	1	F	821
Central Highlands (M) (Tas.)	1	M	936
Circular Head (M)	0	F	316
Circular Head (M)	0	M	332
Circular Head (M)	1	F	3184
Circular Head (M)	1	M	3337
Clarence (C)	0	F	2884
Clarence (C)	0	M	2714
Clarence (C)	1	F	23795
Clarence (C)	1	M	22432
Derwent Valley (M)	0	F	343
Derwent Valley (M)	0	M	374
Derwent Valley (M)	1	F	4202
Derwent Valley (M)	1	M	4214
Devonport (C)	0	F	1123
Devonport (C)	0	M	961
Devonport (C)	1	F	11015
Devonport (C)	1	M	9918
Dorset (M)	0	F	262
Dorset (M)	0	M	262
Dorset (M)	1	F	2743
Dorset (M)	1	M	2736
Flinders (M) (Tas.)	0	F	47
Flinders (M) (Tas.)	0	M	38
Flinders (M) (Tas.)	1	F	336
Flinders (M) (Tas.)	1	M	407
George Town (M)	0	F	355
George Town (M)	0	M	369
George Town (M)	1	F	2698
George Town (M)	1	M	2656
Glamorgan/Spring Bay (M)	0	F	235
Glamorgan/Spring Bay (M)	0	M	216
Glamorgan/Spring Bay (M)	1	F	1690
Glamorgan/Spring Bay (M)	1	M	1796
Glenorchy (C)	0	F	3046
Glenorchy (C)	0	M	2744
Glenorchy (C)	1	F	18958
Glenorchy (C)	1	M	17951
Hobart (C)	0	F	5903
Hobart (C)	0	M	5573
Hobart (C)	1	F	18439
Hobart (C)	1	M	17428
Huon Valley (M)	0	F	1171
Huon Valley (M)	0	M	1196
Huon Valley (M)	1	F	6260
Huon Valley (M)	1	M	6204
Kentish (M)	0	F	364
Kentish (M)	0	M	360
Kentish (M)	1	F	2362
Kentish (M)	1	M	2497
King Island (M)	0	F	93
King Island (M)	0	M	100
King Island (M)	1	F	607
King Island (M)	1	M	641
Kingborough (M)	0	F	3149
Kingborough (M)	0	M	2806
Kingborough (M)	1	F	14471
Kingborough (M)	1	M	13613
Latrobe (M) (Tas.)	0	F	480
Latrobe (M) (Tas.)	0	M	446
Latrobe (M) (Tas.)	1	F	4563
Latrobe (M) (Tas.)	1	M	4417
Launceston (C)	0	F	4121
Launceston (C)	0	M	4062
Launceston (C)	1	F	26901
Launceston (C)	1	M	25069
Meander Valley (M)	0	F	1014
Meander Valley (M)	0	M	907
Meander Valley (M)	1	F	8096
Meander Valley (M)	1	M	7843
Northern Midlands (M)	0	F	542
Northern Midlands (M)	0	M	486
Northern Midlands (M)	1	F	5318
Northern Midlands (M)	1	M	5285
Sorell (M)	0	F	632
Sorell (M)	0	M	588
Sorell (M)	1	F	6112
Sorell (M)	1	M	6041
Southern Midlands (M)	0	F	172
Southern Midlands (M)	0	M	173
Southern Midlands (M)	1	F	2466
Southern Midlands (M)	1	M	2652
Tasman (M)	0	F	128
Tasman (M)	0	M	133
Tasman (M)	1	F	855
Tasman (M)	1	M	925
Waratah/Wynyard (M)	0	F	684
Waratah/Wynyard (M)	0	M	577
Waratah/Wynyard (M)	1	F	5669
Waratah/Wynyard (M)	1	M	5596
West Coast (M)	0	F	167
West Coast (M)	0	M	190
West Coast (M)	1	F	1637
West Coast (M)	1	M	1761
West Tamar (M)	0	F	1609
West Tamar (M)	0	M	1493
West Tamar (M)	1	F	9200
West Tamar (M)	1	M	8855
No usual address (Tas.)	0	F	66
No usual address (Tas.)	0	M	72
No usual address (Tas.)	1	F	286
No usual address (Tas.)	1	M	376
Migratory - Offshore - Shipping (Tas.)	0	F	3
Migratory - Offshore - Shipping (Tas.)	0	M	15
Migratory - Offshore - Shipping (Tas.)	1	F	16
Migratory - Offshore - Shipping (Tas.)	1	M	28
Alice Springs (T)	0	F	2977
Alice Springs (T)	0	M	2822
Alice Springs (T)	1	F	8123
Alice Springs (T)	1	M	7811
Barkly (R)	0	F	255
Barkly (R)	0	M	248
Barkly (R)	1	F	2758
Barkly (R)	1	M	2891
Belyuen (S)	1	F	71
Belyuen (S)	1	M	90
Central Desert (R)	0	F	49
Central Desert (R)	0	M	61
Central Desert (R)	1	F	1758
Central Desert (R)	1	M	1632
Coomalie (S)	0	F	80
Coomalie (S)	0	M	77
Coomalie (S)	1	F	417
Coomalie (S)	1	M	457
Darwin (C)	0	F	12500
Darwin (C)	0	M	12459
Darwin (C)	1	F	21703
Darwin (C)	1	M	23248
East Arnhem (R)	0	F	67
East Arnhem (R)	0	M	74
East Arnhem (R)	1	F	4388
East Arnhem (R)	1	M	4322
Katherine (T)	0	F	596
Katherine (T)	0	M	563
Katherine (T)	1	F	3149
Katherine (T)	1	M	3429
Litchfield (M)	0	F	1325
Litchfield (M)	0	M	1706
Litchfield (M)	1	F	7049
Litchfield (M)	1	M	9810
MacDonnell (R)	0	F	81
MacDonnell (R)	0	M	85
MacDonnell (R)	1	F	2594
MacDonnell (R)	1	M	2839
Palmerston (C)	0	F	3608
Palmerston (C)	0	M	3240
Palmerston (C)	1	F	11623
Palmerston (C)	1	M	12228
Roper Gulf (R)	0	F	101
Roper Gulf (R)	0	M	104
Roper Gulf (R)	1	F	2896
Roper Gulf (R)	1	M	2994
Tiwi Islands (R)	0	F	30
Tiwi Islands (R)	0	M	44
Tiwi Islands (R)	1	F	1172
Tiwi Islands (R)	1	M	1152
Victoria Daly (R)	0	F	51
Victoria Daly (R)	0	M	44
Victoria Daly (R)	1	F	1125
Victoria Daly (R)	1	M	1191
Wagait (S)	0	F	36
Wagait (S)	0	M	45
Wagait (S)	1	F	173
Wagait (S)	1	M	176
West Arnhem (R)	0	F	134
West Arnhem (R)	0	M	119
West Arnhem (R)	1	F	2684
West Arnhem (R)	1	M	2797
West Daly (R)	0	F	15
West Daly (R)	0	M	23
West Daly (R)	1	F	1530
West Daly (R)	1	M	1469
Unincorporated NT	0	F	646
Unincorporated NT	0	M	699
Unincorporated NT	1	F	2002
Unincorporated NT	1	M	2384
No usual address (NT)	0	F	209
No usual address (NT)	0	M	191
No usual address (NT)	1	F	630
No usual address (NT)	1	M	750
Migratory - Offshore - Shipping (NT)	0	F	3
Migratory - Offshore - Shipping (NT)	0	M	47
Migratory - Offshore - Shipping (NT)	1	F	7
Migratory - Offshore - Shipping (NT)	1	M	10
Unincorporated ACT	0	F	54483
Unincorporated ACT	0	M	50552
Unincorporated ACT	1	F	135878
Unincorporated ACT	1	M	133811
No usual address (ACT)	0	F	65
No usual address (ACT)	0	M	58
No usual address (ACT)	1	F	144
No usual address (ACT)	1	M	209
Unincorp. Other Territories	0	F	632
Unincorp. Other Territories	0	M	822
Unincorp. Other Territories	1	F	1202
Unincorp. Other Territories	1	M	1300
No usual address (OT)	0	F	17
No usual address (OT)	0	M	9
No usual address (OT)	1	F	15
No usual address (OT)	1	M	14
Migratory - Offshore - Shipping (OT)	1	M	3
