LGA_NAME16	OnlyEnglishSpokenHome	Sex	persons
Albury (C)	0	F	1808
Albury (C)	0	M	1634
Albury (C)	1	F	22839
Albury (C)	1	M	21282
Armidale Regional (A)	0	F	1192
Armidale Regional (A)	0	M	1142
Armidale Regional (A)	1	F	12911
Armidale Regional (A)	1	M	12024
Ballina (A)	0	F	832
Ballina (A)	0	M	749
Ballina (A)	1	F	19268
Ballina (A)	1	M	17944
Balranald (A)	0	F	80
Balranald (A)	0	M	70
Balranald (A)	1	F	915
Balranald (A)	1	M	984
Bathurst Regional (A)	0	F	839
Bathurst Regional (A)	0	M	853
Bathurst Regional (A)	1	F	18308
Bathurst Regional (A)	1	M	17597
Bega Valley (A)	0	F	560
Bega Valley (A)	0	M	445
Bega Valley (A)	1	F	15172
Bega Valley (A)	1	M	14594
Bellingen (A)	0	F	223
Bellingen (A)	0	M	179
Bellingen (A)	1	F	5904
Bellingen (A)	1	M	5548
Berrigan (A)	0	F	135
Berrigan (A)	0	M	126
Berrigan (A)	1	F	3690
Berrigan (A)	1	M	3685
Blacktown (C)	0	F	70635
Blacktown (C)	0	M	67664
Blacktown (C)	1	F	90305
Blacktown (C)	1	M	90618
Bland (A)	0	F	76
Bland (A)	0	M	58
Bland (A)	1	F	2550
Bland (A)	1	M	2562
Blayney (A)	0	F	58
Blayney (A)	0	M	53
Blayney (A)	1	F	3351
Blayney (A)	1	M	3299
Blue Mountains (C)	0	F	2539
Blue Mountains (C)	0	M	2164
Blue Mountains (C)	1	F	35456
Blue Mountains (C)	1	M	33240
Bogan (A)	0	F	32
Bogan (A)	0	M	35
Bogan (A)	1	F	1168
Bogan (A)	1	M	1166
Botany Bay (C)	0	F	10825
Botany Bay (C)	0	M	9962
Botany Bay (C)	1	F	11159
Botany Bay (C)	1	M	11780
Bourke (A)	0	F	37
Bourke (A)	0	M	25
Bourke (A)	1	F	1045
Bourke (A)	1	M	1005
Brewarrina (A)	0	F	40
Brewarrina (A)	0	M	26
Brewarrina (A)	1	F	698
Brewarrina (A)	1	M	715
Broken Hill (C)	0	F	234
Broken Hill (C)	0	M	215
Broken Hill (C)	1	F	8047
Broken Hill (C)	1	M	7659
Burwood (A)	0	F	12382
Burwood (A)	0	M	11041
Burwood (A)	1	F	5704
Burwood (A)	1	M	5855
Byron (A)	0	F	1165
Byron (A)	0	M	970
Byron (A)	1	F	13235
Byron (A)	1	M	12316
Cabonne (A)	0	F	158
Cabonne (A)	0	M	113
Cabonne (A)	1	F	6098
Cabonne (A)	1	M	6104
Camden (A)	0	F	5877
Camden (A)	0	M	5395
Camden (A)	1	F	32244
Camden (A)	1	M	31229
Campbelltown (C) (NSW)	0	F	24614
Campbelltown (C) (NSW)	0	M	23101
Campbelltown (C) (NSW)	1	F	50658
Campbelltown (C) (NSW)	1	M	49505
Canada Bay (A)	0	F	19129
Canada Bay (A)	0	M	16830
Canada Bay (A)	1	F	23959
Canada Bay (A)	1	M	23080
Canterbury-Bankstown (A)	0	F	105668
Canterbury-Bankstown (A)	0	M	102656
Canterbury-Bankstown (A)	1	F	58494
Canterbury-Bankstown (A)	1	M	59442
Carrathool (A)	0	F	81
Carrathool (A)	0	M	85
Carrathool (A)	1	F	1118
Carrathool (A)	1	M	1216
Central Coast (C) (NSW)	0	F	10407
Central Coast (C) (NSW)	0	M	8810
Central Coast (C) (NSW)	1	F	148827
Central Coast (C) (NSW)	1	M	140949
Central Darling (A)	0	F	23
Central Darling (A)	0	M	31
Central Darling (A)	1	F	710
Central Darling (A)	1	M	774
Cessnock (C)	0	F	568
Cessnock (C)	0	M	488
Cessnock (C)	1	F	25398
Cessnock (C)	1	M	24446
Clarence Valley (A)	0	F	603
Clarence Valley (A)	0	M	481
Clarence Valley (A)	1	F	23150
Clarence Valley (A)	1	M	22600
Cobar (A)	0	F	105
Cobar (A)	0	M	83
Cobar (A)	1	F	1894
Cobar (A)	1	M	2014
Coffs Harbour (C)	0	F	2898
Coffs Harbour (C)	0	M	2561
Coffs Harbour (C)	1	F	32028
Coffs Harbour (C)	1	M	30227
Coolamon (A)	0	F	25
Coolamon (A)	0	M	31
Coolamon (A)	1	F	1909
Coolamon (A)	1	M	1911
Coonamble (A)	0	F	26
Coonamble (A)	0	M	24
Coonamble (A)	1	F	1647
Coonamble (A)	1	M	1619
Cowra (A)	0	F	173
Cowra (A)	0	M	151
Cowra (A)	1	F	5590
Cowra (A)	1	M	5499
Cumberland (A)	0	F	68644
Cumberland (A)	0	M	73163
Cumberland (A)	1	F	30561
Cumberland (A)	1	M	31839
Dungog (A)	0	F	38
Dungog (A)	0	M	42
Dungog (A)	1	F	4140
Dungog (A)	1	M	4143
Edward River (A)	0	F	143
Edward River (A)	0	M	147
Edward River (A)	1	F	3933
Edward River (A)	1	M	3783
Eurobodalla (A)	0	F	734
Eurobodalla (A)	0	M	662
Eurobodalla (A)	1	F	16849
Eurobodalla (A)	1	M	16200
Fairfield (C)	0	F	72872
Fairfield (C)	0	M	67842
Fairfield (C)	1	F	23650
Fairfield (C)	1	M	25698
Federation (A)	0	F	125
Federation (A)	0	M	120
Federation (A)	1	F	5543
Federation (A)	1	M	5497
Forbes (A)	0	F	107
Forbes (A)	0	M	92
Forbes (A)	1	F	4258
Forbes (A)	1	M	4280
Georges River (A)	0	F	40887
Georges River (A)	0	M	37739
Georges River (A)	1	F	31125
Georges River (A)	1	M	31034
Gilgandra (A)	0	F	40
Gilgandra (A)	0	M	46
Gilgandra (A)	1	F	1933
Gilgandra (A)	1	M	1880
Glen Innes Severn (A)	0	F	102
Glen Innes Severn (A)	0	M	84
Glen Innes Severn (A)	1	F	3918
Glen Innes Severn (A)	1	M	3722
Goulburn Mulwaree (A)	0	F	709
Goulburn Mulwaree (A)	0	M	696
Goulburn Mulwaree (A)	1	F	12978
Goulburn Mulwaree (A)	1	M	12764
Greater Hume Shire (A)	0	F	108
Greater Hume Shire (A)	0	M	101
Greater Hume Shire (A)	1	F	4729
Greater Hume Shire (A)	1	M	4769
Griffith (C)	0	F	2651
Griffith (C)	0	M	2700
Griffith (C)	1	F	8980
Griffith (C)	1	M	8883
Gundagai (A)	0	F	116
Gundagai (A)	0	M	108
Gundagai (A)	1	F	5145
Gundagai (A)	1	M	5009
Gunnedah (A)	0	F	147
Gunnedah (A)	0	M	124
Gunnedah (A)	1	F	5496
Gunnedah (A)	1	M	5501
Gwydir (A)	0	F	28
Gwydir (A)	0	M	35
Gwydir (A)	1	F	2327
Gwydir (A)	1	M	2352
Hawkesbury (C)	0	F	2008
Hawkesbury (C)	0	M	1846
Hawkesbury (C)	1	F	28772
Hawkesbury (C)	1	M	28235
Hay (A)	0	F	55
Hay (A)	0	M	56
Hay (A)	1	F	1236
Hay (A)	1	M	1244
Hilltops (A)	0	F	313
Hilltops (A)	0	M	321
Hilltops (A)	1	F	8473
Hilltops (A)	1	M	8150
Hornsby (A)	0	F	23425
Hornsby (A)	0	M	20952
Hornsby (A)	1	F	46905
Hornsby (A)	1	M	46258
Hunters Hill (A)	0	F	1485
Hunters Hill (A)	0	M	1236
Hunters Hill (A)	1	F	5160
Hunters Hill (A)	1	M	5370
Inner West (A)	0	F	27312
Inner West (A)	0	M	24401
Inner West (A)	1	F	59576
Inner West (A)	1	M	57710
Inverell (A)	0	F	278
Inverell (A)	0	M	241
Inverell (A)	1	F	7479
Inverell (A)	1	M	7177
Junee (A)	0	F	77
Junee (A)	0	M	116
Junee (A)	1	F	2398
Junee (A)	1	M	2359
Kempsey (A)	0	F	366
Kempsey (A)	0	M	283
Kempsey (A)	1	F	12766
Kempsey (A)	1	M	12489
Kiama (A)	0	F	496
Kiama (A)	0	M	435
Kiama (A)	1	F	9753
Kiama (A)	1	M	9455
Ku-ring-gai (A)	0	F	17796
Ku-ring-gai (A)	0	M	14957
Ku-ring-gai (A)	1	F	41346
Ku-ring-gai (A)	1	M	39729
Kyogle (A)	0	F	130
Kyogle (A)	0	M	106
Kyogle (A)	1	F	3896
Kyogle (A)	1	M	3979
Lachlan (A)	0	F	71
Lachlan (A)	0	M	63
Lachlan (A)	1	F	2702
Lachlan (A)	1	M	2663
Lake Macquarie (C)	0	F	4710
Lake Macquarie (C)	0	M	4041
Lake Macquarie (C)	1	F	91960
Lake Macquarie (C)	1	M	88140
Lane Cove (A)	0	F	5118
Lane Cove (A)	0	M	4401
Lane Cove (A)	1	F	12403
Lane Cove (A)	1	M	12498
Leeton (A)	0	F	381
Leeton (A)	0	M	435
Leeton (A)	1	F	4753
Leeton (A)	1	M	4615
Lismore (C)	0	F	1078
Lismore (C)	0	M	911
Lismore (C)	1	F	19353
Lismore (C)	1	M	18405
Lithgow (C)	0	F	388
Lithgow (C)	0	M	342
Lithgow (C)	1	F	8976
Lithgow (C)	1	M	8929
Liverpool (C)	0	F	54554
Liverpool (C)	0	M	51535
Liverpool (C)	1	F	41627
Liverpool (C)	1	M	42886
Liverpool Plains (A)	0	F	46
Liverpool Plains (A)	0	M	45
Liverpool Plains (A)	1	F	3422
Liverpool Plains (A)	1	M	3488
Lockhart (A)	0	F	24
Lockhart (A)	0	M	14
Lockhart (A)	1	F	1411
Lockhart (A)	1	M	1408
Maitland (C)	0	F	1647
Maitland (C)	0	M	1413
Maitland (C)	1	F	36002
Maitland (C)	1	M	34388
Mid-Coast (A)	0	F	1278
Mid-Coast (A)	0	M	1081
Mid-Coast (A)	1	F	41746
Mid-Coast (A)	1	M	39904
Mid-Western Regional (A)	0	F	342
Mid-Western Regional (A)	0	M	312
Mid-Western Regional (A)	1	F	10456
Mid-Western Regional (A)	1	M	10588
Moree Plains (A)	0	F	228
Moree Plains (A)	0	M	233
Moree Plains (A)	1	F	5502
Moree Plains (A)	1	M	5574
Mosman (A)	0	F	2421
Mosman (A)	0	M	1887
Mosman (A)	1	F	11847
Mosman (A)	1	M	10350
Murray River (A)	0	F	146
Murray River (A)	0	M	149
Murray River (A)	1	F	5279
Murray River (A)	1	M	5204
Murrumbidgee (A)	0	F	65
Murrumbidgee (A)	0	M	62
Murrumbidgee (A)	1	F	1561
Murrumbidgee (A)	1	M	1746
Muswellbrook (A)	0	F	284
Muswellbrook (A)	0	M	280
Muswellbrook (A)	1	F	7046
Muswellbrook (A)	1	M	7137
Nambucca (A)	0	F	261
Nambucca (A)	0	M	191
Nambucca (A)	1	F	8794
Nambucca (A)	1	M	8483
Narrabri (A)	0	F	111
Narrabri (A)	0	M	113
Narrabri (A)	1	F	5710
Narrabri (A)	1	M	5711
Narrandera (A)	0	F	73
Narrandera (A)	0	M	73
Narrandera (A)	1	F	2576
Narrandera (A)	1	M	2518
Narromine (A)	0	F	43
Narromine (A)	0	M	31
Narromine (A)	1	F	2877
Narromine (A)	1	M	2879
Newcastle (C)	0	F	7944
Newcastle (C)	0	M	7441
Newcastle (C)	1	F	66642
Newcastle (C)	1	M	65165
North Sydney (A)	0	F	8367
North Sydney (A)	0	M	6686
North Sydney (A)	1	F	24722
North Sydney (A)	1	M	22717
Northern Beaches (A)	0	F	20579
Northern Beaches (A)	0	M	17627
Northern Beaches (A)	1	F	102131
Northern Beaches (A)	1	M	99645
Oberon (A)	0	F	95
Oberon (A)	0	M	86
Oberon (A)	1	F	2199
Oberon (A)	1	M	2262
Orange (C)	0	F	1245
Orange (C)	0	M	1157
Orange (C)	1	F	18229
Orange (C)	1	M	17181
Parkes (A)	0	F	205
Parkes (A)	0	M	205
Parkes (A)	1	F	6575
Parkes (A)	1	M	6354
Parramatta (C)	0	F	59671
Parramatta (C)	0	M	57944
Parramatta (C)	1	F	46912
Parramatta (C)	1	M	47422
Penrith (C)	0	F	17208
Penrith (C)	0	M	15873
Penrith (C)	1	F	76355
Penrith (C)	1	M	74940
Port Macquarie-Hastings (A)	0	F	1305
Port Macquarie-Hastings (A)	0	M	1095
Port Macquarie-Hastings (A)	1	F	37077
Port Macquarie-Hastings (A)	1	M	34182
Port Stephens (A)	0	F	1238
Port Stephens (A)	0	M	1128
Port Stephens (A)	1	F	31456
Port Stephens (A)	1	M	30751
Queanbeyan-Palerang Regional (A)	0	F	3459
Queanbeyan-Palerang Regional (A)	0	M	3333
Queanbeyan-Palerang Regional (A)	1	F	22479
Queanbeyan-Palerang Regional (A)	1	M	22736
Randwick (C)	0	F	23700
Randwick (C)	0	M	21416
Randwick (C)	1	F	42778
Randwick (C)	1	M	41174
Richmond Valley (A)	0	F	225
Richmond Valley (A)	0	M	170
Richmond Valley (A)	1	F	10376
Richmond Valley (A)	1	M	10252
Rockdale (C)	0	F	31574
Rockdale (C)	0	M	29975
Rockdale (C)	1	F	20419
Rockdale (C)	1	M	20739
Ryde (C)	0	F	29455
Ryde (C)	0	M	26447
Ryde (C)	1	F	27807
Ryde (C)	1	M	27639
Shellharbour (C)	0	F	3754
Shellharbour (C)	0	M	3356
Shellharbour (C)	1	F	29553
Shellharbour (C)	1	M	28396
Shoalhaven (C)	0	F	2155
Shoalhaven (C)	0	M	1855
Shoalhaven (C)	1	F	44802
Shoalhaven (C)	1	M	43345
Singleton (A)	0	F	367
Singleton (A)	0	M	349
Singleton (A)	1	F	10106
Singleton (A)	1	M	10492
Snowy Monaro Regional (A)	0	F	563
Snowy Monaro Regional (A)	0	M	502
Snowy Monaro Regional (A)	1	F	8388
Snowy Monaro Regional (A)	1	M	8900
Snowy Valleys (A)	0	F	253
Snowy Valleys (A)	0	M	252
Snowy Valleys (A)	1	F	6227
Snowy Valleys (A)	1	M	6250
Strathfield (A)	0	F	13048
Strathfield (A)	0	M	12824
Strathfield (A)	1	F	5627
Strathfield (A)	1	M	6164
Sutherland Shire (A)	0	F	15175
Sutherland Shire (A)	0	M	13241
Sutherland Shire (A)	1	F	92291
Sutherland Shire (A)	1	M	89331
Sydney (C)	0	F	39813
Sydney (C)	0	M	35573
Sydney (C)	1	F	49236
Sydney (C)	1	M	58048
Tamworth Regional (A)	0	F	1053
Tamworth Regional (A)	0	M	1187
Tamworth Regional (A)	1	F	27309
Tamworth Regional (A)	1	M	25623
Temora (A)	0	F	58
Temora (A)	0	M	75
Temora (A)	1	F	2860
Temora (A)	1	M	2790
Tenterfield (A)	0	F	84
Tenterfield (A)	0	M	78
Tenterfield (A)	1	F	2915
Tenterfield (A)	1	M	2817
The Hills Shire (A)	0	F	26166
The Hills Shire (A)	0	M	23942
The Hills Shire (A)	1	F	51301
The Hills Shire (A)	1	M	51288
Tweed (A)	0	F	2145
Tweed (A)	0	M	1703
Tweed (A)	1	F	41831
Tweed (A)	1	M	39229
Upper Hunter Shire (A)	0	F	210
Upper Hunter Shire (A)	0	M	210
Upper Hunter Shire (A)	1	F	6298
Upper Hunter Shire (A)	1	M	6140
Upper Lachlan Shire (A)	0	F	63
Upper Lachlan Shire (A)	0	M	61
Upper Lachlan Shire (A)	1	F	3430
Upper Lachlan Shire (A)	1	M	3531
Uralla (A)	0	F	55
Uralla (A)	0	M	47
Uralla (A)	1	F	2872
Uralla (A)	1	M	2690
Wagga Wagga (C)	0	F	1997
Wagga Wagga (C)	0	M	2135
Wagga Wagga (C)	1	F	28150
Wagga Wagga (C)	1	M	26558
Walcha (A)	0	F	27
Walcha (A)	0	M	15
Walcha (A)	1	F	1345
Walcha (A)	1	M	1358
Walgett (A)	0	F	147
Walgett (A)	0	M	178
Walgett (A)	1	F	2389
Walgett (A)	1	M	2659
Warren (A)	0	F	29
Warren (A)	0	M	21
Warren (A)	1	F	1195
Warren (A)	1	M	1211
Warrumbungle Shire (A)	0	F	87
Warrumbungle Shire (A)	0	M	106
Warrumbungle Shire (A)	1	F	4105
Warrumbungle Shire (A)	1	M	4076
Waverley (A)	0	F	7603
Waverley (A)	0	M	6415
Waverley (A)	1	F	23185
Waverley (A)	1	M	22682
Weddin (A)	0	F	25
Weddin (A)	0	M	20
Weddin (A)	1	F	1639
Weddin (A)	1	M	1641
Wentworth (A)	0	F	99
Wentworth (A)	0	M	103
Wentworth (A)	1	F	2838
Wentworth (A)	1	M	3004
Western Plains Regional (A)	0	F	1230
Western Plains Regional (A)	0	M	1119
Western Plains Regional (A)	1	F	22281
Western Plains Regional (A)	1	M	20962
Willoughby (C)	0	F	16429
Willoughby (C)	0	M	13473
Willoughby (C)	1	F	20351
Willoughby (C)	1	M	20515
Wingecarribee (A)	0	F	1429
Wingecarribee (A)	0	M	1274
Wingecarribee (A)	1	F	22088
Wingecarribee (A)	1	M	20181
Wollondilly (A)	0	F	1434
Wollondilly (A)	0	M	1340
Wollondilly (A)	1	F	21653
Wollondilly (A)	1	M	21576
Wollongong (C)	0	F	17607
Wollongong (C)	0	M	16686
Wollongong (C)	1	F	80512
Wollongong (C)	1	M	78780
Woollahra (A)	0	F	4625
Woollahra (A)	0	M	3756
Woollahra (A)	1	F	21799
Woollahra (A)	1	M	19239
Yass Valley (A)	0	F	288
Yass Valley (A)	0	M	284
Yass Valley (A)	1	F	7417
Yass Valley (A)	1	M	7136
Unincorporated NSW	0	F	8
Unincorporated NSW	0	M	18
Unincorporated NSW	1	F	426
Unincorporated NSW	1	M	475
No usual address (NSW)	0	F	821
No usual address (NSW)	0	M	997
No usual address (NSW)	1	F	3038
No usual address (NSW)	1	M	4175
Migratory - Offshore - Shipping (NSW)	0	F	55
Migratory - Offshore - Shipping (NSW)	0	M	36
Migratory - Offshore - Shipping (NSW)	1	F	154
Migratory - Offshore - Shipping (NSW)	1	M	119
Alpine (S)	0	F	504
Alpine (S)	0	M	442
Alpine (S)	1	F	5261
Alpine (S)	1	M	5122
Ararat (RC)	0	F	232
Ararat (RC)	0	M	197
Ararat (RC)	1	F	4823
Ararat (RC)	1	M	4873
Ballarat (C)	0	F	2827
Ballarat (C)	0	M	2670
Ballarat (C)	1	F	46783
Ballarat (C)	1	M	43217
Banyule (C)	0	F	13967
Banyule (C)	0	M	12461
Banyule (C)	1	F	45811
Banyule (C)	1	M	44089
Bass Coast (S)	0	F	809
Bass Coast (S)	0	M	771
Bass Coast (S)	1	F	14893
Bass Coast (S)	1	M	13954
Baw Baw (S)	0	F	1016
Baw Baw (S)	0	M	911
Baw Baw (S)	1	F	22289
Baw Baw (S)	1	M	21069
Bayside (C)	0	F	7807
Bayside (C)	0	M	6420
Bayside (C)	1	F	40433
Bayside (C)	1	M	37437
Benalla (RC)	0	F	213
Benalla (RC)	0	M	185
Benalla (RC)	1	F	6365
Benalla (RC)	1	M	5982
Boroondara (C)	0	F	24482
Boroondara (C)	0	M	21098
Boroondara (C)	1	F	58665
Boroondara (C)	1	M	55226
Brimbank (C)	0	F	57366
Brimbank (C)	0	M	56095
Brimbank (C)	1	F	34067
Brimbank (C)	1	M	35236
Buloke (S)	0	F	83
Buloke (S)	0	M	77
Buloke (S)	1	F	2702
Buloke (S)	1	M	2766
Campaspe (S)	0	F	577
Campaspe (S)	0	M	519
Campaspe (S)	1	F	16751
Campaspe (S)	1	M	16430
Cardinia (S)	0	F	5485
Cardinia (S)	0	M	5091
Cardinia (S)	1	F	39659
Cardinia (S)	1	M	38665
Casey (C)	0	F	54113
Casey (C)	0	M	53161
Casey (C)	1	F	88822
Casey (C)	1	M	88442
Central Goldfields (S)	0	F	165
Central Goldfields (S)	0	M	159
Central Goldfields (S)	1	F	5944
Central Goldfields (S)	1	M	5811
Colac-Otway (S)	0	F	416
Colac-Otway (S)	0	M	466
Colac-Otway (S)	1	F	9356
Colac-Otway (S)	1	M	9287
Corangamite (S)	0	F	133
Corangamite (S)	0	M	129
Corangamite (S)	1	F	7219
Corangamite (S)	1	M	7296
Darebin (C)	0	F	27991
Darebin (C)	0	M	26348
Darebin (C)	1	F	42821
Darebin (C)	1	M	39798
East Gippsland (S)	0	F	848
East Gippsland (S)	0	M	737
East Gippsland (S)	1	F	20093
East Gippsland (S)	1	M	19468
Frankston (C)	0	F	8098
Frankston (C)	0	M	7144
Frankston (C)	1	F	56411
Frankston (C)	1	M	54206
Gannawarra (S)	0	F	105
Gannawarra (S)	0	M	102
Gannawarra (S)	1	F	4832
Gannawarra (S)	1	M	4756
Glen Eira (C)	0	F	23304
Glen Eira (C)	0	M	21066
Glen Eira (C)	1	F	46110
Glen Eira (C)	1	M	43829
Glenelg (S)	0	F	246
Glenelg (S)	0	M	202
Glenelg (S)	1	F	8793
Glenelg (S)	1	M	8755
Golden Plains (S)	0	F	327
Golden Plains (S)	0	M	328
Golden Plains (S)	1	F	9815
Golden Plains (S)	1	M	10119
Greater Bendigo (C)	0	F	2685
Greater Bendigo (C)	0	M	2416
Greater Bendigo (C)	1	F	50377
Greater Bendigo (C)	1	M	47486
Greater Dandenong (C)	0	F	48401
Greater Dandenong (C)	0	M	49617
Greater Dandenong (C)	1	F	21948
Greater Dandenong (C)	1	M	23403
Greater Geelong (C)	0	F	12742
Greater Geelong (C)	0	M	12064
Greater Geelong (C)	1	F	100530
Greater Geelong (C)	1	M	93631
Greater Shepparton (C)	0	F	4696
Greater Shepparton (C)	0	M	4692
Greater Shepparton (C)	1	F	24845
Greater Shepparton (C)	1	M	24189
Hepburn (S)	0	F	372
Hepburn (S)	0	M	343
Hepburn (S)	1	F	6840
Hepburn (S)	1	M	6391
Hindmarsh (S)	0	F	143
Hindmarsh (S)	0	M	162
Hindmarsh (S)	1	F	2522
Hindmarsh (S)	1	M	2516
Hobsons Bay (C)	0	F	13407
Hobsons Bay (C)	0	M	12355
Hobsons Bay (C)	1	F	29339
Hobsons Bay (C)	1	M	28894
Horsham (RC)	0	F	400
Horsham (RC)	0	M	345
Horsham (RC)	1	F	9129
Horsham (RC)	1	M	8700
Hume (C)	0	F	44591
Hume (C)	0	M	43962
Hume (C)	1	F	49014
Hume (C)	1	M	48583
Indigo (S)	0	F	205
Indigo (S)	0	M	150
Indigo (S)	1	F	7423
Indigo (S)	1	M	7049
Kingston (C) (Vic.)	0	F	20489
Kingston (C) (Vic.)	0	M	18861
Kingston (C) (Vic.)	1	F	53359
Kingston (C) (Vic.)	1	M	51052
Knox (C)	0	F	20401
Knox (C)	0	M	18421
Knox (C)	1	F	55447
Knox (C)	1	M	54043
Latrobe (C) (Vic.)	0	F	2559
Latrobe (C) (Vic.)	0	M	2283
Latrobe (C) (Vic.)	1	F	31948
Latrobe (C) (Vic.)	1	M	30643
Loddon (S)	0	F	113
Loddon (S)	0	M	116
Loddon (S)	1	F	3170
Loddon (S)	1	M	3309
Macedon Ranges (S)	0	F	1068
Macedon Ranges (S)	0	M	1000
Macedon Ranges (S)	1	F	20781
Macedon Ranges (S)	1	M	20241
Manningham (C)	0	F	26087
Manningham (C)	0	M	23317
Manningham (C)	1	F	31473
Manningham (C)	1	M	30858
Mansfield (S)	0	F	175
Mansfield (S)	0	M	166
Mansfield (S)	1	F	3822
Mansfield (S)	1	M	3768
Maribyrnong (C)	0	F	17207
Maribyrnong (C)	0	M	17238
Maribyrnong (C)	1	F	20879
Maribyrnong (C)	1	M	21164
Maroondah (C)	0	F	9778
Maroondah (C)	0	M	8950
Maroondah (C)	1	F	44768
Maroondah (C)	1	M	42250
Melbourne (C)	0	F	35323
Melbourne (C)	0	M	30122
Melbourne (C)	1	F	26927
Melbourne (C)	1	M	28079
Melton (C)	0	F	22465
Melton (C)	0	M	21121
Melton (C)	1	F	41820
Melton (C)	1	M	41164
Mildura (RC)	0	F	2576
Mildura (RC)	0	M	2547
Mildura (RC)	1	F	22633
Mildura (RC)	1	M	21652
Mitchell (S)	0	F	1448
Mitchell (S)	0	M	1499
Mitchell (S)	1	F	17237
Mitchell (S)	1	M	17450
Moira (S)	0	F	665
Moira (S)	0	M	670
Moira (S)	1	F	12850
Moira (S)	1	M	12705
Monash (C)	0	F	47365
Monash (C)	0	M	44184
Monash (C)	1	F	41442
Monash (C)	1	M	41500
Moonee Valley (C)	0	F	18546
Moonee Valley (C)	0	M	16167
Moonee Valley (C)	1	F	38277
Moonee Valley (C)	1	M	36940
Moorabool (S)	0	F	856
Moorabool (S)	0	M	838
Moorabool (S)	1	F	14228
Moorabool (S)	1	M	13931
Moreland (C)	0	F	31694
Moreland (C)	0	M	30344
Moreland (C)	1	F	46580
Moreland (C)	1	M	44447
Mornington Peninsula (S)	0	F	4464
Mornington Peninsula (S)	0	M	3937
Mornington Peninsula (S)	1	F	71089
Mornington Peninsula (S)	1	M	66706
Mount Alexander (S)	0	F	338
Mount Alexander (S)	0	M	297
Mount Alexander (S)	1	F	8232
Mount Alexander (S)	1	M	7709
Moyne (S)	0	F	196
Moyne (S)	0	M	156
Moyne (S)	1	F	7428
Moyne (S)	1	M	7463
Murrindindi (S)	0	F	223
Murrindindi (S)	0	M	215
Murrindindi (S)	1	F	5992
Murrindindi (S)	1	M	6164
Nillumbik (S)	0	F	2991
Nillumbik (S)	0	M	2645
Nillumbik (S)	1	F	26786
Nillumbik (S)	1	M	26381
Northern Grampians (S)	0	F	188
Northern Grampians (S)	0	M	178
Northern Grampians (S)	1	F	5171
Northern Grampians (S)	1	M	5090
Port Phillip (C)	0	F	11008
Port Phillip (C)	0	M	9754
Port Phillip (C)	1	F	35484
Port Phillip (C)	1	M	34474
Pyrenees (S)	0	F	80
Pyrenees (S)	0	M	74
Pyrenees (S)	1	F	3035
Pyrenees (S)	1	M	3087
Queenscliffe (B)	0	F	54
Queenscliffe (B)	0	M	33
Queenscliffe (B)	1	F	1356
Queenscliffe (B)	1	M	1181
South Gippsland (S)	0	F	522
South Gippsland (S)	0	M	449
South Gippsland (S)	1	F	12979
South Gippsland (S)	1	M	12534
Southern Grampians (S)	0	F	228
Southern Grampians (S)	0	M	195
Southern Grampians (S)	1	F	7479
Southern Grampians (S)	1	M	7121
Stonnington (C)	0	F	13101
Stonnington (C)	0	M	10965
Stonnington (C)	1	F	37507
Stonnington (C)	1	M	34713
Strathbogie (S)	0	F	188
Strathbogie (S)	0	M	158
Strathbogie (S)	1	F	4594
Strathbogie (S)	1	M	4512
Surf Coast (S)	0	F	621
Surf Coast (S)	0	M	559
Surf Coast (S)	1	F	13395
Surf Coast (S)	1	M	13175
Swan Hill (RC)	0	F	1147
Swan Hill (RC)	0	M	1229
Swan Hill (RC)	1	F	7892
Swan Hill (RC)	1	M	7822
Towong (S)	0	F	80
Towong (S)	0	M	75
Towong (S)	1	F	2622
Towong (S)	1	M	2773
Wangaratta (RC)	0	F	678
Wangaratta (RC)	0	M	625
Wangaratta (RC)	1	F	12865
Wangaratta (RC)	1	M	12051
Warrnambool (C)	0	F	733
Warrnambool (C)	0	M	730
Warrnambool (C)	1	F	15525
Warrnambool (C)	1	M	14294
Wellington (S)	0	F	853
Wellington (S)	0	M	765
Wellington (S)	1	F	18855
Wellington (S)	1	M	18503
West Wimmera (S)	0	F	39
West Wimmera (S)	0	M	40
West Wimmera (S)	1	F	1784
West Wimmera (S)	1	M	1825
Whitehorse (C)	0	F	31366
Whitehorse (C)	0	M	28137
Whitehorse (C)	1	F	49339
Whitehorse (C)	1	M	46903
Whittlesea (C)	0	F	44082
Whittlesea (C)	0	M	42892
Whittlesea (C)	1	F	51054
Whittlesea (C)	1	M	49942
Wodonga (C)	0	F	1237
Wodonga (C)	0	M	1125
Wodonga (C)	1	F	17614
Wodonga (C)	1	M	16964
Wyndham (C)	0	F	45032
Wyndham (C)	0	M	44139
Wyndham (C)	1	F	57528
Wyndham (C)	1	M	57803
Yarra (C)	0	F	10533
Yarra (C)	0	M	8785
Yarra (C)	1	F	30160
Yarra (C)	1	M	29411
Yarra Ranges (S)	0	F	5664
Yarra Ranges (S)	0	M	5041
Yarra Ranges (S)	1	F	66396
Yarra Ranges (S)	1	M	65158
Yarriambiack (S)	0	F	89
Yarriambiack (S)	0	M	77
Yarriambiack (S)	1	F	2916
Yarriambiack (S)	1	M	3030
Unincorporated Vic	0	F	60
Unincorporated Vic	0	M	47
Unincorporated Vic	1	F	231
Unincorporated Vic	1	M	305
No usual address (Vic.)	0	F	692
No usual address (Vic.)	0	M	698
No usual address (Vic.)	1	F	1835
No usual address (Vic.)	1	M	2372
Migratory - Offshore - Shipping (Vic.)	0	F	4
Migratory - Offshore - Shipping (Vic.)	0	M	7
Migratory - Offshore - Shipping (Vic.)	1	M	18
Aurukun (S)	0	F	566
Aurukun (S)	0	M	538
Aurukun (S)	1	F	56
Aurukun (S)	1	M	78
Balonne (S)	0	F	62
Balonne (S)	0	M	67
Balonne (S)	1	F	1898
Balonne (S)	1	M	2002
Banana (S)	0	F	319
Banana (S)	0	M	386
Banana (S)	1	F	6078
Banana (S)	1	M	6394
Barcaldine (R)	0	F	36
Barcaldine (R)	0	M	25
Barcaldine (R)	1	F	1290
Barcaldine (R)	1	M	1312
Barcoo (S)	1	F	113
Barcoo (S)	1	M	140
Blackall-Tambo (R)	0	F	13
Blackall-Tambo (R)	0	M	15
Blackall-Tambo (R)	1	F	887
Blackall-Tambo (R)	1	M	888
Boulia (S)	0	F	9
Boulia (S)	0	M	4
Boulia (S)	1	F	157
Boulia (S)	1	M	187
Brisbane (C)	0	F	132510
Brisbane (C)	0	M	120710
Brisbane (C)	1	F	410663
Brisbane (C)	1	M	401533
Bulloo (S)	0	F	3
Bulloo (S)	0	M	4
Bulloo (S)	1	F	143
Bulloo (S)	1	M	169
Bundaberg (R)	0	F	2177
Bundaberg (R)	0	M	1862
Bundaberg (R)	1	F	41788
Bundaberg (R)	1	M	40525
Burdekin (S)	0	F	583
Burdekin (S)	0	M	491
Burdekin (S)	1	F	7217
Burdekin (S)	1	M	7530
Burke (S)	0	F	7
Burke (S)	0	M	11
Burke (S)	1	F	112
Burke (S)	1	M	142
Cairns (R)	0	F	11522
Cairns (R)	0	M	9336
Cairns (R)	1	F	61016
Cairns (R)	1	M	60821
Carpentaria (S)	0	F	30
Carpentaria (S)	0	M	35
Carpentaria (S)	1	F	842
Carpentaria (S)	1	M	875
Cassowary Coast (R)	0	F	1424
Cassowary Coast (R)	0	M	1356
Cassowary Coast (R)	1	F	11299
Cassowary Coast (R)	1	M	11974
Central Highlands (R) (Qld)	0	F	667
Central Highlands (R) (Qld)	0	M	630
Central Highlands (R) (Qld)	1	F	11117
Central Highlands (R) (Qld)	1	M	12163
Charters Towers (R)	0	F	147
Charters Towers (R)	0	M	127
Charters Towers (R)	1	F	5250
Charters Towers (R)	1	M	5168
Cherbourg (S)	0	F	28
Cherbourg (S)	0	M	24
Cherbourg (S)	1	F	589
Cherbourg (S)	1	M	584
Cloncurry (S)	0	F	59
Cloncurry (S)	0	M	61
Cloncurry (S)	1	F	1071
Cloncurry (S)	1	M	1395
Cook (S)	0	F	197
Cook (S)	0	M	182
Cook (S)	1	F	1451
Cook (S)	1	M	1692
Croydon (S)	0	F	4
Croydon (S)	1	F	105
Croydon (S)	1	M	107
Diamantina (S)	0	F	5
Diamantina (S)	0	M	6
Diamantina (S)	1	F	111
Diamantina (S)	1	M	125
Doomadgee (S)	0	F	38
Doomadgee (S)	0	M	39
Doomadgee (S)	1	F	641
Doomadgee (S)	1	M	658
Douglas (S)	0	F	465
Douglas (S)	0	M	395
Douglas (S)	1	F	4488
Douglas (S)	1	M	4788
Etheridge (S)	0	F	9
Etheridge (S)	0	M	4
Etheridge (S)	1	F	317
Etheridge (S)	1	M	383
Flinders (S) (Qld)	0	F	13
Flinders (S) (Qld)	0	M	8
Flinders (S) (Qld)	1	F	685
Flinders (S) (Qld)	1	M	709
Fraser Coast (R)	0	F	1951
Fraser Coast (R)	0	M	1412
Fraser Coast (R)	1	F	46105
Fraser Coast (R)	1	M	43966
Gladstone (R)	0	F	1945
Gladstone (R)	0	M	1901
Gladstone (R)	1	F	25925
Gladstone (R)	1	M	27352
Gold Coast (C)	0	F	36750
Gold Coast (C)	0	M	31397
Gold Coast (C)	1	F	228312
Gold Coast (C)	1	M	218584
Goondiwindi (R)	0	F	168
Goondiwindi (R)	0	M	179
Goondiwindi (R)	1	F	4616
Goondiwindi (R)	1	M	4624
Gympie (R)	0	F	711
Gympie (R)	0	M	546
Gympie (R)	1	F	22313
Gympie (R)	1	M	22012
Hinchinbrook (S)	0	F	393
Hinchinbrook (S)	0	M	401
Hinchinbrook (S)	1	F	4549
Hinchinbrook (S)	1	M	4743
Hope Vale (S)	0	F	329
Hope Vale (S)	0	M	368
Hope Vale (S)	1	F	56
Hope Vale (S)	1	M	81
Ipswich (C)	0	F	11755
Ipswich (C)	0	M	10763
Ipswich (C)	1	F	79978
Ipswich (C)	1	M	78590
Isaac (R)	0	F	466
Isaac (R)	0	M	451
Isaac (R)	1	F	7929
Isaac (R)	1	M	9078
Kowanyama (S)	0	F	31
Kowanyama (S)	0	M	26
Kowanyama (S)	1	F	456
Kowanyama (S)	1	M	409
Livingstone (S)	0	F	503
Livingstone (S)	0	M	424
Livingstone (S)	1	F	15881
Livingstone (S)	1	M	16043
Lockhart River (S)	0	F	134
Lockhart River (S)	0	M	135
Lockhart River (S)	1	F	184
Lockhart River (S)	1	M	167
Lockyer Valley (R)	0	F	1252
Lockyer Valley (R)	0	M	1117
Lockyer Valley (R)	1	F	16528
Lockyer Valley (R)	1	M	16397
Logan (C)	0	F	24881
Logan (C)	0	M	23480
Logan (C)	1	F	119046
Logan (C)	1	M	117003
Longreach (R)	0	F	47
Longreach (R)	0	M	48
Longreach (R)	1	F	1667
Longreach (R)	1	M	1583
Mackay (R)	0	F	3392
Mackay (R)	0	M	2920
Mackay (R)	1	F	49543
Mackay (R)	1	M	50077
McKinlay (S)	0	F	12
McKinlay (S)	0	M	6
McKinlay (S)	1	F	328
McKinlay (S)	1	M	393
Mapoon (S)	0	F	17
Mapoon (S)	0	M	13
Mapoon (S)	1	F	137
Mapoon (S)	1	M	131
Maranoa (R)	0	F	231
Maranoa (R)	0	M	253
Maranoa (R)	1	F	5365
Maranoa (R)	1	M	5599
Mareeba (S)	0	F	1114
Mareeba (S)	0	M	1067
Mareeba (S)	1	F	8080
Mareeba (S)	1	M	8253
Moreton Bay (R)	0	F	15944
Moreton Bay (R)	0	M	13341
Moreton Bay (R)	1	F	189081
Moreton Bay (R)	1	M	182301
Mornington (S)	0	F	65
Mornington (S)	0	M	75
Mornington (S)	1	F	464
Mornington (S)	1	M	454
Mount Isa (C)	0	F	839
Mount Isa (C)	0	M	758
Mount Isa (C)	1	F	7144
Mount Isa (C)	1	M	7708
Murweh (S)	0	F	100
Murweh (S)	0	M	93
Murweh (S)	1	F	1933
Murweh (S)	1	M	1902
Napranum (S)	0	F	163
Napranum (S)	0	M	163
Napranum (S)	1	F	290
Napranum (S)	1	M	319
Noosa (S)	0	F	1503
Noosa (S)	0	M	1146
Noosa (S)	1	F	23646
Noosa (S)	1	M	22499
North Burnett (R)	0	F	223
North Burnett (R)	0	M	273
North Burnett (R)	1	F	4361
North Burnett (R)	1	M	4439
Northern Peninsula Area (R)	0	F	1167
Northern Peninsula Area (R)	0	M	1068
Northern Peninsula Area (R)	1	F	191
Northern Peninsula Area (R)	1	M	208
Palm Island (S)	0	F	71
Palm Island (S)	0	M	70
Palm Island (S)	1	F	1136
Palm Island (S)	1	M	1100
Paroo (S)	0	F	9
Paroo (S)	0	M	14
Paroo (S)	1	F	754
Paroo (S)	1	M	746
Pormpuraaw (S)	0	F	238
Pormpuraaw (S)	0	M	217
Pormpuraaw (S)	1	F	136
Pormpuraaw (S)	1	M	136
Quilpie (S)	0	F	4
Quilpie (S)	0	M	4
Quilpie (S)	1	F	355
Quilpie (S)	1	M	410
Redland (C)	0	F	5357
Redland (C)	0	M	4418
Redland (C)	1	F	66374
Redland (C)	1	M	64379
Richmond (S)	0	F	7
Richmond (S)	0	M	10
Richmond (S)	1	F	345
Richmond (S)	1	M	365
Rockhampton (R)	0	F	2269
Rockhampton (R)	0	M	2353
Rockhampton (R)	1	F	35461
Rockhampton (R)	1	M	34060
Scenic Rim (R)	0	F	703
Scenic Rim (R)	0	M	579
Scenic Rim (R)	1	F	18143
Scenic Rim (R)	1	M	17496
Somerset (R)	0	F	514
Somerset (R)	0	M	497
Somerset (R)	1	F	10735
Somerset (R)	1	M	10881
South Burnett (R)	0	F	453
South Burnett (R)	0	M	338
South Burnett (R)	1	F	14514
South Burnett (R)	1	M	14452
Southern Downs (R)	0	F	831
Southern Downs (R)	0	M	710
Southern Downs (R)	1	F	15953
Southern Downs (R)	1	M	15473
Sunshine Coast (R)	0	F	8277
Sunshine Coast (R)	0	M	6557
Sunshine Coast (R)	1	F	135631
Sunshine Coast (R)	1	M	126940
Tablelands (R)	0	F	579
Tablelands (R)	0	M	484
Tablelands (R)	1	F	10976
Tablelands (R)	1	M	10688
Toowoomba (R)	0	F	5276
Toowoomba (R)	0	M	5191
Toowoomba (R)	1	F	71904
Toowoomba (R)	1	M	67638
Torres (S)	0	F	882
Torres (S)	0	M	810
Torres (S)	1	F	653
Torres (S)	1	M	682
Torres Strait Island (R)	0	F	1942
Torres Strait Island (R)	0	M	1960
Torres Strait Island (R)	1	F	114
Torres Strait Island (R)	1	M	126
Townsville (C)	0	F	7144
Townsville (C)	0	M	6270
Townsville (C)	1	F	79963
Townsville (C)	1	M	79112
Weipa (T)	0	F	168
Weipa (T)	0	M	163
Weipa (T)	1	F	1461
Weipa (T)	1	M	1720
Western Downs (R)	0	F	571
Western Downs (R)	0	M	608
Western Downs (R)	1	F	14066
Western Downs (R)	1	M	14593
Whitsunday (R)	0	F	1143
Whitsunday (R)	0	M	985
Whitsunday (R)	1	F	13218
Whitsunday (R)	1	M	14147
Winton (S)	0	F	9
Winton (S)	0	M	7
Winton (S)	1	F	482
Winton (S)	1	M	517
Woorabinda (S)	0	F	44
Woorabinda (S)	0	M	47
Woorabinda (S)	1	F	429
Woorabinda (S)	1	M	395
Wujal Wujal (S)	0	F	104
Wujal Wujal (S)	0	M	81
Wujal Wujal (S)	1	F	43
Wujal Wujal (S)	1	M	47
Yarrabah (S)	0	F	153
Yarrabah (S)	0	M	148
Yarrabah (S)	1	F	1075
Yarrabah (S)	1	M	1087
No usual address (Qld)	0	F	657
No usual address (Qld)	0	M	636
No usual address (Qld)	1	F	3934
No usual address (Qld)	1	M	4759
Migratory - Offshore - Shipping (Qld)	0	F	10
Migratory - Offshore - Shipping (Qld)	0	M	7
Migratory - Offshore - Shipping (Qld)	1	F	56
Migratory - Offshore - Shipping (Qld)	1	M	56
Adelaide (C)	0	F	4130
Adelaide (C)	0	M	3881
Adelaide (C)	1	F	5663
Adelaide (C)	1	M	5971
Adelaide Hills (DC)	0	F	1128
Adelaide Hills (DC)	0	M	1046
Adelaide Hills (DC)	1	F	17540
Adelaide Hills (DC)	1	M	17392
Alexandrina (DC)	0	F	365
Alexandrina (DC)	0	M	298
Alexandrina (DC)	1	F	12112
Alexandrina (DC)	1	M	11517
Anangu Pitjantjatjara (AC)	0	F	893
Anangu Pitjantjatjara (AC)	0	M	831
Anangu Pitjantjatjara (AC)	1	F	161
Anangu Pitjantjatjara (AC)	1	M	132
Barossa (DC)	0	F	307
Barossa (DC)	0	M	235
Barossa (DC)	1	F	10998
Barossa (DC)	1	M	10790
Barunga West (DC)	0	F	14
Barunga West (DC)	0	M	5
Barunga West (DC)	1	F	1139
Barunga West (DC)	1	M	1196
Berri and Barmera (DC)	0	F	483
Berri and Barmera (DC)	0	M	478
Berri and Barmera (DC)	1	F	4434
Berri and Barmera (DC)	1	M	4427
Burnside (C)	0	F	5745
Burnside (C)	0	M	4858
Burnside (C)	1	F	16577
Burnside (C)	1	M	15052
Campbelltown (C) (SA)	0	F	9050
Campbelltown (C) (SA)	0	M	8305
Campbelltown (C) (SA)	1	F	15888
Campbelltown (C) (SA)	1	M	15239
Ceduna (DC)	0	F	116
Ceduna (DC)	0	M	119
Ceduna (DC)	1	F	1373
Ceduna (DC)	1	M	1351
Charles Sturt (C)	0	F	15887
Charles Sturt (C)	0	M	14581
Charles Sturt (C)	1	F	38573
Charles Sturt (C)	1	M	37406
Clare and Gilbert Valleys (DC)	0	F	108
Clare and Gilbert Valleys (DC)	0	M	87
Clare and Gilbert Valleys (DC)	1	F	4150
Clare and Gilbert Valleys (DC)	1	M	4123
Cleve (DC)	0	F	9
Cleve (DC)	0	M	7
Cleve (DC)	1	F	785
Cleve (DC)	1	M	855
Coober Pedy (DC)	0	F	189
Coober Pedy (DC)	0	M	248
Coober Pedy (DC)	1	F	481
Coober Pedy (DC)	1	M	582
Copper Coast (DC)	0	F	152
Copper Coast (DC)	0	M	148
Copper Coast (DC)	1	F	6390
Copper Coast (DC)	1	M	6348
Elliston (DC)	0	F	3
Elliston (DC)	1	F	454
Elliston (DC)	1	M	530
Flinders Ranges (DC)	0	F	31
Flinders Ranges (DC)	0	M	32
Flinders Ranges (DC)	1	F	747
Flinders Ranges (DC)	1	M	707
Franklin Harbour (DC)	0	F	5
Franklin Harbour (DC)	0	M	4
Franklin Harbour (DC)	1	F	542
Franklin Harbour (DC)	1	M	610
Gawler (T)	0	F	519
Gawler (T)	0	M	479
Gawler (T)	1	F	10779
Gawler (T)	1	M	10035
Goyder (DC)	0	F	40
Goyder (DC)	0	M	43
Goyder (DC)	1	F	1884
Goyder (DC)	1	M	1891
Grant (DC)	0	F	82
Grant (DC)	0	M	78
Grant (DC)	1	F	3396
Grant (DC)	1	M	3727
Holdfast Bay (C)	0	F	1842
Holdfast Bay (C)	0	M	1586
Holdfast Bay (C)	1	F	15585
Holdfast Bay (C)	1	M	14305
Kangaroo Island (DC)	0	F	88
Kangaroo Island (DC)	0	M	67
Kangaroo Island (DC)	1	F	2005
Kangaroo Island (DC)	1	M	2106
Karoonda East Murray (DC)	0	F	11
Karoonda East Murray (DC)	0	M	9
Karoonda East Murray (DC)	1	F	480
Karoonda East Murray (DC)	1	M	521
Kimba (DC)	0	F	9
Kimba (DC)	0	M	7
Kimba (DC)	1	F	476
Kimba (DC)	1	M	499
Kingston (DC) (SA)	0	F	13
Kingston (DC) (SA)	0	M	15
Kingston (DC) (SA)	1	F	1044
Kingston (DC) (SA)	1	M	1119
Light (RegC)	0	F	193
Light (RegC)	0	M	161
Light (RegC)	1	F	6793
Light (RegC)	1	M	6920
Lower Eyre Peninsula (DC)	0	F	38
Lower Eyre Peninsula (DC)	0	M	38
Lower Eyre Peninsula (DC)	1	F	2363
Lower Eyre Peninsula (DC)	1	M	2510
Loxton Waikerie (DC)	0	F	252
Loxton Waikerie (DC)	0	M	243
Loxton Waikerie (DC)	1	F	5137
Loxton Waikerie (DC)	1	M	5139
Mallala (DC)	0	F	180
Mallala (DC)	0	M	215
Mallala (DC)	1	F	3781
Mallala (DC)	1	M	4037
Maralinga Tjarutja (AC)	0	F	7
Maralinga Tjarutja (AC)	0	M	4
Maralinga Tjarutja (AC)	1	F	7
Maralinga Tjarutja (AC)	1	M	3
Marion (C)	0	F	8782
Marion (C)	0	M	7902
Marion (C)	1	F	35314
Marion (C)	1	M	32846
Mid Murray (DC)	0	F	108
Mid Murray (DC)	0	M	105
Mid Murray (DC)	1	F	3621
Mid Murray (DC)	1	M	3998
Mitcham (C)	0	F	5110
Mitcham (C)	0	M	4434
Mitcham (C)	1	F	27260
Mitcham (C)	1	M	25641
Mount Barker (DC)	0	F	731
Mount Barker (DC)	0	M	625
Mount Barker (DC)	1	F	15566
Mount Barker (DC)	1	M	14797
Mount Gambier (C)	0	F	868
Mount Gambier (C)	0	M	720
Mount Gambier (C)	1	F	11925
Mount Gambier (C)	1	M	11345
Mount Remarkable (DC)	0	F	32
Mount Remarkable (DC)	0	M	29
Mount Remarkable (DC)	1	F	1278
Mount Remarkable (DC)	1	M	1333
Murray Bridge (RC)	0	F	1002
Murray Bridge (RC)	0	M	1097
Murray Bridge (RC)	1	F	8759
Murray Bridge (RC)	1	M	8399
Naracoorte and Lucindale (DC)	0	F	307
Naracoorte and Lucindale (DC)	0	M	487
Naracoorte and Lucindale (DC)	1	F	3475
Naracoorte and Lucindale (DC)	1	M	3622
Northern Areas (DC)	0	F	22
Northern Areas (DC)	0	M	26
Northern Areas (DC)	1	F	2069
Northern Areas (DC)	1	M	2141
Norwood Payneham St Peters (C)	0	F	4993
Norwood Payneham St Peters (C)	0	M	4376
Norwood Payneham St Peters (C)	1	F	12591
Norwood Payneham St Peters (C)	1	M	11752
Onkaparinga (C)	0	F	5930
Onkaparinga (C)	0	M	5203
Onkaparinga (C)	1	F	74989
Onkaparinga (C)	1	M	72307
Orroroo/Carrieton (DC)	0	F	5
Orroroo/Carrieton (DC)	0	M	6
Orroroo/Carrieton (DC)	1	F	403
Orroroo/Carrieton (DC)	1	M	406
Peterborough (DC)	0	F	16
Peterborough (DC)	0	M	5
Peterborough (DC)	1	F	772
Peterborough (DC)	1	M	754
Playford (C)	0	F	5651
Playford (C)	0	M	5486
Playford (C)	1	F	36490
Playford (C)	1	M	35791
Port Adelaide Enfield (C)	0	F	19778
Port Adelaide Enfield (C)	0	M	19393
Port Adelaide Enfield (C)	1	F	38027
Port Adelaide Enfield (C)	1	M	36930
Port Augusta (C)	0	F	319
Port Augusta (C)	0	M	282
Port Augusta (C)	1	F	5865
Port Augusta (C)	1	M	5617
Port Lincoln (C)	0	F	285
Port Lincoln (C)	0	M	228
Port Lincoln (C)	1	F	6326
Port Lincoln (C)	1	M	6149
Port Pirie City and Dists (M)	0	F	408
Port Pirie City and Dists (M)	0	M	330
Port Pirie City and Dists (M)	1	F	7904
Port Pirie City and Dists (M)	1	M	7656
Prospect (C)	0	F	2652
Prospect (C)	0	M	2715
Prospect (C)	1	F	7115
Prospect (C)	1	M	7130
Renmark Paringa (DC)	0	F	626
Renmark Paringa (DC)	0	M	667
Renmark Paringa (DC)	1	F	3794
Renmark Paringa (DC)	1	M	3713
Robe (DC)	0	F	17
Robe (DC)	0	M	17
Robe (DC)	1	F	600
Robe (DC)	1	M	634
Roxby Downs (M)	0	F	136
Roxby Downs (M)	0	M	163
Roxby Downs (M)	1	F	1428
Roxby Downs (M)	1	M	1831
Salisbury (C)	0	F	19601
Salisbury (C)	0	M	19099
Salisbury (C)	1	F	46370
Salisbury (C)	1	M	46299
Southern Mallee (DC)	0	F	46
Southern Mallee (DC)	0	M	56
Southern Mallee (DC)	1	F	867
Southern Mallee (DC)	1	M	906
Streaky Bay (DC)	0	F	13
Streaky Bay (DC)	0	M	14
Streaky Bay (DC)	1	F	897
Streaky Bay (DC)	1	M	999
Tatiara (DC)	0	F	152
Tatiara (DC)	0	M	250
Tatiara (DC)	1	F	2740
Tatiara (DC)	1	M	2934
Tea Tree Gully (C)	0	F	6513
Tea Tree Gully (C)	0	M	5837
Tea Tree Gully (C)	1	F	41636
Tea Tree Gully (C)	1	M	40302
The Coorong (DC)	0	F	114
The Coorong (DC)	0	M	97
The Coorong (DC)	1	F	2335
The Coorong (DC)	1	M	2487
Tumby Bay (DC)	0	F	10
Tumby Bay (DC)	0	M	13
Tumby Bay (DC)	1	F	1243
Tumby Bay (DC)	1	M	1211
Unley (C)	0	F	3897
Unley (C)	0	M	3410
Unley (C)	1	F	15180
Unley (C)	1	M	13511
Victor Harbor (C)	0	F	250
Victor Harbor (C)	0	M	214
Victor Harbor (C)	1	F	7088
Victor Harbor (C)	1	M	6299
Wakefield (DC)	0	F	120
Wakefield (DC)	0	M	138
Wakefield (DC)	1	F	3023
Wakefield (DC)	1	M	3123
Walkerville (M)	0	F	887
Walkerville (M)	0	M	748
Walkerville (M)	1	F	2809
Walkerville (M)	1	M	2742
Wattle Range (DC)	0	F	165
Wattle Range (DC)	0	M	136
Wattle Range (DC)	1	F	5245
Wattle Range (DC)	1	M	5375
West Torrens (C)	0	F	9182
West Torrens (C)	0	M	8663
West Torrens (C)	1	F	19028
West Torrens (C)	1	M	18215
Whyalla (C)	0	F	689
Whyalla (C)	0	M	657
Whyalla (C)	1	F	9467
Whyalla (C)	1	M	9494
Wudinna (DC)	0	F	5
Wudinna (DC)	0	M	11
Wudinna (DC)	1	F	555
Wudinna (DC)	1	M	592
Yankalilla (DC)	0	F	67
Yankalilla (DC)	0	M	64
Yankalilla (DC)	1	F	2376
Yankalilla (DC)	1	M	2307
Yorke Peninsula (DC)	0	F	83
Yorke Peninsula (DC)	0	M	89
Yorke Peninsula (DC)	1	F	4978
Yorke Peninsula (DC)	1	M	5297
Unincorporated SA	0	F	175
Unincorporated SA	0	M	231
Unincorporated SA	1	F	980
Unincorporated SA	1	M	1561
No usual address (SA)	0	F	150
No usual address (SA)	0	M	196
No usual address (SA)	1	F	769
No usual address (SA)	1	M	1167
Migratory - Offshore - Shipping (SA)	0	M	4
Migratory - Offshore - Shipping (SA)	1	M	4
Albany (C)	0	F	1186
Albany (C)	0	M	1005
Albany (C)	1	F	16265
Albany (C)	1	M	15526
Armadale (C)	0	F	7672
Armadale (C)	0	M	7247
Armadale (C)	1	F	29951
Armadale (C)	1	M	29807
Ashburton (S)	0	F	372
Ashburton (S)	0	M	1122
Ashburton (S)	1	F	2822
Ashburton (S)	1	M	6566
Augusta-Margaret River (S)	0	F	512
Augusta-Margaret River (S)	0	M	448
Augusta-Margaret River (S)	1	F	6077
Augusta-Margaret River (S)	1	M	6067
Bassendean (T)	0	F	1228
Bassendean (T)	0	M	1043
Bassendean (T)	1	F	6000
Bassendean (T)	1	M	5954
Bayswater (C)	0	F	9477
Bayswater (C)	0	M	8876
Bayswater (C)	1	F	21040
Bayswater (C)	1	M	21301
Belmont (C)	0	F	5747
Belmont (C)	0	M	5971
Belmont (C)	1	F	11772
Belmont (C)	1	M	12132
Beverley (S)	0	F	44
Beverley (S)	0	M	36
Beverley (S)	1	F	717
Beverley (S)	1	M	746
Boddington (S)	0	F	48
Boddington (S)	0	M	52
Boddington (S)	1	F	754
Boddington (S)	1	M	846
Boyup Brook (S)	0	F	26
Boyup Brook (S)	0	M	18
Boyup Brook (S)	1	F	757
Boyup Brook (S)	1	M	772
Bridgetown-Greenbushes (S)	0	F	85
Bridgetown-Greenbushes (S)	0	M	65
Bridgetown-Greenbushes (S)	1	F	2129
Bridgetown-Greenbushes (S)	1	M	2027
Brookton (S)	0	F	15
Brookton (S)	0	M	17
Brookton (S)	1	F	403
Brookton (S)	1	M	420
Broome (S)	0	F	972
Broome (S)	0	M	897
Broome (S)	1	F	6154
Broome (S)	1	M	6157
Broomehill-Tambellup (S)	0	F	15
Broomehill-Tambellup (S)	0	M	16
Broomehill-Tambellup (S)	1	F	481
Broomehill-Tambellup (S)	1	M	493
Bruce Rock (S)	0	F	19
Bruce Rock (S)	0	M	18
Bruce Rock (S)	1	F	390
Bruce Rock (S)	1	M	425
Bunbury (C)	0	F	1542
Bunbury (C)	0	M	1407
Bunbury (C)	1	F	13588
Bunbury (C)	1	M	12721
Busselton (C)	0	F	945
Busselton (C)	0	M	769
Busselton (C)	1	F	16573
Busselton (C)	1	M	15822
Cambridge (T)	0	F	2010
Cambridge (T)	0	M	1698
Cambridge (T)	1	F	10973
Cambridge (T)	1	M	10736
Canning (C)	0	F	17821
Canning (C)	0	M	17991
Canning (C)	1	F	25016
Canning (C)	1	M	25074
Capel (S)	0	F	733
Capel (S)	0	M	635
Capel (S)	1	F	7533
Capel (S)	1	M	7232
Carnamah (S)	0	F	8
Carnamah (S)	0	M	17
Carnamah (S)	1	F	221
Carnamah (S)	1	M	260
Carnarvon (S)	0	F	353
Carnarvon (S)	0	M	351
Carnarvon (S)	1	F	1888
Carnarvon (S)	1	M	2075
Chapman Valley (S)	0	F	18
Chapman Valley (S)	0	M	17
Chapman Valley (S)	1	F	597
Chapman Valley (S)	1	M	606
Chittering (S)	0	F	99
Chittering (S)	0	M	89
Chittering (S)	1	F	2380
Chittering (S)	1	M	2443
Claremont (T)	0	F	655
Claremont (T)	0	M	588
Claremont (T)	1	F	4129
Claremont (T)	1	M	3917
Cockburn (C)	0	F	11596
Cockburn (C)	0	M	10863
Cockburn (C)	1	F	38133
Cockburn (C)	1	M	37458
Collie (S)	0	F	150
Collie (S)	0	M	132
Collie (S)	1	F	3862
Collie (S)	1	M	3922
Coolgardie (S)	0	F	120
Coolgardie (S)	0	M	107
Coolgardie (S)	1	F	1361
Coolgardie (S)	1	M	1555
Coorow (S)	0	F	11
Coorow (S)	0	M	5
Coorow (S)	1	F	423
Coorow (S)	1	M	521
Corrigin (S)	0	F	13
Corrigin (S)	0	M	15
Corrigin (S)	1	F	478
Corrigin (S)	1	M	517
Cottesloe (T)	0	F	271
Cottesloe (T)	0	M	253
Cottesloe (T)	1	F	3344
Cottesloe (T)	1	M	3222
Cranbrook (S)	0	F	16
Cranbrook (S)	0	M	21
Cranbrook (S)	1	F	460
Cranbrook (S)	1	M	484
Cuballing (S)	0	F	3
Cuballing (S)	0	M	8
Cuballing (S)	1	F	346
Cuballing (S)	1	M	386
Cue (S)	0	M	3
Cue (S)	1	F	59
Cue (S)	1	M	76
Cunderdin (S)	0	F	63
Cunderdin (S)	0	M	59
Cunderdin (S)	1	F	538
Cunderdin (S)	1	M	673
Dalwallinu (S)	0	F	70
Dalwallinu (S)	0	M	67
Dalwallinu (S)	1	F	520
Dalwallinu (S)	1	M	626
Dandaragan (S)	0	F	56
Dandaragan (S)	0	M	65
Dandaragan (S)	1	F	1316
Dandaragan (S)	1	M	1485
Dardanup (S)	0	F	385
Dardanup (S)	0	M	348
Dardanup (S)	1	F	6295
Dardanup (S)	1	M	6129
Denmark (S)	0	F	135
Denmark (S)	0	M	103
Denmark (S)	1	F	2539
Denmark (S)	1	M	2528
Derby-West Kimberley (S)	0	F	1567
Derby-West Kimberley (S)	0	M	1481
Derby-West Kimberley (S)	1	F	1840
Derby-West Kimberley (S)	1	M	1905
Donnybrook-Balingup (S)	0	F	141
Donnybrook-Balingup (S)	0	M	123
Donnybrook-Balingup (S)	1	F	2563
Donnybrook-Balingup (S)	1	M	2526
Dowerin (S)	0	F	4
Dowerin (S)	0	M	3
Dowerin (S)	1	F	304
Dowerin (S)	1	M	316
Dumbleyung (S)	0	F	3
Dumbleyung (S)	0	M	9
Dumbleyung (S)	1	F	281
Dumbleyung (S)	1	M	300
Dundas (S)	0	F	23
Dundas (S)	0	M	27
Dundas (S)	1	F	269
Dundas (S)	1	M	324
East Fremantle (T)	0	F	336
East Fremantle (T)	0	M	263
East Fremantle (T)	1	F	3251
East Fremantle (T)	1	M	3031
East Pilbara (S)	0	F	863
East Pilbara (S)	0	M	1109
East Pilbara (S)	1	F	2165
East Pilbara (S)	1	M	4446
Esperance (S)	0	F	264
Esperance (S)	0	M	212
Esperance (S)	1	F	6056
Esperance (S)	1	M	6102
Exmouth (S)	0	F	71
Exmouth (S)	0	M	58
Exmouth (S)	1	F	1108
Exmouth (S)	1	M	1244
Fremantle (C)	0	F	2342
Fremantle (C)	0	M	1921
Fremantle (C)	1	F	11351
Fremantle (C)	1	M	10806
Gingin (S)	0	F	223
Gingin (S)	0	M	214
Gingin (S)	1	F	2080
Gingin (S)	1	M	2236
Gnowangerup (S)	0	F	34
Gnowangerup (S)	0	M	36
Gnowangerup (S)	1	F	480
Gnowangerup (S)	1	M	543
Goomalling (S)	0	F	12
Goomalling (S)	0	M	13
Goomalling (S)	1	F	461
Goomalling (S)	1	M	455
Gosnells (C)	0	F	18889
Gosnells (C)	0	M	18860
Gosnells (C)	1	F	36322
Gosnells (C)	1	M	37087
Greater Geraldton (C)	0	F	1522
Greater Geraldton (C)	0	M	1312
Greater Geraldton (C)	1	F	16403
Greater Geraldton (C)	1	M	15975
Halls Creek (S)	0	F	575
Halls Creek (S)	0	M	568
Halls Creek (S)	1	F	755
Halls Creek (S)	1	M	692
Harvey (S)	0	F	914
Harvey (S)	0	M	878
Harvey (S)	1	F	11426
Harvey (S)	1	M	11387
Irwin (S)	0	F	48
Irwin (S)	0	M	25
Irwin (S)	1	F	1615
Irwin (S)	1	M	1640
Jerramungup (S)	0	F	19
Jerramungup (S)	0	M	9
Jerramungup (S)	1	F	414
Jerramungup (S)	1	M	526
Joondalup (C)	0	F	9032
Joondalup (C)	0	M	7860
Joondalup (C)	1	F	66109
Joondalup (C)	1	M	65543
Kalamunda (S)	0	F	3622
Kalamunda (S)	0	M	3169
Kalamunda (S)	1	F	23845
Kalamunda (S)	1	M	23620
Kalgoorlie/Boulder (C)	0	F	1727
Kalgoorlie/Boulder (C)	0	M	1735
Kalgoorlie/Boulder (C)	1	F	11331
Kalgoorlie/Boulder (C)	1	M	12279
Karratha (C)	0	F	1312
Karratha (C)	0	M	1412
Karratha (C)	1	F	7231
Karratha (C)	1	M	8753
Katanning (S)	0	F	370
Katanning (S)	0	M	419
Katanning (S)	1	F	1378
Katanning (S)	1	M	1427
Kellerberrin (S)	0	F	16
Kellerberrin (S)	0	M	19
Kellerberrin (S)	1	F	531
Kellerberrin (S)	1	M	536
Kent (S)	0	M	6
Kent (S)	1	F	212
Kent (S)	1	M	261
Kojonup (S)	0	F	32
Kojonup (S)	0	M	37
Kojonup (S)	1	F	848
Kojonup (S)	1	M	870
Kondinin (S)	0	F	23
Kondinin (S)	0	M	23
Kondinin (S)	1	F	342
Kondinin (S)	1	M	419
Koorda (S)	1	F	187
Koorda (S)	1	M	207
Kulin (S)	0	F	13
Kulin (S)	0	M	9
Kulin (S)	1	F	331
Kulin (S)	1	M	357
Kwinana (C)	0	F	3794
Kwinana (C)	0	M	3625
Kwinana (C)	1	F	13864
Kwinana (C)	1	M	13950
Lake Grace (S)	0	F	25
Lake Grace (S)	0	M	30
Lake Grace (S)	1	F	515
Lake Grace (S)	1	M	571
Laverton (S)	0	F	99
Laverton (S)	0	M	106
Laverton (S)	1	F	212
Laverton (S)	1	M	519
Leonora (S)	0	F	47
Leonora (S)	0	M	64
Leonora (S)	1	F	380
Leonora (S)	1	M	593
Mandurah (C)	0	F	3007
Mandurah (C)	0	M	2464
Mandurah (C)	1	F	36123
Mandurah (C)	1	M	34045
Manjimup (S)	0	F	266
Manjimup (S)	0	M	233
Manjimup (S)	1	F	3914
Manjimup (S)	1	M	4033
Meekatharra (S)	0	F	34
Meekatharra (S)	0	M	52
Meekatharra (S)	1	F	304
Meekatharra (S)	1	M	448
Melville (C)	0	F	10428
Melville (C)	0	M	9069
Melville (C)	1	F	37969
Melville (C)	1	M	35928
Menzies (S)	0	F	91
Menzies (S)	0	M	104
Menzies (S)	1	F	71
Menzies (S)	1	M	159
Merredin (S)	0	F	73
Merredin (S)	0	M	166
Merredin (S)	1	F	1395
Merredin (S)	1	M	1466
Mingenew (S)	0	M	5
Mingenew (S)	1	F	183
Mingenew (S)	1	M	233
Moora (S)	0	F	41
Moora (S)	0	M	39
Moora (S)	1	F	1016
Moora (S)	1	M	1103
Morawa (S)	0	F	16
Morawa (S)	0	M	7
Morawa (S)	1	F	298
Morawa (S)	1	M	365
Mosman Park (T)	0	F	663
Mosman Park (T)	0	M	519
Mosman Park (T)	1	F	3685
Mosman Park (T)	1	M	3195
Mount Magnet (S)	0	F	8
Mount Magnet (S)	0	M	11
Mount Magnet (S)	1	F	156
Mount Magnet (S)	1	M	188
Mount Marshall (S)	0	F	3
Mount Marshall (S)	1	F	216
Mount Marshall (S)	1	M	261
Mukinbudin (S)	0	F	3
Mukinbudin (S)	0	M	4
Mukinbudin (S)	1	F	241
Mukinbudin (S)	1	M	270
Mundaring (S)	0	F	1246
Mundaring (S)	0	M	1090
Mundaring (S)	1	F	16100
Mundaring (S)	1	M	15935
Murchison (S)	0	F	8
Murchison (S)	0	M	5
Murchison (S)	1	F	44
Murchison (S)	1	M	47
Murray (S)	0	F	274
Murray (S)	0	M	218
Murray (S)	1	F	7468
Murray (S)	1	M	7424
Nannup (S)	0	F	26
Nannup (S)	0	M	9
Nannup (S)	1	F	557
Nannup (S)	1	M	615
Narembeen (S)	0	F	18
Narembeen (S)	0	M	18
Narembeen (S)	1	F	347
Narembeen (S)	1	M	358
Narrogin (S)	0	F	159
Narrogin (S)	0	M	144
Narrogin (S)	1	F	2187
Narrogin (S)	1	M	2103
Nedlands (C)	0	F	1725
Nedlands (C)	0	M	1458
Nedlands (C)	1	F	8512
Nedlands (C)	1	M	8476
Ngaanyatjarraku (S)	0	F	668
Ngaanyatjarraku (S)	0	M	627
Ngaanyatjarraku (S)	1	F	80
Ngaanyatjarraku (S)	1	M	76
Northam (S)	0	F	287
Northam (S)	0	M	271
Northam (S)	1	F	4601
Northam (S)	1	M	4478
Northampton (S)	0	F	43
Northampton (S)	0	M	32
Northampton (S)	1	F	1395
Northampton (S)	1	M	1520
Nungarin (S)	0	F	3
Nungarin (S)	0	M	4
Nungarin (S)	1	F	104
Nungarin (S)	1	M	116
Peppermint Grove (S)	0	F	84
Peppermint Grove (S)	0	M	61
Peppermint Grove (S)	1	F	799
Peppermint Grove (S)	1	M	587
Perenjori (S)	0	F	6
Perenjori (S)	0	M	21
Perenjori (S)	1	F	197
Perenjori (S)	1	M	331
Perth (C)	0	F	4160
Perth (C)	0	M	3882
Perth (C)	1	F	4541
Perth (C)	1	M	5684
Pingelly (S)	0	F	17
Pingelly (S)	0	M	4
Pingelly (S)	1	F	487
Pingelly (S)	1	M	512
Plantagenet (S)	0	F	136
Plantagenet (S)	0	M	156
Plantagenet (S)	1	F	2128
Plantagenet (S)	1	M	2163
Port Hedland (T)	0	F	1052
Port Hedland (T)	0	M	1016
Port Hedland (T)	1	F	4656
Port Hedland (T)	1	M	5487
Quairading (S)	0	F	7
Quairading (S)	0	M	16
Quairading (S)	1	F	448
Quairading (S)	1	M	421
Ravensthorpe (S)	0	F	43
Ravensthorpe (S)	0	M	40
Ravensthorpe (S)	1	F	652
Ravensthorpe (S)	1	M	784
Rockingham (C)	0	F	5216
Rockingham (C)	0	M	4455
Rockingham (C)	1	F	53746
Rockingham (C)	1	M	52801
Sandstone (S)	1	F	24
Sandstone (S)	1	M	43
Serpentine-Jarrahdale (S)	0	F	1258
Serpentine-Jarrahdale (S)	0	M	1212
Serpentine-Jarrahdale (S)	1	F	11227
Serpentine-Jarrahdale (S)	1	M	11217
Shark Bay (S)	0	F	31
Shark Bay (S)	0	M	32
Shark Bay (S)	1	F	364
Shark Bay (S)	1	M	425
South Perth (C)	0	F	4853
South Perth (C)	0	M	4417
South Perth (C)	1	F	15159
South Perth (C)	1	M	14742
Stirling (C)	0	F	29619
Stirling (C)	0	M	27755
Stirling (C)	1	F	71111
Stirling (C)	1	M	68266
Subiaco (C)	0	F	2260
Subiaco (C)	0	M	2077
Subiaco (C)	1	F	7002
Subiaco (C)	1	M	6690
Swan (C)	0	F	14200
Swan (C)	0	M	13536
Swan (C)	1	F	48538
Swan (C)	1	M	48536
Tammin (S)	0	F	6
Tammin (S)	0	M	4
Tammin (S)	1	F	156
Tammin (S)	1	M	183
Three Springs (S)	0	F	10
Three Springs (S)	0	M	13
Three Springs (S)	1	F	251
Three Springs (S)	1	M	261
Toodyay (S)	0	F	84
Toodyay (S)	0	M	73
Toodyay (S)	1	F	1914
Toodyay (S)	1	M	1959
Trayning (S)	0	F	3
Trayning (S)	0	M	3
Trayning (S)	1	F	127
Trayning (S)	1	M	165
Upper Gascoyne (S)	0	F	8
Upper Gascoyne (S)	0	M	10
Upper Gascoyne (S)	1	F	103
Upper Gascoyne (S)	1	M	126
Victoria Park (T)	0	F	4863
Victoria Park (T)	0	M	4572
Victoria Park (T)	1	F	11107
Victoria Park (T)	1	M	11280
Victoria Plains (S)	0	F	17
Victoria Plains (S)	0	M	15
Victoria Plains (S)	1	F	371
Victoria Plains (S)	1	M	423
Vincent (C)	0	F	3905
Vincent (C)	0	M	3443
Vincent (C)	1	F	11651
Vincent (C)	1	M	11906
Wagin (S)	0	F	18
Wagin (S)	0	M	15
Wagin (S)	1	F	832
Wagin (S)	1	M	808
Wandering (S)	0	F	8
Wandering (S)	0	M	3
Wandering (S)	1	F	190
Wandering (S)	1	M	197
Wanneroo (C)	0	F	19731
Wanneroo (C)	0	M	18520
Wanneroo (C)	1	F	70251
Wanneroo (C)	1	M	69021
Waroona (S)	0	F	119
Waroona (S)	0	M	117
Waroona (S)	1	F	1727
Waroona (S)	1	M	1732
West Arthur (S)	0	F	9
West Arthur (S)	0	M	5
West Arthur (S)	1	F	349
West Arthur (S)	1	M	380
Westonia (S)	0	F	12
Westonia (S)	0	M	8
Westonia (S)	1	F	103
Westonia (S)	1	M	150
Wickepin (S)	0	F	3
Wickepin (S)	0	M	4
Wickepin (S)	1	F	315
Wickepin (S)	1	M	344
Williams (S)	0	F	9
Williams (S)	0	M	11
Williams (S)	1	F	411
Williams (S)	1	M	457
Wiluna (S)	0	F	107
Wiluna (S)	0	M	113
Wiluna (S)	1	F	93
Wiluna (S)	1	M	287
Wongan-Ballidu (S)	0	F	21
Wongan-Ballidu (S)	0	M	30
Wongan-Ballidu (S)	1	F	576
Wongan-Ballidu (S)	1	M	649
Woodanilling (S)	0	F	6
Woodanilling (S)	0	M	4
Woodanilling (S)	1	F	173
Woodanilling (S)	1	M	203
Wyalkatchem (S)	0	F	4
Wyalkatchem (S)	0	M	6
Wyalkatchem (S)	1	F	206
Wyalkatchem (S)	1	M	231
Wyndham-East Kimberley (S)	0	F	453
Wyndham-East Kimberley (S)	0	M	393
Wyndham-East Kimberley (S)	1	F	2717
Wyndham-East Kimberley (S)	1	M	2694
Yalgoo (S)	0	F	3
Yalgoo (S)	0	M	18
Yalgoo (S)	1	F	93
Yalgoo (S)	1	M	164
Yilgarn (S)	0	F	17
Yilgarn (S)	0	M	30
Yilgarn (S)	1	F	401
Yilgarn (S)	1	M	581
York (S)	0	F	43
York (S)	0	M	41
York (S)	1	F	1561
York (S)	1	M	1572
No usual address (WA)	0	F	281
No usual address (WA)	0	M	305
No usual address (WA)	1	F	1559
No usual address (WA)	1	M	2258
Migratory - Offshore - Shipping (WA)	0	F	3
Migratory - Offshore - Shipping (WA)	0	M	51
Migratory - Offshore - Shipping (WA)	1	F	14
Migratory - Offshore - Shipping (WA)	1	M	288
Break O'Day (M)	0	F	80
Break O'Day (M)	0	M	49
Break O'Day (M)	1	F	2724
Break O'Day (M)	1	M	2799
Brighton (M)	0	F	173
Brighton (M)	0	M	142
Brighton (M)	1	F	7709
Brighton (M)	1	M	7376
Burnie (C)	0	F	295
Burnie (C)	0	M	250
Burnie (C)	1	F	8988
Burnie (C)	1	M	8300
Central Coast (M) (Tas.)	0	F	220
Central Coast (M) (Tas.)	0	M	159
Central Coast (M) (Tas.)	1	F	10128
Central Coast (M) (Tas.)	1	M	9615
Central Highlands (M) (Tas.)	0	F	15
Central Highlands (M) (Tas.)	0	M	8
Central Highlands (M) (Tas.)	1	F	925
Central Highlands (M) (Tas.)	1	M	1049
Circular Head (M)	0	F	84
Circular Head (M)	0	M	88
Circular Head (M)	1	F	3494
Circular Head (M)	1	M	3655
Clarence (C)	0	F	1201
Clarence (C)	0	M	1029
Clarence (C)	1	F	25651
Clarence (C)	1	M	23819
Derwent Valley (M)	0	F	84
Derwent Valley (M)	0	M	76
Derwent Valley (M)	1	F	4582
Derwent Valley (M)	1	M	4622
Devonport (C)	0	F	416
Devonport (C)	0	M	310
Devonport (C)	1	F	11871
Devonport (C)	1	M	10656
Dorset (M)	0	F	56
Dorset (M)	0	M	66
Dorset (M)	1	F	3011
Dorset (M)	1	M	3006
Flinders (M) (Tas.)	0	F	9
Flinders (M) (Tas.)	0	M	9
Flinders (M) (Tas.)	1	F	388
Flinders (M) (Tas.)	1	M	452
George Town (M)	0	F	63
George Town (M)	0	M	48
George Town (M)	1	F	3035
George Town (M)	1	M	3026
Glamorgan/Spring Bay (M)	0	F	70
Glamorgan/Spring Bay (M)	0	M	53
Glamorgan/Spring Bay (M)	1	F	1905
Glamorgan/Spring Bay (M)	1	M	2004
Glenorchy (C)	0	F	2315
Glenorchy (C)	0	M	2072
Glenorchy (C)	1	F	19961
Glenorchy (C)	1	M	18823
Hobart (C)	0	F	3938
Hobart (C)	0	M	3654
Hobart (C)	1	F	20476
Hobart (C)	1	M	19403
Huon Valley (M)	0	F	303
Huon Valley (M)	0	M	262
Huon Valley (M)	1	F	7257
Huon Valley (M)	1	M	7278
Kentish (M)	0	F	104
Kentish (M)	0	M	92
Kentish (M)	1	F	2688
Kentish (M)	1	M	2837
King Island (M)	0	F	34
King Island (M)	0	M	38
King Island (M)	1	F	663
King Island (M)	1	M	715
Kingborough (M)	0	F	1208
Kingborough (M)	0	M	960
Kingborough (M)	1	F	16533
Kingborough (M)	1	M	15557
Latrobe (M) (Tas.)	0	F	120
Latrobe (M) (Tas.)	0	M	95
Latrobe (M) (Tas.)	1	F	5006
Latrobe (M) (Tas.)	1	M	4818
Launceston (C)	0	F	2309
Launceston (C)	0	M	2342
Launceston (C)	1	F	29029
Launceston (C)	1	M	26989
Meander Valley (M)	0	F	273
Meander Valley (M)	0	M	225
Meander Valley (M)	1	F	8969
Meander Valley (M)	1	M	8625
Northern Midlands (M)	0	F	110
Northern Midlands (M)	0	M	92
Northern Midlands (M)	1	F	5853
Northern Midlands (M)	1	M	5793
Sorell (M)	0	F	167
Sorell (M)	0	M	128
Sorell (M)	1	F	6657
Sorell (M)	1	M	6583
Southern Midlands (M)	0	F	33
Southern Midlands (M)	0	M	33
Southern Midlands (M)	1	F	2705
Southern Midlands (M)	1	M	2862
Tasman (M)	0	F	28
Tasman (M)	0	M	14
Tasman (M)	1	F	986
Tasman (M)	1	M	1076
Waratah/Wynyard (M)	0	F	132
Waratah/Wynyard (M)	0	M	88
Waratah/Wynyard (M)	1	F	6312
Waratah/Wynyard (M)	1	M	6197
West Coast (M)	0	F	49
West Coast (M)	0	M	62
West Coast (M)	1	F	1798
West Coast (M)	1	M	1923
West Tamar (M)	0	F	474
West Tamar (M)	0	M	416
West Tamar (M)	1	F	10448
West Tamar (M)	1	M	10075
No usual address (Tas.)	0	F	31
No usual address (Tas.)	0	M	31
No usual address (Tas.)	1	F	300
No usual address (Tas.)	1	M	378
Migratory - Offshore - Shipping (Tas.)	0	M	9
Migratory - Offshore - Shipping (Tas.)	1	F	18
Migratory - Offshore - Shipping (Tas.)	1	M	37
Alice Springs (T)	0	F	2493
Alice Springs (T)	0	M	2206
Alice Springs (T)	1	F	8578
Alice Springs (T)	1	M	8402
Barkly (R)	0	F	1677
Barkly (R)	0	M	1626
Barkly (R)	1	F	1273
Barkly (R)	1	M	1381
Belyuen (S)	0	F	56
Belyuen (S)	0	M	80
Belyuen (S)	1	F	12
Belyuen (S)	1	M	10
Central Desert (R)	0	F	1516
Central Desert (R)	0	M	1362
Central Desert (R)	1	F	226
Central Desert (R)	1	M	276
Coomalie (S)	0	F	47
Coomalie (S)	0	M	46
Coomalie (S)	1	F	457
Coomalie (S)	1	M	505
Darwin (C)	0	F	10688
Darwin (C)	0	M	10451
Darwin (C)	1	F	23677
Darwin (C)	1	M	25430
East Arnhem (R)	0	F	4070
East Arnhem (R)	0	M	3996
East Arnhem (R)	1	F	216
East Arnhem (R)	1	M	227
Katherine (T)	0	F	716
Katherine (T)	0	M	683
Katherine (T)	1	F	3010
Katherine (T)	1	M	3305
Litchfield (M)	0	F	632
Litchfield (M)	0	M	782
Litchfield (M)	1	F	7832
Litchfield (M)	1	M	9982
MacDonnell (R)	0	F	1935
MacDonnell (R)	0	M	1689
MacDonnell (R)	1	F	414
MacDonnell (R)	1	M	446
Palmerston (C)	0	F	2711
Palmerston (C)	0	M	2360
Palmerston (C)	1	F	12594
Palmerston (C)	1	M	13195
Roper Gulf (R)	0	F	2098
Roper Gulf (R)	0	M	2032
Roper Gulf (R)	1	F	807
Roper Gulf (R)	1	M	989
Tiwi Islands (R)	0	F	1042
Tiwi Islands (R)	0	M	1019
Tiwi Islands (R)	1	F	131
Tiwi Islands (R)	1	M	139
Victoria Daly (R)	0	F	694
Victoria Daly (R)	0	M	675
Victoria Daly (R)	1	F	443
Victoria Daly (R)	1	M	514
Wagait (S)	0	F	14
Wagait (S)	0	M	11
Wagait (S)	1	F	207
Wagait (S)	1	M	212
West Arnhem (R)	0	F	2123
West Arnhem (R)	0	M	2135
West Arnhem (R)	1	F	536
West Arnhem (R)	1	M	632
West Daly (R)	0	F	1301
West Daly (R)	0	M	1245
West Daly (R)	1	F	141
West Daly (R)	1	M	139
Unincorporated NT	0	F	455
Unincorporated NT	0	M	413
Unincorporated NT	1	F	2230
Unincorporated NT	1	M	2680
No usual address (NT)	0	F	218
No usual address (NT)	0	M	234
No usual address (NT)	1	F	642
No usual address (NT)	1	M	720
Migratory - Offshore - Shipping (NT)	0	F	3
Migratory - Offshore - Shipping (NT)	0	M	37
Migratory - Offshore - Shipping (NT)	1	F	10
Migratory - Offshore - Shipping (NT)	1	M	16
Unincorporated ACT	0	F	45140
Unincorporated ACT	0	M	41447
Unincorporated ACT	1	F	145783
Unincorporated ACT	1	M	142856
No usual address (ACT)	0	F	41
No usual address (ACT)	0	M	42
No usual address (ACT)	1	F	160
No usual address (ACT)	1	M	190
Unincorp. Other Territories	0	F	1062
Unincorp. Other Territories	0	M	1055
Unincorp. Other Territories	1	F	812
Unincorp. Other Territories	1	M	871
No usual address (OT)	0	F	10
No usual address (OT)	0	M	5
No usual address (OT)	1	F	21
No usual address (OT)	1	M	20
Migratory - Offshore - Shipping (OT)	1	M	3
