LGA_NAME16	AustCitizen	Sex	persons
Albury (C)	0	F	3083
Albury (C)	0	M	2961
Albury (C)	1	F	23328
Albury (C)	1	M	21701
Armidale Regional (A)	0	F	2147
Armidale Regional (A)	0	M	2071
Armidale Regional (A)	1	F	13073
Armidale Regional (A)	1	M	12156
Ballina (A)	0	F	2327
Ballina (A)	0	M	2131
Ballina (A)	1	F	19331
Ballina (A)	1	M	17996
Balranald (A)	0	F	162
Balranald (A)	0	M	160
Balranald (A)	1	F	953
Balranald (A)	1	M	1017
Bathurst Regional (A)	0	F	2243
Bathurst Regional (A)	0	M	3000
Bathurst Regional (A)	1	F	18362
Bathurst Regional (A)	1	M	17695
Bega Valley (A)	0	F	1780
Bega Valley (A)	0	M	1712
Bega Valley (A)	1	F	15221
Bega Valley (A)	1	M	14540
Bellingen (A)	0	F	663
Bellingen (A)	0	M	630
Bellingen (A)	1	F	5885
Bellingen (A)	1	M	5493
Berrigan (A)	0	F	506
Berrigan (A)	0	M	541
Berrigan (A)	1	F	3730
Berrigan (A)	1	M	3683
Blacktown (C)	0	F	32598
Blacktown (C)	0	M	32309
Blacktown (C)	1	F	136792
Blacktown (C)	1	M	135265
Bland (A)	0	F	414
Bland (A)	0	M	401
Bland (A)	1	F	2574
Bland (A)	1	M	2570
Blayney (A)	0	F	310
Blayney (A)	0	M	341
Blayney (A)	1	F	3337
Blayney (A)	1	M	3272
Blue Mountains (C)	0	F	3931
Blue Mountains (C)	0	M	3683
Blue Mountains (C)	1	F	35851
Blue Mountains (C)	1	M	33436
Bogan (A)	0	F	180
Bogan (A)	0	M	184
Bogan (A)	1	F	1154
Bogan (A)	1	M	1171
Botany Bay (C)	0	F	6052
Botany Bay (C)	0	M	6107
Botany Bay (C)	1	F	17368
Botany Bay (C)	1	M	17122
Bourke (A)	0	F	286
Bourke (A)	0	M	281
Bourke (A)	1	F	1043
Bourke (A)	1	M	1020
Brewarrina (A)	0	F	77
Brewarrina (A)	0	M	111
Brewarrina (A)	1	F	725
Brewarrina (A)	1	M	738
Broken Hill (C)	0	F	851
Broken Hill (C)	0	M	866
Broken Hill (C)	1	F	8240
Broken Hill (C)	1	M	7749
Burwood (A)	0	F	6723
Burwood (A)	0	M	6414
Burwood (A)	1	F	12305
Burwood (A)	1	M	11371
Byron (A)	0	F	3052
Byron (A)	0	M	2921
Byron (A)	1	F	13309
Byron (A)	1	M	12276
Cabonne (A)	0	F	585
Cabonne (A)	0	M	574
Cabonne (A)	1	F	6114
Cabonne (A)	1	M	6118
Camden (A)	0	F	4150
Camden (A)	0	M	3953
Camden (A)	1	F	35734
Camden (A)	1	M	34383
Campbelltown (C) (NSW)	0	F	13555
Campbelltown (C) (NSW)	0	M	12435
Campbelltown (C) (NSW)	1	F	66444
Campbelltown (C) (NSW)	1	M	64567
Canada Bay (A)	0	F	11326
Canada Bay (A)	0	M	10409
Canada Bay (A)	1	F	34340
Canada Bay (A)	1	M	31939
Canterbury-Bankstown (A)	0	F	34881
Canterbury-Bankstown (A)	0	M	36002
Canterbury-Bankstown (A)	1	F	139096
Canterbury-Bankstown (A)	1	M	136325
Carrathool (A)	0	F	197
Carrathool (A)	0	M	208
Carrathool (A)	1	F	1106
Carrathool (A)	1	M	1213
Central Coast (C) (NSW)	0	F	18523
Central Coast (C) (NSW)	0	M	17214
Central Coast (C) (NSW)	1	F	150449
Central Coast (C) (NSW)	1	M	141554
Central Darling (A)	0	F	134
Central Darling (A)	0	M	175
Central Darling (A)	1	F	725
Central Darling (A)	1	M	798
Cessnock (C)	0	F	2719
Cessnock (C)	0	M	3324
Cessnock (C)	1	F	25209
Cessnock (C)	1	M	24309
Clarence Valley (A)	0	F	2450
Clarence Valley (A)	0	M	2648
Clarence Valley (A)	1	F	23080
Clarence Valley (A)	1	M	22492
Cobar (A)	0	F	351
Cobar (A)	0	M	383
Cobar (A)	1	F	1904
Cobar (A)	1	M	2011
Coffs Harbour (C)	0	F	4883
Coffs Harbour (C)	0	M	4631
Coffs Harbour (C)	1	F	32746
Coffs Harbour (C)	1	M	30688
Coolamon (A)	0	F	247
Coolamon (A)	0	M	237
Coolamon (A)	1	F	1909
Coolamon (A)	1	M	1923
Coonamble (A)	0	F	323
Coonamble (A)	0	M	315
Coonamble (A)	1	F	1647
Coonamble (A)	1	M	1632
Cowra (A)	0	F	632
Cowra (A)	0	M	584
Cowra (A)	1	F	5676
Cowra (A)	1	M	5573
Cumberland (A)	0	F	26612
Cumberland (A)	0	M	33109
Cumberland (A)	1	F	78388
Cumberland (A)	1	M	77971
Dungog (A)	0	F	368
Dungog (A)	0	M	389
Dungog (A)	1	F	4111
Dungog (A)	1	M	4108
Edward River (A)	0	F	558
Edward River (A)	0	M	580
Edward River (A)	1	F	3934
Edward River (A)	1	M	3773
Eurobodalla (A)	0	F	2008
Eurobodalla (A)	0	M	2027
Eurobodalla (A)	1	F	16947
Eurobodalla (A)	1	M	16243
Fairfield (C)	0	F	19298
Fairfield (C)	0	M	18310
Fairfield (C)	1	F	81557
Fairfield (C)	1	M	79649
Federation (A)	0	F	651
Federation (A)	0	M	659
Federation (A)	1	F	5523
Federation (A)	1	M	5443
Forbes (A)	0	F	485
Forbes (A)	0	M	488
Forbes (A)	1	F	4299
Forbes (A)	1	M	4318
Georges River (A)	0	F	18366
Georges River (A)	0	M	17294
Georges River (A)	1	F	56720
Georges River (A)	1	M	54461
Gilgandra (A)	0	F	186
Gilgandra (A)	0	M	193
Gilgandra (A)	1	F	1956
Gilgandra (A)	1	M	1896
Glen Innes Severn (A)	0	F	552
Glen Innes Severn (A)	0	M	650
Glen Innes Severn (A)	1	F	3901
Glen Innes Severn (A)	1	M	3730
Goulburn Mulwaree (A)	0	F	1516
Goulburn Mulwaree (A)	0	M	2134
Goulburn Mulwaree (A)	1	F	13115
Goulburn Mulwaree (A)	1	M	12848
Greater Hume Shire (A)	0	F	464
Greater Hume Shire (A)	0	M	434
Greater Hume Shire (A)	1	F	4706
Greater Hume Shire (A)	1	M	4753
Griffith (C)	0	F	2350
Griffith (C)	0	M	2450
Griffith (C)	1	F	10497
Griffith (C)	1	M	10345
Gundagai (A)	0	F	466
Gundagai (A)	0	M	492
Gundagai (A)	1	F	5158
Gundagai (A)	1	M	5022
Gunnedah (A)	0	F	613
Gunnedah (A)	0	M	622
Gunnedah (A)	1	F	5494
Gunnedah (A)	1	M	5483
Gwydir (A)	0	F	289
Gwydir (A)	0	M	300
Gwydir (A)	1	F	2303
Gwydir (A)	1	M	2357
Hawkesbury (C)	0	F	3372
Hawkesbury (C)	0	M	3269
Hawkesbury (C)	1	F	29263
Hawkesbury (C)	1	M	28683
Hay (A)	0	F	218
Hay (A)	0	M	217
Hay (A)	1	F	1243
Hay (A)	1	M	1263
Hilltops (A)	0	F	900
Hilltops (A)	0	M	772
Hilltops (A)	1	F	8502
Hilltops (A)	1	M	8316
Hornsby (A)	0	F	12102
Hornsby (A)	0	M	10847
Hornsby (A)	1	F	60925
Hornsby (A)	1	M	58787
Hunters Hill (A)	0	F	861
Hunters Hill (A)	0	M	823
Hunters Hill (A)	1	F	6155
Hunters Hill (A)	1	M	6164
Inner West (A)	0	F	19666
Inner West (A)	0	M	19612
Inner West (A)	1	F	73636
Inner West (A)	1	M	69124
Inverell (A)	0	F	922
Inverell (A)	0	M	858
Inverell (A)	1	F	7501
Inverell (A)	1	M	7203
Junee (A)	0	F	334
Junee (A)	0	M	1217
Junee (A)	1	F	2386
Junee (A)	1	M	2357
Kempsey (A)	0	F	1675
Kempsey (A)	0	M	1980
Kempsey (A)	1	F	12764
Kempsey (A)	1	M	12467
Kiama (A)	0	F	1186
Kiama (A)	0	M	1092
Kiama (A)	1	F	9750
Kiama (A)	1	M	9436
Ku-ring-gai (A)	0	F	10577
Ku-ring-gai (A)	0	M	9069
Ku-ring-gai (A)	1	F	50817
Ku-ring-gai (A)	1	M	47588
Kyogle (A)	0	F	519
Kyogle (A)	0	M	567
Kyogle (A)	1	F	3892
Kyogle (A)	1	M	3962
Lachlan (A)	0	F	405
Lachlan (A)	0	M	426
Lachlan (A)	1	F	2694
Lachlan (A)	1	M	2674
Lake Macquarie (C)	0	F	7920
Lake Macquarie (C)	0	M	7435
Lake Macquarie (C)	1	F	93157
Lake Macquarie (C)	1	M	88859
Lane Cove (A)	0	F	3709
Lane Cove (A)	0	M	3425
Lane Cove (A)	1	F	14604
Lane Cove (A)	1	M	14308
Leeton (A)	0	F	743
Leeton (A)	0	M	733
Leeton (A)	1	F	4890
Leeton (A)	1	M	4797
Lismore (C)	0	F	2443
Lismore (C)	0	M	2354
Lismore (C)	1	F	19717
Lismore (C)	1	M	18621
Lithgow (C)	0	F	1351
Lithgow (C)	0	M	1723
Lithgow (C)	1	F	9050
Lithgow (C)	1	M	8966
Liverpool (C)	0	F	18227
Liverpool (C)	0	M	17731
Liverpool (C)	1	F	84748
Liverpool (C)	1	M	83620
Liverpool Plains (A)	0	F	440
Liverpool Plains (A)	0	M	393
Liverpool Plains (A)	1	F	3375
Liverpool Plains (A)	1	M	3477
Lockhart (A)	0	F	177
Lockhart (A)	0	M	139
Lockhart (A)	1	F	1402
Lockhart (A)	1	M	1398
Maitland (C)	0	F	3322
Maitland (C)	0	M	3176
Maitland (C)	1	F	36249
Maitland (C)	1	M	34560
Mid-Coast (A)	0	F	4518
Mid-Coast (A)	0	M	4230
Mid-Coast (A)	1	F	41697
Mid-Coast (A)	1	M	39861
Mid-Western Regional (A)	0	F	1531
Mid-Western Regional (A)	0	M	1527
Mid-Western Regional (A)	1	F	10444
Mid-Western Regional (A)	1	M	10572
Moree Plains (A)	0	F	943
Moree Plains (A)	0	M	981
Moree Plains (A)	1	F	5577
Moree Plains (A)	1	M	5655
Mosman (A)	0	F	3085
Mosman (A)	0	M	2734
Mosman (A)	1	F	12205
Mosman (A)	1	M	10455
Murray River (A)	0	F	610
Murray River (A)	0	M	599
Murray River (A)	1	F	5271
Murray River (A)	1	M	5196
Murrumbidgee (A)	0	F	263
Murrumbidgee (A)	0	M	291
Murrumbidgee (A)	1	F	1549
Murrumbidgee (A)	1	M	1735
Muswellbrook (A)	0	F	883
Muswellbrook (A)	0	M	1128
Muswellbrook (A)	1	F	6954
Muswellbrook (A)	1	M	7115
Nambucca (A)	0	F	989
Nambucca (A)	0	M	984
Nambucca (A)	1	F	8805
Nambucca (A)	1	M	8437
Narrabri (A)	0	F	860
Narrabri (A)	0	M	821
Narrabri (A)	1	F	5699
Narrabri (A)	1	M	5707
Narrandera (A)	0	F	379
Narrandera (A)	0	M	369
Narrandera (A)	1	F	2574
Narrandera (A)	1	M	2532
Narromine (A)	0	F	364
Narromine (A)	0	M	359
Narromine (A)	1	F	2862
Narromine (A)	1	M	2855
Newcastle (C)	0	F	8624
Newcastle (C)	0	M	8741
Newcastle (C)	1	F	70142
Newcastle (C)	1	M	67901
North Sydney (A)	0	F	9233
North Sydney (A)	0	M	8157
North Sydney (A)	1	F	26511
North Sydney (A)	1	M	23753
Northern Beaches (A)	0	F	21364
Northern Beaches (A)	0	M	19993
Northern Beaches (A)	1	F	108006
Northern Beaches (A)	1	M	103514
Oberon (A)	0	F	355
Oberon (A)	0	M	505
Oberon (A)	1	F	2188
Oberon (A)	1	M	2246
Orange (C)	0	F	2155
Orange (C)	0	M	2128
Orange (C)	1	F	18573
Orange (C)	1	M	17487
Parkes (A)	0	F	835
Parkes (A)	0	M	801
Parkes (A)	1	F	6581
Parkes (A)	1	M	6389
Parramatta (C)	0	F	33095
Parramatta (C)	0	M	34026
Parramatta (C)	1	F	79901
Parramatta (C)	1	M	79132
Penrith (C)	0	F	13533
Penrith (C)	0	M	13530
Penrith (C)	1	F	85710
Penrith (C)	1	M	83292
Port Macquarie-Hastings (A)	0	F	4023
Port Macquarie-Hastings (A)	0	M	3801
Port Macquarie-Hastings (A)	1	F	36823
Port Macquarie-Hastings (A)	1	M	33896
Port Stephens (A)	0	F	3747
Port Stephens (A)	0	M	3609
Port Stephens (A)	1	F	31427
Port Stephens (A)	1	M	30775
Queanbeyan-Palerang Regional (A)	0	F	3633
Queanbeyan-Palerang Regional (A)	0	M	3700
Queanbeyan-Palerang Regional (A)	1	F	24266
Queanbeyan-Palerang Regional (A)	1	M	24433
Randwick (C)	0	F	19773
Randwick (C)	0	M	21332
Randwick (C)	1	F	51709
Randwick (C)	1	M	47847
Richmond Valley (A)	0	F	1096
Richmond Valley (A)	0	M	1087
Richmond Valley (A)	1	F	10393
Richmond Valley (A)	1	M	10231
Rockdale (C)	0	F	14368
Rockdale (C)	0	M	14524
Rockdale (C)	1	F	40957
Rockdale (C)	1	M	39555
Ryde (C)	0	F	16072
Ryde (C)	0	M	14259
Ryde (C)	1	F	43719
Ryde (C)	1	M	42250
Shellharbour (C)	0	F	3559
Shellharbour (C)	0	M	3298
Shellharbour (C)	1	F	31456
Shellharbour (C)	1	M	30146
Shoalhaven (C)	0	F	5314
Shoalhaven (C)	0	M	5747
Shoalhaven (C)	1	F	45050
Shoalhaven (C)	1	M	43537
Singleton (A)	0	F	1268
Singleton (A)	0	M	1281
Singleton (A)	1	F	10020
Singleton (A)	1	M	10420
Snowy Monaro Regional (A)	0	F	1238
Snowy Monaro Regional (A)	0	M	1461
Snowy Monaro Regional (A)	1	F	8518
Snowy Monaro Regional (A)	1	M	9000
Snowy Valleys (A)	0	F	894
Snowy Valleys (A)	0	M	1037
Snowy Valleys (A)	1	F	6225
Snowy Valleys (A)	1	M	6241
Strathfield (A)	0	F	6511
Strathfield (A)	0	M	7162
Strathfield (A)	1	F	13363
Strathfield (A)	1	M	13272
Sutherland Shire (A)	0	F	11194
Sutherland Shire (A)	0	M	10334
Sutherland Shire (A)	1	F	100556
Sutherland Shire (A)	1	M	96379
Sydney (C)	0	F	45412
Sydney (C)	0	M	46439
Sydney (C)	1	F	55118
Sydney (C)	1	M	61413
Tamworth Regional (A)	0	F	3302
Tamworth Regional (A)	0	M	3371
Tamworth Regional (A)	1	F	27279
Tamworth Regional (A)	1	M	25706
Temora (A)	0	F	214
Temora (A)	0	M	210
Temora (A)	1	F	2859
Temora (A)	1	M	2826
Tenterfield (A)	0	F	438
Tenterfield (A)	0	M	407
Tenterfield (A)	1	F	2937
Tenterfield (A)	1	M	2846
The Hills Shire (A)	0	F	11633
The Hills Shire (A)	0	M	10476
The Hills Shire (A)	1	F	68158
The Hills Shire (A)	1	M	66975
Tweed (A)	0	F	5830
Tweed (A)	0	M	5409
Tweed (A)	1	F	41431
Tweed (A)	1	M	38700
Upper Hunter Shire (A)	0	F	931
Upper Hunter Shire (A)	0	M	917
Upper Hunter Shire (A)	1	F	6209
Upper Hunter Shire (A)	1	M	6053
Upper Lachlan Shire (A)	0	F	378
Upper Lachlan Shire (A)	0	M	402
Upper Lachlan Shire (A)	1	F	3407
Upper Lachlan Shire (A)	1	M	3515
Uralla (A)	0	F	257
Uralla (A)	0	M	241
Uralla (A)	1	F	2863
Uralla (A)	1	M	2685
Wagga Wagga (C)	0	F	3245
Wagga Wagga (C)	0	M	3463
Wagga Wagga (C)	1	F	28635
Wagga Wagga (C)	1	M	27041
Walcha (A)	0	F	206
Walcha (A)	0	M	194
Walcha (A)	1	F	1334
Walcha (A)	1	M	1357
Walgett (A)	0	F	446
Walgett (A)	0	M	483
Walgett (A)	1	F	2429
Walgett (A)	1	M	2752
Warren (A)	0	F	176
Warren (A)	0	M	161
Warren (A)	1	F	1190
Warren (A)	1	M	1205
Warrumbungle Shire (A)	0	F	596
Warrumbungle Shire (A)	0	M	589
Warrumbungle Shire (A)	1	F	4096
Warrumbungle Shire (A)	1	M	4100
Waverley (A)	0	F	9804
Waverley (A)	0	M	9242
Waverley (A)	1	F	24530
Waverley (A)	1	M	23243
Weddin (A)	0	F	204
Weddin (A)	0	M	198
Weddin (A)	1	F	1627
Weddin (A)	1	M	1636
Wentworth (A)	0	F	393
Wentworth (A)	0	M	437
Wentworth (A)	1	F	2895
Wentworth (A)	1	M	3075
Western Plains Regional (A)	0	F	3042
Western Plains Regional (A)	0	M	3494
Western Plains Regional (A)	1	F	22463
Western Plains Regional (A)	1	M	21072
Willoughby (C)	0	F	10460
Willoughby (C)	0	M	8871
Willoughby (C)	1	F	28164
Willoughby (C)	1	M	26815
Wingecarribee (A)	0	F	2842
Wingecarribee (A)	0	M	2697
Wingecarribee (A)	1	F	22146
Wingecarribee (A)	1	M	20197
Wollondilly (A)	0	F	2173
Wollondilly (A)	0	M	2153
Wollondilly (A)	1	F	22141
Wollondilly (A)	1	M	22054
Wollongong (C)	0	F	13305
Wollongong (C)	0	M	13752
Wollongong (C)	1	F	89782
Wollongong (C)	1	M	86790
Woollahra (A)	0	F	6179
Woollahra (A)	0	M	5307
Woollahra (A)	1	F	22830
Woollahra (A)	1	M	19925
Yass Valley (A)	0	F	714
Yass Valley (A)	0	M	724
Yass Valley (A)	1	F	7495
Yass Valley (A)	1	M	7207
Unincorporated NSW	0	F	75
Unincorporated NSW	0	M	85
Unincorporated NSW	1	F	417
Unincorporated NSW	1	M	484
No usual address (NSW)	0	F	1930
No usual address (NSW)	0	M	3152
No usual address (NSW)	1	F	3009
No usual address (NSW)	1	M	4199
Migratory - Offshore - Shipping (NSW)	0	F	55
Migratory - Offshore - Shipping (NSW)	0	M	34
Migratory - Offshore - Shipping (NSW)	1	F	184
Migratory - Offshore - Shipping (NSW)	1	M	137
Alpine (S)	0	F	795
Alpine (S)	0	M	747
Alpine (S)	1	F	5470
Alpine (S)	1	M	5327
Ararat (RC)	0	F	625
Ararat (RC)	0	M	1284
Ararat (RC)	1	F	4824
Ararat (RC)	1	M	4868
Ballarat (C)	0	F	5444
Ballarat (C)	0	M	5120
Ballarat (C)	1	F	47377
Ballarat (C)	1	M	43744
Banyule (C)	0	F	8673
Banyule (C)	0	M	7981
Banyule (C)	1	F	53971
Banyule (C)	1	M	51241
Bass Coast (S)	0	F	1993
Bass Coast (S)	0	M	1906
Bass Coast (S)	1	F	14919
Bass Coast (S)	1	M	13991
Baw Baw (S)	0	F	2636
Baw Baw (S)	0	M	2446
Baw Baw (S)	1	F	22302
Baw Baw (S)	1	M	21097
Bayside (C)	0	F	7422
Bayside (C)	0	M	6721
Bayside (C)	1	F	43440
Bayside (C)	1	M	39508
Benalla (RC)	0	F	769
Benalla (RC)	0	M	685
Benalla (RC)	1	F	6380
Benalla (RC)	1	M	6035
Boroondara (C)	0	F	16307
Boroondara (C)	0	M	14475
Boroondara (C)	1	F	70778
Boroondara (C)	1	M	65670
Brimbank (C)	0	F	21442
Brimbank (C)	0	M	22728
Brimbank (C)	1	F	75637
Brimbank (C)	1	M	74511
Buloke (S)	0	F	338
Buloke (S)	0	M	362
Buloke (S)	1	F	2728
Buloke (S)	1	M	2776
Campaspe (S)	0	F	1961
Campaspe (S)	0	M	1781
Campaspe (S)	1	F	16804
Campaspe (S)	1	M	16512
Cardinia (S)	0	F	6519
Cardinia (S)	0	M	6249
Cardinia (S)	1	F	41254
Cardinia (S)	1	M	40109
Casey (C)	0	F	29508
Casey (C)	0	M	28620
Casey (C)	1	F	120766
Casey (C)	1	M	120404
Central Goldfields (S)	0	F	635
Central Goldfields (S)	0	M	624
Central Goldfields (S)	1	F	5945
Central Goldfields (S)	1	M	5788
Colac-Otway (S)	0	F	1130
Colac-Otway (S)	0	M	1158
Colac-Otway (S)	1	F	9359
Colac-Otway (S)	1	M	9327
Corangamite (S)	0	F	852
Corangamite (S)	0	M	847
Corangamite (S)	1	F	7118
Corangamite (S)	1	M	7235
Darebin (C)	0	F	16284
Darebin (C)	0	M	16129
Darebin (C)	1	F	59532
Darebin (C)	1	M	54774
East Gippsland (S)	0	F	2723
East Gippsland (S)	0	M	2564
East Gippsland (S)	1	F	20209
East Gippsland (S)	1	M	19543
Frankston (C)	0	F	10352
Frankston (C)	0	M	9719
Frankston (C)	1	F	58375
Frankston (C)	1	M	55699
Gannawarra (S)	0	F	485
Gannawarra (S)	0	M	456
Gannawarra (S)	1	F	4808
Gannawarra (S)	1	M	4801
Glen Eira (C)	0	F	14816
Glen Eira (C)	0	M	13884
Glen Eira (C)	1	F	57919
Glen Eira (C)	1	M	54256
Glenelg (S)	0	F	1059
Glenelg (S)	0	M	1049
Glenelg (S)	1	F	8750
Glenelg (S)	1	M	8700
Golden Plains (S)	0	F	936
Golden Plains (S)	0	M	922
Golden Plains (S)	1	F	9739
Golden Plains (S)	1	M	10097
Greater Bendigo (C)	0	F	5678
Greater Bendigo (C)	0	M	5478
Greater Bendigo (C)	1	F	51213
Greater Bendigo (C)	1	M	48109
Greater Dandenong (C)	0	F	21091
Greater Dandenong (C)	0	M	23661
Greater Dandenong (C)	1	F	53415
Greater Dandenong (C)	1	M	53889
Greater Geelong (C)	0	F	14484
Greater Geelong (C)	0	M	15246
Greater Geelong (C)	1	F	105733
Greater Geelong (C)	1	M	97968
Greater Shepparton (C)	0	F	4880
Greater Shepparton (C)	0	M	5220
Greater Shepparton (C)	1	F	27245
Greater Shepparton (C)	1	M	26493
Hepburn (S)	0	F	1097
Hepburn (S)	0	M	962
Hepburn (S)	1	F	6847
Hepburn (S)	1	M	6420
Hindmarsh (S)	0	F	306
Hindmarsh (S)	0	M	274
Hindmarsh (S)	1	F	2566
Hindmarsh (S)	1	M	2574
Hobsons Bay (C)	0	F	7964
Hobsons Bay (C)	0	M	7929
Hobsons Bay (C)	1	F	37182
Hobsons Bay (C)	1	M	35702
Horsham (RC)	0	F	798
Horsham (RC)	0	M	753
Horsham (RC)	1	F	9269
Horsham (RC)	1	M	8823
Hume (C)	0	F	18579
Hume (C)	0	M	19281
Hume (C)	1	F	80523
Hume (C)	1	M	78992
Indigo (S)	0	F	684
Indigo (S)	0	M	841
Indigo (S)	1	F	7413
Indigo (S)	1	M	7018
Kingston (C) (Vic.)	0	F	12863
Kingston (C) (Vic.)	0	M	12285
Kingston (C) (Vic.)	1	F	64890
Kingston (C) (Vic.)	1	M	61352
Knox (C)	0	F	11930
Knox (C)	0	M	10666
Knox (C)	1	F	66863
Knox (C)	1	M	64651
Latrobe (C) (Vic.)	0	F	4649
Latrobe (C) (Vic.)	0	M	4435
Latrobe (C) (Vic.)	1	F	32820
Latrobe (C) (Vic.)	1	M	31353
Loddon (S)	0	F	499
Loddon (S)	0	M	540
Loddon (S)	1	F	3169
Loddon (S)	1	M	3308
Macedon Ranges (S)	0	F	2507
Macedon Ranges (S)	0	M	2399
Macedon Ranges (S)	1	F	20908
Macedon Ranges (S)	1	M	20286
Manningham (C)	0	F	11092
Manningham (C)	0	M	9864
Manningham (C)	1	F	48861
Manningham (C)	1	M	46442
Mansfield (S)	0	F	505
Mansfield (S)	0	M	495
Mansfield (S)	1	F	3809
Mansfield (S)	1	M	3777
Maribyrnong (C)	0	F	10151
Maribyrnong (C)	0	M	11200
Maribyrnong (C)	1	F	30732
Maribyrnong (C)	1	M	30205
Maroondah (C)	0	F	8182
Maroondah (C)	0	M	7590
Maroondah (C)	1	F	48797
Maroondah (C)	1	M	45808
Melbourne (C)	0	F	39147
Melbourne (C)	0	M	35417
Melbourne (C)	1	F	30676
Melbourne (C)	1	M	30720
Melton (C)	0	F	11617
Melton (C)	0	M	11262
Melton (C)	1	F	56932
Melton (C)	1	M	55628
Mildura (RC)	0	F	3588
Mildura (RC)	0	M	3683
Mildura (RC)	1	F	23810
Mildura (RC)	1	M	22798
Mitchell (S)	0	F	2680
Mitchell (S)	0	M	2560
Mitchell (S)	1	F	17670
Mitchell (S)	1	M	18010
Moira (S)	0	F	1770
Moira (S)	0	M	1731
Moira (S)	1	F	12828
Moira (S)	1	M	12783
Monash (C)	0	F	26785
Monash (C)	0	M	25411
Monash (C)	1	F	66105
Monash (C)	1	M	64311
Moonee Valley (C)	0	F	9751
Moonee Valley (C)	0	M	9043
Moonee Valley (C)	1	F	50529
Moonee Valley (C)	1	M	47351
Moorabool (S)	0	F	1793
Moorabool (S)	0	M	1704
Moorabool (S)	1	F	14280
Moorabool (S)	1	M	14040
Moreland (C)	0	F	17140
Moreland (C)	0	M	17835
Moreland (C)	1	F	65911
Moreland (C)	1	M	61672
Mornington Peninsula (S)	0	F	9476
Mornington Peninsula (S)	0	M	8797
Mornington Peninsula (S)	1	F	70649
Mornington Peninsula (S)	1	M	66078
Mount Alexander (S)	0	F	1140
Mount Alexander (S)	0	M	1702
Mount Alexander (S)	1	F	8235
Mount Alexander (S)	1	M	7687
Moyne (S)	0	F	929
Moyne (S)	0	M	936
Moyne (S)	1	F	7316
Moyne (S)	1	M	7319
Murrindindi (S)	0	F	823
Murrindindi (S)	0	M	843
Murrindindi (S)	1	F	5948
Murrindindi (S)	1	M	6114
Nillumbik (S)	0	F	2937
Nillumbik (S)	0	M	2815
Nillumbik (S)	1	F	28070
Nillumbik (S)	1	M	27451
Northern Grampians (S)	0	F	629
Northern Grampians (S)	0	M	537
Northern Grampians (S)	1	F	5156
Northern Grampians (S)	1	M	5115
Port Phillip (C)	0	F	13817
Port Phillip (C)	0	M	13561
Port Phillip (C)	1	F	37746
Port Phillip (C)	1	M	35746
Pyrenees (S)	0	F	394
Pyrenees (S)	0	M	758
Pyrenees (S)	1	F	3014
Pyrenees (S)	1	M	3073
Queenscliffe (B)	0	F	161
Queenscliffe (B)	0	M	160
Queenscliffe (B)	1	F	1366
Queenscliffe (B)	1	M	1165
South Gippsland (S)	0	F	1731
South Gippsland (S)	0	M	1557
South Gippsland (S)	1	F	12913
South Gippsland (S)	1	M	12502
Southern Grampians (S)	0	F	774
Southern Grampians (S)	0	M	698
Southern Grampians (S)	1	F	7404
Southern Grampians (S)	1	M	7061
Stonnington (C)	0	F	13222
Stonnington (C)	0	M	11702
Stonnington (C)	1	F	41240
Stonnington (C)	1	M	37669
Strathbogie (S)	0	F	602
Strathbogie (S)	0	M	567
Strathbogie (S)	1	F	4596
Strathbogie (S)	1	M	4507
Surf Coast (S)	0	F	1465
Surf Coast (S)	0	M	1515
Surf Coast (S)	1	F	13353
Surf Coast (S)	1	M	13067
Swan Hill (RC)	0	F	1782
Swan Hill (RC)	0	M	1980
Swan Hill (RC)	1	F	8435
Swan Hill (RC)	1	M	8388
Towong (S)	0	F	290
Towong (S)	0	M	320
Towong (S)	1	F	2617
Towong (S)	1	M	2757
Wangaratta (RC)	0	F	1414
Wangaratta (RC)	0	M	1341
Wangaratta (RC)	1	F	13251
Wangaratta (RC)	1	M	12310
Warrnambool (C)	0	F	1961
Warrnambool (C)	0	M	1915
Warrnambool (C)	1	F	15541
Warrnambool (C)	1	M	14242
Wellington (S)	0	F	2492
Wellington (S)	0	M	3225
Wellington (S)	1	F	18795
Wellington (S)	1	M	18470
West Wimmera (S)	0	F	158
West Wimmera (S)	0	M	143
West Wimmera (S)	1	F	1783
West Wimmera (S)	1	M	1823
Whitehorse (C)	0	F	19289
Whitehorse (C)	0	M	18087
Whitehorse (C)	1	F	64743
Whitehorse (C)	1	M	59964
Whittlesea (C)	0	F	18264
Whittlesea (C)	0	M	18090
Whittlesea (C)	1	F	81688
Whittlesea (C)	1	M	79451
Wodonga (C)	0	F	2034
Wodonga (C)	0	M	1958
Wodonga (C)	1	F	18016
Wodonga (C)	1	M	17338
Wyndham (C)	0	F	28853
Wyndham (C)	0	M	28132
Wyndham (C)	1	F	79466
Wyndham (C)	1	M	80674
Yarra (C)	0	F	10150
Yarra (C)	0	M	9571
Yarra (C)	1	F	34469
Yarra (C)	1	M	32468
Yarra Ranges (S)	0	F	8492
Yarra Ranges (S)	0	M	8032
Yarra Ranges (S)	1	F	67225
Yarra Ranges (S)	1	M	65787
Yarriambiack (S)	0	F	341
Yarriambiack (S)	0	M	307
Yarriambiack (S)	1	F	2964
Yarriambiack (S)	1	M	3059
Unincorporated Vic	0	F	169
Unincorporated Vic	0	M	167
Unincorporated Vic	1	F	240
Unincorporated Vic	1	M	306
No usual address (Vic.)	0	F	1341
No usual address (Vic.)	0	M	1877
No usual address (Vic.)	1	F	1897
No usual address (Vic.)	1	M	2454
Migratory - Offshore - Shipping (Vic.)	0	F	0
Migratory - Offshore - Shipping (Vic.)	0	M	3
Migratory - Offshore - Shipping (Vic.)	1	F	4
Migratory - Offshore - Shipping (Vic.)	1	M	25
Aurukun (S)	0	F	14
Aurukun (S)	0	M	24
Aurukun (S)	1	F	621
Aurukun (S)	1	M	608
Balonne (S)	0	F	245
Balonne (S)	0	M	243
Balonne (S)	1	F	1884
Balonne (S)	1	M	2008
Banana (S)	0	F	849
Banana (S)	0	M	968
Banana (S)	1	F	6079
Banana (S)	1	M	6420
Barcaldine (R)	0	F	142
Barcaldine (R)	0	M	136
Barcaldine (R)	1	F	1277
Barcaldine (R)	1	M	1313
Barcoo (S)	0	F	14
Barcoo (S)	0	M	15
Barcoo (S)	1	F	109
Barcoo (S)	1	M	134
Blackall-Tambo (R)	0	F	89
Blackall-Tambo (R)	0	M	56
Blackall-Tambo (R)	1	F	869
Blackall-Tambo (R)	1	M	888
Boulia (S)	0	F	43
Boulia (S)	0	M	43
Boulia (S)	1	F	158
Boulia (S)	1	M	185
Brisbane (C)	0	F	118543
Brisbane (C)	0	M	116849
Brisbane (C)	1	F	456177
Brisbane (C)	1	M	439591
Bulloo (S)	0	F	21
Bulloo (S)	0	M	28
Bulloo (S)	1	F	143
Bulloo (S)	1	M	159
Bundaberg (R)	0	F	5632
Bundaberg (R)	0	M	5484
Bundaberg (R)	1	F	41548
Bundaberg (R)	1	M	40232
Burdekin (S)	0	F	852
Burdekin (S)	0	M	911
Burdekin (S)	1	F	7550
Burdekin (S)	1	M	7762
Burke (S)	0	F	33
Burke (S)	0	M	34
Burke (S)	1	F	111
Burke (S)	1	M	149
Cairns (R)	0	F	15717
Cairns (R)	0	M	14121
Cairns (R)	1	F	63791
Cairns (R)	1	M	63269
Carpentaria (S)	0	F	104
Carpentaria (S)	0	M	113
Carpentaria (S)	1	F	843
Carpentaria (S)	1	M	890
Cassowary Coast (R)	0	F	2123
Cassowary Coast (R)	0	M	2249
Cassowary Coast (R)	1	F	11838
Cassowary Coast (R)	1	M	12520
Central Highlands (R) (Qld)	0	F	2367
Central Highlands (R) (Qld)	0	M	2840
Central Highlands (R) (Qld)	1	F	10873
Central Highlands (R) (Qld)	1	M	11916
Charters Towers (R)	0	F	745
Charters Towers (R)	0	M	721
Charters Towers (R)	1	F	5247
Charters Towers (R)	1	M	5164
Cherbourg (S)	0	F	0
Cherbourg (S)	0	M	8
Cherbourg (S)	1	F	635
Cherbourg (S)	1	M	620
Cloncurry (S)	0	F	267
Cloncurry (S)	0	M	336
Cloncurry (S)	1	F	1060
Cloncurry (S)	1	M	1370
Cook (S)	0	F	391
Cook (S)	0	M	462
Cook (S)	1	F	1559
Cook (S)	1	M	1811
Croydon (S)	0	F	41
Croydon (S)	0	M	46
Croydon (S)	1	F	104
Croydon (S)	1	M	102
Diamantina (S)	0	F	35
Diamantina (S)	0	M	23
Diamantina (S)	1	F	107
Diamantina (S)	1	M	127
Doomadgee (S)	0	F	19
Doomadgee (S)	0	M	17
Doomadgee (S)	1	F	673
Doomadgee (S)	1	M	690
Douglas (S)	0	F	1400
Douglas (S)	0	M	1312
Douglas (S)	1	F	4358
Douglas (S)	1	M	4648
Etheridge (S)	0	F	55
Etheridge (S)	0	M	57
Etheridge (S)	1	F	314
Etheridge (S)	1	M	378
Flinders (S) (Qld)	0	F	89
Flinders (S) (Qld)	0	M	78
Flinders (S) (Qld)	1	F	667
Flinders (S) (Qld)	1	M	699
Fraser Coast (R)	0	F	6222
Fraser Coast (R)	0	M	6561
Fraser Coast (R)	1	F	45508
Fraser Coast (R)	1	M	43212
Gladstone (R)	0	F	4710
Gladstone (R)	0	M	4818
Gladstone (R)	1	F	25279
Gladstone (R)	1	M	26829
Gold Coast (C)	0	F	62761
Gold Coast (C)	0	M	59106
Gold Coast (C)	1	F	222825
Gold Coast (C)	1	M	211035
Goondiwindi (R)	0	F	707
Goondiwindi (R)	0	M	691
Goondiwindi (R)	1	F	4581
Goondiwindi (R)	1	M	4649
Gympie (R)	0	F	2967
Gympie (R)	0	M	2969
Gympie (R)	1	F	22018
Gympie (R)	1	M	21609
Hinchinbrook (S)	0	F	529
Hinchinbrook (S)	0	M	512
Hinchinbrook (S)	1	F	4803
Hinchinbrook (S)	1	M	5044
Hope Vale (S)	0	F	8
Hope Vale (S)	0	M	22
Hope Vale (S)	1	F	415
Hope Vale (S)	1	M	477
Ipswich (C)	0	F	16769
Ipswich (C)	0	M	16554
Ipswich (C)	1	F	81168
Ipswich (C)	1	M	79243
Isaac (R)	0	F	1809
Isaac (R)	0	M	2502
Isaac (R)	1	F	7707
Isaac (R)	1	M	8917
Kowanyama (S)	0	F	6
Kowanyama (S)	0	M	3
Kowanyama (S)	1	F	487
Kowanyama (S)	1	M	448
Livingstone (S)	0	F	2110
Livingstone (S)	0	M	2914
Livingstone (S)	1	F	15539
Livingstone (S)	1	M	15707
Lockhart River (S)	0	F	19
Lockhart River (S)	0	M	18
Lockhart River (S)	1	F	341
Lockhart River (S)	1	M	339
Lockyer Valley (R)	0	F	2817
Lockyer Valley (R)	0	M	2986
Lockyer Valley (R)	1	F	16492
Lockyer Valley (R)	1	M	16312
Logan (C)	0	F	31288
Logan (C)	0	M	30873
Logan (C)	1	F	122192
Logan (C)	1	M	119028
Longreach (R)	0	F	230
Longreach (R)	0	M	221
Longreach (R)	1	F	1639
Longreach (R)	1	M	1570
Mackay (R)	0	F	7108
Mackay (R)	0	M	8425
Mackay (R)	1	F	49605
Mackay (R)	1	M	49831
McKinlay (S)	0	F	45
McKinlay (S)	0	M	54
McKinlay (S)	1	F	319
McKinlay (S)	1	M	378
Mapoon (S)	0	F	-2
Mapoon (S)	0	M	3
Mapoon (S)	1	F	159
Mapoon (S)	1	M	148
Maranoa (R)	0	F	802
Maranoa (R)	0	M	930
Maranoa (R)	1	F	5348
Maranoa (R)	1	M	5585
Mareeba (S)	0	F	1696
Mareeba (S)	0	M	2550
Mareeba (S)	1	F	8555
Mareeba (S)	1	M	8760
Moreton Bay (R)	0	F	31663
Moreton Bay (R)	0	M	30683
Moreton Bay (R)	1	F	185473
Moreton Bay (R)	1	M	177487
Mornington (S)	0	F	37
Mornington (S)	0	M	22
Mornington (S)	1	F	542
Mornington (S)	1	M	541
Mount Isa (C)	0	F	1935
Mount Isa (C)	0	M	2136
Mount Isa (C)	1	F	7077
Mount Isa (C)	1	M	7520
Murweh (S)	0	F	258
Murweh (S)	0	M	221
Murweh (S)	1	F	1922
Murweh (S)	1	M	1910
Napranum (S)	0	F	6
Napranum (S)	0	M	11
Napranum (S)	1	F	458
Napranum (S)	1	M	484
Noosa (S)	0	F	3728
Noosa (S)	0	M	3546
Noosa (S)	1	F	23082
Noosa (S)	1	M	21794
North Burnett (R)	0	F	784
North Burnett (R)	0	M	936
North Burnett (R)	1	F	4345
North Burnett (R)	1	M	4417
Northern Peninsula Area (R)	0	F	56
Northern Peninsula Area (R)	0	M	51
Northern Peninsula Area (R)	1	F	1378
Northern Peninsula Area (R)	1	M	1308
Palm Island (S)	0	F	33
Palm Island (S)	0	M	23
Palm Island (S)	1	F	1202
Palm Island (S)	1	M	1186
Paroo (S)	0	F	85
Paroo (S)	0	M	79
Paroo (S)	1	F	739
Paroo (S)	1	M	736
Pormpuraaw (S)	0	F	14
Pormpuraaw (S)	0	M	12
Pormpuraaw (S)	1	F	364
Pormpuraaw (S)	1	M	363
Quilpie (S)	0	F	26
Quilpie (S)	0	M	40
Quilpie (S)	1	F	351
Quilpie (S)	1	M	396
Redland (C)	0	F	9941
Redland (C)	0	M	9602
Redland (C)	1	F	65081
Redland (C)	1	M	62383
Richmond (S)	0	F	44
Richmond (S)	0	M	42
Richmond (S)	1	F	334
Richmond (S)	1	M	368
Rockhampton (R)	0	F	4516
Rockhampton (R)	0	M	5012
Rockhampton (R)	1	F	35805
Rockhampton (R)	1	M	34390
Scenic Rim (R)	0	F	2600
Scenic Rim (R)	0	M	2696
Scenic Rim (R)	1	F	17708
Scenic Rim (R)	1	M	17065
Somerset (R)	0	F	1624
Somerset (R)	0	M	1686
Somerset (R)	1	F	10591
Somerset (R)	1	M	10695
South Burnett (R)	0	F	1630
South Burnett (R)	0	M	1777
South Burnett (R)	1	F	14441
South Burnett (R)	1	M	14334
Southern Downs (R)	0	F	1768
Southern Downs (R)	0	M	1735
Southern Downs (R)	1	F	16063
Southern Downs (R)	1	M	15550
Sunshine Coast (R)	0	F	21374
Sunshine Coast (R)	0	M	19945
Sunshine Coast (R)	1	F	131029
Sunshine Coast (R)	1	M	122020
Tablelands (R)	0	F	1565
Tablelands (R)	0	M	1480
Tablelands (R)	1	F	11052
Tablelands (R)	1	M	10734
Toowoomba (R)	0	F	9880
Toowoomba (R)	0	M	9977
Toowoomba (R)	1	F	72727
Toowoomba (R)	1	M	68189
Torres (S)	0	F	295
Torres (S)	0	M	270
Torres (S)	1	F	1531
Torres (S)	1	M	1518
Torres Strait Island (R)	0	F	77
Torres Strait Island (R)	0	M	121
Torres Strait Island (R)	1	F	2144
Torres Strait Island (R)	1	M	2174
Townsville (C)	0	F	12572
Townsville (C)	0	M	13522
Townsville (C)	1	F	80830
Townsville (C)	1	M	79830
Weipa (T)	0	F	272
Weipa (T)	0	M	290
Weipa (T)	1	F	1534
Weipa (T)	1	M	1807
Western Downs (R)	0	F	2360
Western Downs (R)	0	M	2587
Western Downs (R)	1	F	13962
Western Downs (R)	1	M	14541
Whitsunday (R)	0	F	3461
Whitsunday (R)	0	M	3713
Whitsunday (R)	1	F	12823
Whitsunday (R)	1	M	13782
Winton (S)	0	F	62
Winton (S)	0	M	71
Winton (S)	1	F	476
Winton (S)	1	M	519
Woorabinda (S)	0	F	16
Woorabinda (S)	0	M	17
Woorabinda (S)	1	F	476
Woorabinda (S)	1	M	453
Wujal Wujal (S)	0	F	-3
Wujal Wujal (S)	0	M	4
Wujal Wujal (S)	1	F	151
Wujal Wujal (S)	1	M	127
Yarrabah (S)	0	F	8
Yarrabah (S)	0	M	8
Yarrabah (S)	1	F	1270
Yarrabah (S)	1	M	1270
No usual address (Qld)	0	F	1970
No usual address (Qld)	0	M	2493
No usual address (Qld)	1	F	3602
No usual address (Qld)	1	M	4444
Migratory - Offshore - Shipping (Qld)	0	F	22
Migratory - Offshore - Shipping (Qld)	0	M	15
Migratory - Offshore - Shipping (Qld)	1	F	65
Migratory - Offshore - Shipping (Qld)	1	M	51
Adelaide (C)	0	F	4640
Adelaide (C)	0	M	4925
Adelaide (C)	1	F	6113
Adelaide (C)	1	M	6385
Adelaide Hills (DC)	0	F	1777
Adelaide Hills (DC)	0	M	1747
Adelaide Hills (DC)	1	F	17751
Adelaide Hills (DC)	1	M	17591
Alexandrina (DC)	0	F	1359
Alexandrina (DC)	0	M	1301
Alexandrina (DC)	1	F	11912
Alexandrina (DC)	1	M	11300
Anangu Pitjantjatjara (AC)	0	F	102
Anangu Pitjantjatjara (AC)	0	M	78
Anangu Pitjantjatjara (AC)	1	F	1088
Anangu Pitjantjatjara (AC)	1	M	1002
Barossa (DC)	0	F	1052
Barossa (DC)	0	M	1028
Barossa (DC)	1	F	10869
Barossa (DC)	1	M	10610
Barunga West (DC)	0	F	111
Barunga West (DC)	0	M	110
Barunga West (DC)	1	F	1123
Barunga West (DC)	1	M	1197
Berri and Barmera (DC)	0	F	530
Berri and Barmera (DC)	0	M	544
Berri and Barmera (DC)	1	F	4744
Berri and Barmera (DC)	1	M	4724
Burnside (C)	0	F	3982
Burnside (C)	0	M	3516
Burnside (C)	1	F	19203
Burnside (C)	1	M	17207
Campbelltown (C) (SA)	0	F	4430
Campbelltown (C) (SA)	0	M	4197
Campbelltown (C) (SA)	1	F	21345
Campbelltown (C) (SA)	1	M	20189
Ceduna (DC)	0	F	251
Ceduna (DC)	0	M	217
Ceduna (DC)	1	F	1465
Ceduna (DC)	1	M	1480
Charles Sturt (C)	0	F	8228
Charles Sturt (C)	0	M	7986
Charles Sturt (C)	1	F	48883
Charles Sturt (C)	1	M	46664
Clare and Gilbert Valleys (DC)	0	F	434
Clare and Gilbert Valleys (DC)	0	M	433
Clare and Gilbert Valleys (DC)	1	F	4097
Clare and Gilbert Valleys (DC)	1	M	4055
Cleve (DC)	0	F	70
Cleve (DC)	0	M	73
Cleve (DC)	1	F	773
Cleve (DC)	1	M	852
Coober Pedy (DC)	0	F	212
Coober Pedy (DC)	0	M	208
Coober Pedy (DC)	1	F	589
Coober Pedy (DC)	1	M	754
Copper Coast (DC)	0	F	766
Copper Coast (DC)	0	M	692
Copper Coast (DC)	1	F	6334
Copper Coast (DC)	1	M	6346
Elliston (DC)	0	F	46
Elliston (DC)	0	M	39
Elliston (DC)	1	F	438
Elliston (DC)	1	M	522
Flinders Ranges (DC)	0	F	67
Flinders Ranges (DC)	0	M	60
Flinders Ranges (DC)	1	F	769
Flinders Ranges (DC)	1	M	746
Franklin Harbour (DC)	0	F	79
Franklin Harbour (DC)	0	M	92
Franklin Harbour (DC)	1	F	529
Franklin Harbour (DC)	1	M	593
Gawler (T)	0	F	1337
Gawler (T)	0	M	1167
Gawler (T)	1	F	10600
Gawler (T)	1	M	9931
Goyder (DC)	0	F	196
Goyder (DC)	0	M	210
Goyder (DC)	1	F	1863
Goyder (DC)	1	M	1869
Grant (DC)	0	F	312
Grant (DC)	0	M	804
Grant (DC)	1	F	3378
Grant (DC)	1	M	3703
Holdfast Bay (C)	0	F	2714
Holdfast Bay (C)	0	M	2471
Holdfast Bay (C)	1	F	15800
Holdfast Bay (C)	1	M	14376
Kangaroo Island (DC)	0	F	343
Kangaroo Island (DC)	0	M	337
Kangaroo Island (DC)	1	F	1954
Kangaroo Island (DC)	1	M	2068
Karoonda East Murray (DC)	0	F	52
Karoonda East Murray (DC)	0	M	43
Karoonda East Murray (DC)	1	F	474
Karoonda East Murray (DC)	1	M	523
Kimba (DC)	0	F	42
Kimba (DC)	0	M	49
Kimba (DC)	1	F	474
Kimba (DC)	1	M	494
Kingston (DC) (SA)	0	F	113
Kingston (DC) (SA)	0	M	97
Kingston (DC) (SA)	1	F	1019
Kingston (DC) (SA)	1	M	1118
Light (RegC)	0	F	573
Light (RegC)	0	M	619
Light (RegC)	1	F	6717
Light (RegC)	1	M	6819
Lower Eyre Peninsula (DC)	0	F	217
Lower Eyre Peninsula (DC)	0	M	458
Lower Eyre Peninsula (DC)	1	F	2344
Lower Eyre Peninsula (DC)	1	M	2496
Loxton Waikerie (DC)	0	F	525
Loxton Waikerie (DC)	0	M	510
Loxton Waikerie (DC)	1	F	5222
Loxton Waikerie (DC)	1	M	5227
Mallala (DC)	0	F	458
Mallala (DC)	0	M	469
Mallala (DC)	1	F	3788
Mallala (DC)	1	M	4091
Maralinga Tjarutja (AC)	0	F	3
Maralinga Tjarutja (AC)	0	M	4
Maralinga Tjarutja (AC)	1	F	27
Maralinga Tjarutja (AC)	1	M	21
Marion (C)	0	F	7262
Marion (C)	0	M	6763
Marion (C)	1	F	38741
Marion (C)	1	M	35846
Mid Murray (DC)	0	F	439
Mid Murray (DC)	0	M	667
Mid Murray (DC)	1	F	3581
Mid Murray (DC)	1	M	3950
Mitcham (C)	0	F	4304
Mitcham (C)	0	M	3840
Mitcham (C)	1	F	29227
Mitcham (C)	1	M	27430
Mount Barker (DC)	0	F	1642
Mount Barker (DC)	0	M	1500
Mount Barker (DC)	1	F	15507
Mount Barker (DC)	1	M	14746
Mount Gambier (C)	0	F	1323
Mount Gambier (C)	0	M	1258
Mount Gambier (C)	1	F	12215
Mount Gambier (C)	1	M	11479
Mount Remarkable (DC)	0	F	138
Mount Remarkable (DC)	0	M	144
Mount Remarkable (DC)	1	F	1263
Mount Remarkable (DC)	1	M	1314
Murray Bridge (RC)	0	F	1428
Murray Bridge (RC)	0	M	1877
Murray Bridge (RC)	1	F	8953
Murray Bridge (RC)	1	M	8597
Naracoorte and Lucindale (DC)	0	F	496
Naracoorte and Lucindale (DC)	0	M	641
Naracoorte and Lucindale (DC)	1	F	3488
Naracoorte and Lucindale (DC)	1	M	3667
Northern Areas (DC)	0	F	183
Northern Areas (DC)	0	M	213
Northern Areas (DC)	1	F	2030
Northern Areas (DC)	1	M	2102
Norwood Payneham St Peters (C)	0	F	3600
Norwood Payneham St Peters (C)	0	M	3304
Norwood Payneham St Peters (C)	1	F	14825
Norwood Payneham St Peters (C)	1	M	13627
Onkaparinga (C)	0	F	10194
Onkaparinga (C)	0	M	9605
Onkaparinga (C)	1	F	74961
Onkaparinga (C)	1	M	72005
Orroroo/Carrieton (DC)	0	F	51
Orroroo/Carrieton (DC)	0	M	39
Orroroo/Carrieton (DC)	1	F	398
Orroroo/Carrieton (DC)	1	M	408
Peterborough (DC)	0	F	92
Peterborough (DC)	0	M	92
Peterborough (DC)	1	F	756
Peterborough (DC)	1	M	738
Playford (C)	0	F	6544
Playford (C)	0	M	6419
Playford (C)	1	F	38531
Playford (C)	1	M	37877
Port Adelaide Enfield (C)	0	F	11619
Port Adelaide Enfield (C)	0	M	12287
Port Adelaide Enfield (C)	1	F	49513
Port Adelaide Enfield (C)	1	M	47813
Port Augusta (C)	0	F	767
Port Augusta (C)	0	M	1275
Port Augusta (C)	1	F	6005
Port Augusta (C)	1	M	5761
Port Lincoln (C)	0	F	776
Port Lincoln (C)	0	M	742
Port Lincoln (C)	1	F	6362
Port Lincoln (C)	1	M	6188
Port Pirie City and Dists (M)	0	F	825
Port Pirie City and Dists (M)	0	M	734
Port Pirie City and Dists (M)	1	F	8036
Port Pirie City and Dists (M)	1	M	7767
Prospect (C)	0	F	1631
Prospect (C)	0	M	1755
Prospect (C)	1	F	8595
Prospect (C)	1	M	8541
Renmark Paringa (DC)	0	F	576
Renmark Paringa (DC)	0	M	612
Renmark Paringa (DC)	1	F	4179
Renmark Paringa (DC)	1	M	4108
Robe (DC)	0	F	77
Robe (DC)	0	M	71
Robe (DC)	1	F	598
Robe (DC)	1	M	634
Roxby Downs (M)	0	F	236
Roxby Downs (M)	0	M	360
Roxby Downs (M)	1	F	1427
Roxby Downs (M)	1	M	1857
Salisbury (C)	0	F	11347
Salisbury (C)	0	M	10864
Salisbury (C)	1	F	57882
Salisbury (C)	1	M	57889
Southern Mallee (DC)	0	F	138
Southern Mallee (DC)	0	M	163
Southern Mallee (DC)	1	F	846
Southern Mallee (DC)	1	M	884
Streaky Bay (DC)	0	F	97
Streaky Bay (DC)	0	M	99
Streaky Bay (DC)	1	F	879
Streaky Bay (DC)	1	M	1002
Tatiara (DC)	0	F	424
Tatiara (DC)	0	M	544
Tatiara (DC)	1	F	2715
Tatiara (DC)	1	M	2936
Tea Tree Gully (C)	0	F	5847
Tea Tree Gully (C)	0	M	5260
Tea Tree Gully (C)	1	F	44071
Tea Tree Gully (C)	1	M	42553
The Coorong (DC)	0	F	257
The Coorong (DC)	0	M	256
The Coorong (DC)	1	F	2362
The Coorong (DC)	1	M	2502
Tumby Bay (DC)	0	F	87
Tumby Bay (DC)	0	M	78
Tumby Bay (DC)	1	F	1239
Tumby Bay (DC)	1	M	1203
Unley (C)	0	F	3104
Unley (C)	0	M	2839
Unley (C)	1	F	16845
Unley (C)	1	M	14932
Victor Harbor (C)	0	F	786
Victor Harbor (C)	0	M	699
Victor Harbor (C)	1	F	6963
Victor Harbor (C)	1	M	6215
Wakefield (DC)	0	F	347
Wakefield (DC)	0	M	359
Wakefield (DC)	1	F	2991
Wakefield (DC)	1	M	3106
Walkerville (M)	0	F	619
Walkerville (M)	0	M	547
Walkerville (M)	1	F	3260
Walkerville (M)	1	M	3129
Wattle Range (DC)	0	F	469
Wattle Range (DC)	0	M	510
Wattle Range (DC)	1	F	5315
Wattle Range (DC)	1	M	5383
West Torrens (C)	0	F	5720
West Torrens (C)	0	M	5643
West Torrens (C)	1	F	23926
West Torrens (C)	1	M	22607
Whyalla (C)	0	F	1462
Whyalla (C)	0	M	1473
Whyalla (C)	1	F	9448
Whyalla (C)	1	M	9447
Wudinna (DC)	0	F	63
Wudinna (DC)	0	M	56
Wudinna (DC)	1	F	545
Wudinna (DC)	1	M	583
Yankalilla (DC)	0	F	312
Yankalilla (DC)	0	M	301
Yankalilla (DC)	1	F	2300
Yankalilla (DC)	1	M	2249
Yorke Peninsula (DC)	0	F	396
Yorke Peninsula (DC)	0	M	435
Yorke Peninsula (DC)	1	F	4961
Yorke Peninsula (DC)	1	M	5269
Unincorporated SA	0	F	268
Unincorporated SA	0	M	410
Unincorporated SA	1	F	1102
Unincorporated SA	1	M	1744
No usual address (SA)	0	F	341
No usual address (SA)	0	M	582
No usual address (SA)	1	F	788
No usual address (SA)	1	M	1152
Migratory - Offshore - Shipping (SA)	0	F	0
Migratory - Offshore - Shipping (SA)	0	M	3
Migratory - Offshore - Shipping (SA)	1	F	0
Migratory - Offshore - Shipping (SA)	1	M	3
Albany (C)	0	F	2280
Albany (C)	0	M	2637
Albany (C)	1	F	16248
Albany (C)	1	M	15414
Armadale (C)	0	F	8590
Armadale (C)	0	M	8176
Armadale (C)	1	F	31412
Armadale (C)	1	M	31418
Ashburton (S)	0	F	897
Ashburton (S)	0	M	3272
Ashburton (S)	1	F	2703
Ashburton (S)	1	M	6155
Augusta-Margaret River (S)	0	F	1237
Augusta-Margaret River (S)	0	M	1227
Augusta-Margaret River (S)	1	F	5896
Augusta-Margaret River (S)	1	M	5904
Bassendean (T)	0	F	1295
Bassendean (T)	0	M	1240
Bassendean (T)	1	F	6368
Bassendean (T)	1	M	6187
Bayswater (C)	0	F	7363
Bayswater (C)	0	M	7373
Bayswater (C)	1	F	25138
Bayswater (C)	1	M	24805
Belmont (C)	0	F	6106
Belmont (C)	0	M	6617
Belmont (C)	1	F	13331
Belmont (C)	1	M	13631
Beverley (S)	0	F	138
Beverley (S)	0	M	163
Beverley (S)	1	F	716
Beverley (S)	1	M	726
Boddington (S)	0	F	141
Boddington (S)	0	M	168
Boddington (S)	1	F	727
Boddington (S)	1	M	814
Boyup Brook (S)	0	F	112
Boyup Brook (S)	0	M	103
Boyup Brook (S)	1	F	738
Boyup Brook (S)	1	M	755
Bridgetown-Greenbushes (S)	0	F	325
Bridgetown-Greenbushes (S)	0	M	305
Bridgetown-Greenbushes (S)	1	F	2069
Bridgetown-Greenbushes (S)	1	M	1958
Brookton (S)	0	F	78
Brookton (S)	0	M	77
Brookton (S)	1	F	404
Brookton (S)	1	M	415
Broome (S)	0	F	1593
Broome (S)	0	M	1624
Broome (S)	1	F	6505
Broome (S)	1	M	6493
Broomehill-Tambellup (S)	0	F	92
Broomehill-Tambellup (S)	0	M	91
Broomehill-Tambellup (S)	1	F	472
Broomehill-Tambellup (S)	1	M	488
Bruce Rock (S)	0	F	74
Bruce Rock (S)	0	M	65
Bruce Rock (S)	1	F	375
Bruce Rock (S)	1	M	417
Bunbury (C)	0	F	2730
Bunbury (C)	0	M	2934
Bunbury (C)	1	F	13545
Bunbury (C)	1	M	12711
Busselton (C)	0	F	2602
Busselton (C)	0	M	2501
Busselton (C)	1	F	16185
Busselton (C)	1	M	15407
Cambridge (T)	0	F	2174
Cambridge (T)	0	M	2122
Cambridge (T)	1	F	11483
Cambridge (T)	1	M	11001
Canning (C)	0	F	13395
Canning (C)	0	M	14228
Canning (C)	1	F	31492
Canning (C)	1	M	31066
Capel (S)	0	F	1239
Capel (S)	0	M	1212
Capel (S)	1	F	7494
Capel (S)	1	M	7175
Carnamah (S)	0	F	49
Carnamah (S)	0	M	46
Carnamah (S)	1	F	211
Carnamah (S)	1	M	248
Carnarvon (S)	0	F	618
Carnarvon (S)	0	M	639
Carnarvon (S)	1	F	2023
Carnarvon (S)	1	M	2250
Chapman Valley (S)	0	F	117
Chapman Valley (S)	0	M	121
Chapman Valley (S)	1	F	591
Chapman Valley (S)	1	M	595
Chittering (S)	0	F	408
Chittering (S)	0	M	421
Chittering (S)	1	F	2287
Chittering (S)	1	M	2360
Claremont (T)	0	F	1007
Claremont (T)	0	M	925
Claremont (T)	1	F	4178
Claremont (T)	1	M	3950
Cockburn (C)	0	F	10584
Cockburn (C)	0	M	10676
Cockburn (C)	1	F	42324
Cockburn (C)	1	M	40889
Collie (S)	0	F	562
Collie (S)	0	M	563
Collie (S)	1	F	3801
Collie (S)	1	M	3872
Coolgardie (S)	0	F	426
Coolgardie (S)	0	M	493
Coolgardie (S)	1	F	1254
Coolgardie (S)	1	M	1438
Coorow (S)	0	F	55
Coorow (S)	0	M	63
Coorow (S)	1	F	411
Coorow (S)	1	M	507
Corrigin (S)	0	F	80
Corrigin (S)	0	M	87
Corrigin (S)	1	F	465
Corrigin (S)	1	M	512
Cottesloe (T)	0	F	634
Cottesloe (T)	0	M	613
Cottesloe (T)	1	F	3224
Cottesloe (T)	1	M	3123
Cranbrook (S)	0	F	84
Cranbrook (S)	0	M	98
Cranbrook (S)	1	F	440
Cranbrook (S)	1	M	460
Cuballing (S)	0	F	65
Cuballing (S)	0	M	92
Cuballing (S)	1	F	337
Cuballing (S)	1	M	371
Cue (S)	0	F	27
Cue (S)	0	M	37
Cue (S)	1	F	54
Cue (S)	1	M	70
Cunderdin (S)	0	F	131
Cunderdin (S)	0	M	143
Cunderdin (S)	1	F	517
Cunderdin (S)	1	M	660
Dalwallinu (S)	0	F	143
Dalwallinu (S)	0	M	184
Dalwallinu (S)	1	F	505
Dalwallinu (S)	1	M	598
Dandaragan (S)	0	F	237
Dandaragan (S)	0	M	247
Dandaragan (S)	1	F	1279
Dandaragan (S)	1	M	1451
Dardanup (S)	0	F	964
Dardanup (S)	0	M	1000
Dardanup (S)	1	F	6129
Dardanup (S)	1	M	5938
Denmark (S)	0	F	430
Denmark (S)	0	M	430
Denmark (S)	1	F	2519
Denmark (S)	1	M	2474
Derby-West Kimberley (S)	0	F	531
Derby-West Kimberley (S)	0	M	622
Derby-West Kimberley (S)	1	F	3297
Derby-West Kimberley (S)	1	M	3277
Donnybrook-Balingup (S)	0	F	455
Donnybrook-Balingup (S)	0	M	433
Donnybrook-Balingup (S)	1	F	2517
Donnybrook-Balingup (S)	1	M	2466
Dowerin (S)	0	F	38
Dowerin (S)	0	M	29
Dowerin (S)	1	F	306
Dowerin (S)	1	M	318
Dumbleyung (S)	0	F	56
Dumbleyung (S)	0	M	59
Dumbleyung (S)	1	F	269
Dumbleyung (S)	1	M	292
Dundas (S)	0	F	110
Dundas (S)	0	M	122
Dundas (S)	1	F	238
Dundas (S)	1	M	298
East Fremantle (T)	0	F	534
East Fremantle (T)	0	M	503
East Fremantle (T)	1	F	3300
East Fremantle (T)	1	M	3036
East Pilbara (S)	0	F	919
East Pilbara (S)	0	M	2307
East Pilbara (S)	1	F	2608
East Pilbara (S)	1	M	4753
Esperance (S)	0	F	1179
Esperance (S)	0	M	1202
Esperance (S)	1	F	5891
Esperance (S)	1	M	5963
Exmouth (S)	0	F	222
Exmouth (S)	0	M	234
Exmouth (S)	1	F	1074
Exmouth (S)	1	M	1194
Fremantle (C)	0	F	2864
Fremantle (C)	0	M	2837
Fremantle (C)	1	F	12064
Fremantle (C)	1	M	11128
Gingin (S)	0	F	444
Gingin (S)	0	M	476
Gingin (S)	1	F	2067
Gingin (S)	1	M	2226
Gnowangerup (S)	0	F	99
Gnowangerup (S)	0	M	138
Gnowangerup (S)	1	F	459
Gnowangerup (S)	1	M	516
Goomalling (S)	0	F	64
Goomalling (S)	0	M	74
Goomalling (S)	1	F	454
Goomalling (S)	1	M	441
Gosnells (C)	0	F	14795
Gosnells (C)	0	M	15850
Gosnells (C)	1	F	43271
Gosnells (C)	1	M	44150
Greater Geraldton (C)	0	F	2858
Greater Geraldton (C)	0	M	3080
Greater Geraldton (C)	1	F	16607
Greater Geraldton (C)	1	M	16087
Halls Creek (S)	0	F	246
Halls Creek (S)	0	M	272
Halls Creek (S)	1	F	1416
Halls Creek (S)	1	M	1327
Harvey (S)	0	F	2114
Harvey (S)	0	M	2126
Harvey (S)	1	F	11155
Harvey (S)	1	M	11158
Irwin (S)	0	F	212
Irwin (S)	0	M	189
Irwin (S)	1	F	1560
Irwin (S)	1	M	1610
Jerramungup (S)	0	F	109
Jerramungup (S)	0	M	123
Jerramungup (S)	1	F	387
Jerramungup (S)	1	M	492
Joondalup (C)	0	F	12329
Joondalup (C)	0	M	12545
Joondalup (C)	1	F	65576
Joondalup (C)	1	M	63994
Kalamunda (S)	0	F	4713
Kalamunda (S)	0	M	4687
Kalamunda (S)	1	F	24282
Kalamunda (S)	1	M	23771
Kalgoorlie/Boulder (C)	0	F	3663
Kalgoorlie/Boulder (C)	0	M	4083
Kalgoorlie/Boulder (C)	1	F	10721
Kalgoorlie/Boulder (C)	1	M	11592
Karratha (C)	0	F	2199
Karratha (C)	0	M	3189
Karratha (C)	1	F	7334
Karratha (C)	1	M	8754
Katanning (S)	0	F	471
Katanning (S)	0	M	521
Katanning (S)	1	F	1559
Katanning (S)	1	M	1603
Kellerberrin (S)	0	F	86
Kellerberrin (S)	0	M	88
Kellerberrin (S)	1	F	525
Kellerberrin (S)	1	M	528
Kent (S)	0	F	51
Kent (S)	0	M	62
Kent (S)	1	F	196
Kent (S)	1	M	256
Kojonup (S)	0	F	176
Kojonup (S)	0	M	179
Kojonup (S)	1	F	804
Kojonup (S)	1	M	826
Kondinin (S)	0	F	58
Kondinin (S)	0	M	74
Kondinin (S)	1	F	335
Kondinin (S)	1	M	404
Koorda (S)	0	F	20
Koorda (S)	0	M	20
Koorda (S)	1	F	178
Koorda (S)	1	M	197
Kulin (S)	0	F	48
Kulin (S)	0	M	57
Kulin (S)	1	F	314
Kulin (S)	1	M	346
Kwinana (C)	0	F	4655
Kwinana (C)	0	M	5535
Kwinana (C)	1	F	14293
Kwinana (C)	1	M	14435
Lake Grace (S)	0	F	94
Lake Grace (S)	0	M	82
Lake Grace (S)	1	F	507
Lake Grace (S)	1	M	581
Laverton (S)	0	F	87
Laverton (S)	0	M	264
Laverton (S)	1	F	281
Laverton (S)	1	M	526
Leonora (S)	0	F	164
Leonora (S)	0	M	316
Leonora (S)	1	F	362
Leonora (S)	1	M	567
Mandurah (C)	0	F	7431
Mandurah (C)	0	M	7158
Mandurah (C)	1	F	34189
Mandurah (C)	1	M	32030
Manjimup (S)	0	F	649
Manjimup (S)	0	M	611
Manjimup (S)	1	F	3940
Manjimup (S)	1	M	4053
Meekatharra (S)	0	F	123
Meekatharra (S)	0	M	176
Meekatharra (S)	1	F	311
Meekatharra (S)	1	M	456
Melville (C)	0	F	8704
Melville (C)	0	M	8185
Melville (C)	1	F	42078
Melville (C)	1	M	39114
Menzies (S)	0	F	29
Menzies (S)	0	M	80
Menzies (S)	1	F	148
Menzies (S)	1	M	231
Merredin (S)	0	F	217
Merredin (S)	0	M	341
Merredin (S)	1	F	1370
Merredin (S)	1	M	1420
Mingenew (S)	0	F	25
Mingenew (S)	0	M	31
Mingenew (S)	1	F	174
Mingenew (S)	1	M	226
Moora (S)	0	F	175
Moora (S)	0	M	187
Moora (S)	1	F	995
Moora (S)	1	M	1072
Morawa (S)	0	F	49
Morawa (S)	0	M	49
Morawa (S)	1	F	303
Morawa (S)	1	M	352
Mosman Park (T)	0	F	944
Mosman Park (T)	0	M	879
Mosman Park (T)	1	F	3749
Mosman Park (T)	1	M	3179
Mount Magnet (S)	0	F	73
Mount Magnet (S)	0	M	85
Mount Magnet (S)	1	F	143
Mount Magnet (S)	1	M	177
Mount Marshall (S)	0	F	37
Mount Marshall (S)	0	M	41
Mount Marshall (S)	1	F	204
Mount Marshall (S)	1	M	243
Mukinbudin (S)	0	F	30
Mukinbudin (S)	0	M	34
Mukinbudin (S)	1	F	229
Mukinbudin (S)	1	M	261
Mundaring (S)	0	F	2314
Mundaring (S)	0	M	4181
Mundaring (S)	1	F	15943
Mundaring (S)	1	M	15719
Murchison (S)	0	F	18
Murchison (S)	0	M	31
Murchison (S)	1	F	51
Murchison (S)	1	M	56
Murray (S)	0	F	1158
Murray (S)	0	M	1244
Murray (S)	1	F	7177
Murray (S)	1	M	7121
Nannup (S)	0	F	97
Nannup (S)	0	M	89
Nannup (S)	1	F	544
Nannup (S)	1	M	596
Narembeen (S)	0	F	70
Narembeen (S)	0	M	55
Narembeen (S)	1	F	328
Narembeen (S)	1	M	353
Narrogin (S)	0	F	443
Narrogin (S)	0	M	401
Narrogin (S)	1	F	2199
Narrogin (S)	1	M	2118
Nedlands (C)	0	F	1577
Nedlands (C)	0	M	1508
Nedlands (C)	1	F	9111
Nedlands (C)	1	M	8917
Ngaanyatjarraku (S)	0	F	74
Ngaanyatjarraku (S)	0	M	80
Ngaanyatjarraku (S)	1	F	747
Ngaanyatjarraku (S)	1	M	704
Northam (S)	0	F	812
Northam (S)	0	M	1278
Northam (S)	1	F	4575
Northam (S)	1	M	4445
Northampton (S)	0	F	221
Northampton (S)	0	M	231
Northampton (S)	1	F	1367
Northampton (S)	1	M	1501
Nungarin (S)	0	F	12
Nungarin (S)	0	M	17
Nungarin (S)	1	F	106
Nungarin (S)	1	M	115
Peppermint Grove (S)	0	F	143
Peppermint Grove (S)	0	M	111
Peppermint Grove (S)	1	F	800
Peppermint Grove (S)	1	M	581
Perenjori (S)	0	F	38
Perenjori (S)	0	M	78
Perenjori (S)	1	F	181
Perenjori (S)	1	M	319
Perth (C)	0	F	5635
Perth (C)	0	M	5835
Perth (C)	1	F	4697
Perth (C)	1	M	5628
Pingelly (S)	0	F	92
Pingelly (S)	0	M	84
Pingelly (S)	1	F	474
Pingelly (S)	1	M	498
Plantagenet (S)	0	F	350
Plantagenet (S)	0	M	479
Plantagenet (S)	1	F	2117
Plantagenet (S)	1	M	2135
Port Hedland (T)	0	F	1928
Port Hedland (T)	0	M	2094
Port Hedland (T)	1	F	4816
Port Hedland (T)	1	M	5633
Quairading (S)	0	F	80
Quairading (S)	0	M	91
Quairading (S)	1	F	436
Quairading (S)	1	M	413
Ravensthorpe (S)	0	F	161
Ravensthorpe (S)	0	M	202
Ravensthorpe (S)	1	F	629
Ravensthorpe (S)	1	M	739
Rockingham (C)	0	F	13190
Rockingham (C)	0	M	13430
Rockingham (C)	1	F	49893
Rockingham (C)	1	M	48598
Sandstone (S)	0	F	7
Sandstone (S)	0	M	10
Sandstone (S)	1	F	27
Sandstone (S)	1	M	43
Serpentine-Jarrahdale (S)	0	F	2253
Serpentine-Jarrahdale (S)	0	M	2575
Serpentine-Jarrahdale (S)	1	F	10971
Serpentine-Jarrahdale (S)	1	M	11037
Shark Bay (S)	0	F	73
Shark Bay (S)	0	M	92
Shark Bay (S)	1	F	360
Shark Bay (S)	1	M	418
South Perth (C)	0	F	4977
South Perth (C)	0	M	4872
South Perth (C)	1	F	16463
South Perth (C)	1	M	15672
Stirling (C)	0	F	23633
Stirling (C)	0	M	23545
Stirling (C)	1	F	83909
Stirling (C)	1	M	79119
Subiaco (C)	0	F	2728
Subiaco (C)	0	M	2758
Subiaco (C)	1	F	7206
Subiaco (C)	1	M	6663
Swan (C)	0	F	13619
Swan (C)	0	M	12940
Swan (C)	1	F	53753
Swan (C)	1	M	53540
Tammin (S)	0	F	30
Tammin (S)	0	M	39
Tammin (S)	1	F	155
Tammin (S)	1	M	178
Three Springs (S)	0	F	55
Three Springs (S)	0	M	45
Three Springs (S)	1	F	235
Three Springs (S)	1	M	261
Toodyay (S)	0	F	330
Toodyay (S)	0	M	353
Toodyay (S)	1	F	1858
Toodyay (S)	1	M	1892
Trayning (S)	0	F	28
Trayning (S)	0	M	33
Trayning (S)	1	F	125
Trayning (S)	1	M	158
Upper Gascoyne (S)	0	F	13
Upper Gascoyne (S)	0	M	23
Upper Gascoyne (S)	1	F	106
Upper Gascoyne (S)	1	M	135
Victoria Park (T)	0	F	5505
Victoria Park (T)	0	M	5565
Victoria Park (T)	1	F	12057
Victoria Park (T)	1	M	11864
Victoria Plains (S)	0	F	76
Victoria Plains (S)	0	M	104
Victoria Plains (S)	1	F	341
Victoria Plains (S)	1	M	390
Vincent (C)	0	F	4055
Vincent (C)	0	M	4090
Vincent (C)	1	F	12836
Vincent (C)	1	M	12717
Wagin (S)	0	F	152
Wagin (S)	0	M	150
Wagin (S)	1	F	789
Wagin (S)	1	M	757
Wandering (S)	0	F	36
Wandering (S)	0	M	29
Wandering (S)	1	F	183
Wandering (S)	1	M	197
Wanneroo (C)	0	F	20570
Wanneroo (C)	0	M	20456
Wanneroo (C)	1	F	74629
Wanneroo (C)	1	M	72559
Waroona (S)	0	F	385
Waroona (S)	0	M	315
Waroona (S)	1	F	1691
Waroona (S)	1	M	1756
West Arthur (S)	0	F	58
West Arthur (S)	0	M	53
West Arthur (S)	1	F	334
West Arthur (S)	1	M	365
Westonia (S)	0	F	20
Westonia (S)	0	M	41
Westonia (S)	1	F	101
Westonia (S)	1	M	141
Wickepin (S)	0	F	38
Wickepin (S)	0	M	44
Wickepin (S)	1	F	305
Wickepin (S)	1	M	334
Williams (S)	0	F	54
Williams (S)	0	M	78
Williams (S)	1	F	404
Williams (S)	1	M	443
Wiluna (S)	0	F	51
Wiluna (S)	0	M	167
Wiluna (S)	1	F	186
Wiluna (S)	1	M	343
Wongan-Ballidu (S)	0	F	61
Wongan-Ballidu (S)	0	M	77
Wongan-Ballidu (S)	1	F	560
Wongan-Ballidu (S)	1	M	631
Woodanilling (S)	0	F	27
Woodanilling (S)	0	M	20
Woodanilling (S)	1	F	167
Woodanilling (S)	1	M	195
Wyalkatchem (S)	0	F	35
Wyalkatchem (S)	0	M	40
Wyalkatchem (S)	1	F	203
Wyalkatchem (S)	1	M	231
Wyndham-East Kimberley (S)	0	F	724
Wyndham-East Kimberley (S)	0	M	687
Wyndham-East Kimberley (S)	1	F	2894
Wyndham-East Kimberley (S)	1	M	2847
Yalgoo (S)	0	F	36
Yalgoo (S)	0	M	73
Yalgoo (S)	1	F	84
Yalgoo (S)	1	M	148
Yilgarn (S)	0	F	98
Yilgarn (S)	0	M	172
Yilgarn (S)	1	F	373
Yilgarn (S)	1	M	559
York (S)	0	F	288
York (S)	0	M	290
York (S)	1	F	1505
York (S)	1	M	1516
No usual address (WA)	0	F	968
No usual address (WA)	0	M	1399
No usual address (WA)	1	F	1447
No usual address (WA)	1	M	2133
Migratory - Offshore - Shipping (WA)	0	F	6
Migratory - Offshore - Shipping (WA)	0	M	158
Migratory - Offshore - Shipping (WA)	1	F	20
Migratory - Offshore - Shipping (WA)	1	M	250
Break O'Day (M)	0	F	321
Break O'Day (M)	0	M	334
Break O'Day (M)	1	F	2687
Break O'Day (M)	1	M	2762
Brighton (M)	0	F	738
Brighton (M)	0	M	675
Brighton (M)	1	F	7718
Brighton (M)	1	M	7386
Burnie (C)	0	F	858
Burnie (C)	0	M	797
Burnie (C)	1	F	8951
Burnie (C)	1	M	8287
Central Coast (M) (Tas.)	0	F	923
Central Coast (M) (Tas.)	0	M	887
Central Coast (M) (Tas.)	1	F	10060
Central Coast (M) (Tas.)	1	M	9498
Central Highlands (M) (Tas.)	0	F	82
Central Highlands (M) (Tas.)	0	M	119
Central Highlands (M) (Tas.)	1	F	916
Central Highlands (M) (Tas.)	1	M	1022
Circular Head (M)	0	F	435
Circular Head (M)	0	M	473
Circular Head (M)	1	F	3441
Circular Head (M)	1	M	3573
Clarence (C)	0	F	2345
Clarence (C)	0	M	2683
Clarence (C)	1	F	25889
Clarence (C)	1	M	23904
Derwent Valley (M)	0	F	442
Derwent Valley (M)	0	M	454
Derwent Valley (M)	1	F	4569
Derwent Valley (M)	1	M	4561
Devonport (C)	0	F	1135
Devonport (C)	0	M	1027
Devonport (C)	1	F	11896
Devonport (C)	1	M	10641
Dorset (M)	0	F	309
Dorset (M)	0	M	344
Dorset (M)	1	F	2989
Dorset (M)	1	M	2974
Flinders (M) (Tas.)	0	F	37
Flinders (M) (Tas.)	0	M	47
Flinders (M) (Tas.)	1	F	375
Flinders (M) (Tas.)	1	M	443
George Town (M)	0	F	426
George Town (M)	0	M	429
George Town (M)	1	F	2965
George Town (M)	1	M	2946
Glamorgan/Spring Bay (M)	0	F	287
Glamorgan/Spring Bay (M)	0	M	247
Glamorgan/Spring Bay (M)	1	F	1872
Glamorgan/Spring Bay (M)	1	M	1991
Glenorchy (C)	0	F	2793
Glenorchy (C)	0	M	2654
Glenorchy (C)	1	F	21070
Glenorchy (C)	1	M	19734
Hobart (C)	0	F	4395
Hobart (C)	0	M	4383
Hobart (C)	1	F	21471
Hobart (C)	1	M	20190
Huon Valley (M)	0	F	866
Huon Valley (M)	0	M	866
Huon Valley (M)	1	F	7253
Huon Valley (M)	1	M	7213
Kentish (M)	0	F	308
Kentish (M)	0	M	325
Kentish (M)	1	F	2685
Kentish (M)	1	M	2808
King Island (M)	0	F	117
King Island (M)	0	M	101
King Island (M)	1	F	659
King Island (M)	1	M	709
Kingborough (M)	0	F	1795
Kingborough (M)	0	M	1710
Kingborough (M)	1	F	16730
Kingborough (M)	1	M	15617
Latrobe (M) (Tas.)	0	F	458
Latrobe (M) (Tas.)	0	M	461
Latrobe (M) (Tas.)	1	F	4989
Latrobe (M) (Tas.)	1	M	4795
Launceston (C)	0	F	4335
Launceston (C)	0	M	4227
Launceston (C)	1	F	29371
Launceston (C)	1	M	27342
Meander Valley (M)	0	F	952
Meander Valley (M)	0	M	879
Meander Valley (M)	1	F	8905
Meander Valley (M)	1	M	8546
Northern Midlands (M)	0	F	613
Northern Midlands (M)	0	M	608
Northern Midlands (M)	1	F	5845
Northern Midlands (M)	1	M	5751
Sorell (M)	0	F	683
Sorell (M)	0	M	660
Sorell (M)	1	F	6599
Sorell (M)	1	M	6474
Southern Midlands (M)	0	F	270
Southern Midlands (M)	0	M	277
Southern Midlands (M)	1	F	2660
Southern Midlands (M)	1	M	2839
Tasman (M)	0	F	178
Tasman (M)	0	M	159
Tasman (M)	1	F	976
Tasman (M)	1	M	1063
Waratah/Wynyard (M)	0	F	629
Waratah/Wynyard (M)	0	M	623
Waratah/Wynyard (M)	1	F	6232
Waratah/Wynyard (M)	1	M	6096
West Coast (M)	0	F	228
West Coast (M)	0	M	246
West Coast (M)	1	F	1764
West Coast (M)	1	M	1913
West Tamar (M)	0	F	1129
West Tamar (M)	0	M	1082
West Tamar (M)	1	F	10460
West Tamar (M)	1	M	10049
No usual address (Tas.)	0	F	92
No usual address (Tas.)	0	M	161
No usual address (Tas.)	1	F	301
No usual address (Tas.)	1	M	363
Migratory - Offshore - Shipping (Tas.)	0	F	2
Migratory - Offshore - Shipping (Tas.)	0	M	15
Migratory - Offshore - Shipping (Tas.)	1	F	19
Migratory - Offshore - Shipping (Tas.)	1	M	34
Alice Springs (T)	0	F	3186
Alice Springs (T)	0	M	3051
Alice Springs (T)	1	F	9435
Alice Springs (T)	1	M	9080
Barkly (R)	0	F	337
Barkly (R)	0	M	453
Barkly (R)	1	F	2894
Barkly (R)	1	M	2972
Belyuen (S)	0	F	-1
Belyuen (S)	0	M	8
Belyuen (S)	1	F	72
Belyuen (S)	1	M	84
Central Desert (R)	0	F	131
Central Desert (R)	0	M	116
Central Desert (R)	1	F	1763
Central Desert (R)	1	M	1664
Coomalie (S)	0	F	141
Coomalie (S)	0	M	180
Coomalie (S)	1	F	482
Coomalie (S)	1	M	513
Darwin (C)	0	F	10313
Darwin (C)	0	M	10809
Darwin (C)	1	F	28042
Darwin (C)	1	M	29637
East Arnhem (R)	0	F	134
East Arnhem (R)	0	M	119
East Arnhem (R)	1	F	4417
East Arnhem (R)	1	M	4359
Katherine (T)	0	F	1139
Katherine (T)	0	M	1255
Katherine (T)	1	F	3519
Katherine (T)	1	M	3807
Litchfield (M)	0	F	1685
Litchfield (M)	0	M	3992
Litchfield (M)	1	F	8004
Litchfield (M)	1	M	10177
MacDonnell (R)	0	F	317
MacDonnell (R)	0	M	798
MacDonnell (R)	1	F	2574
MacDonnell (R)	1	M	2346
Palmerston (C)	0	F	3147
Palmerston (C)	0	M	2987
Palmerston (C)	1	F	13602
Palmerston (C)	1	M	14055
Roper Gulf (R)	0	F	271
Roper Gulf (R)	0	M	280
Roper Gulf (R)	1	F	2911
Roper Gulf (R)	1	M	3040
Tiwi Islands (R)	0	F	51
Tiwi Islands (R)	0	M	63
Tiwi Islands (R)	1	F	1175
Tiwi Islands (R)	1	M	1164
Victoria Daly (R)	0	F	216
Victoria Daly (R)	0	M	221
Victoria Daly (R)	1	F	1153
Victoria Daly (R)	1	M	1224
Wagait (S)	0	F	21
Wagait (S)	0	M	23
Wagait (S)	1	F	205
Wagait (S)	1	M	214
West Arnhem (R)	0	F	300
West Arnhem (R)	0	M	306
West Arnhem (R)	1	F	2732
West Arnhem (R)	1	M	2853
West Daly (R)	0	F	81
West Daly (R)	0	M	83
West Daly (R)	1	F	1532
West Daly (R)	1	M	1471
Unincorporated NT	0	F	835
Unincorporated NT	0	M	1054
Unincorporated NT	1	F	2297
Unincorporated NT	1	M	2724
No usual address (NT)	0	F	344
No usual address (NT)	0	M	387
No usual address (NT)	1	F	813
No usual address (NT)	1	M	945
Migratory - Offshore - Shipping (NT)	0	F	7
Migratory - Offshore - Shipping (NT)	0	M	50
Migratory - Offshore - Shipping (NT)	1	F	7
Migratory - Offshore - Shipping (NT)	1	M	11
Unincorporated ACT	0	F	31288
Unincorporated ACT	0	M	29990
Unincorporated ACT	1	F	170137
Unincorporated ACT	1	M	165442
No usual address (ACT)	0	F	62
No usual address (ACT)	0	M	104
No usual address (ACT)	1	F	166
No usual address (ACT)	1	M	208
Migratory - Offshore - Shipping (ACT)	0	F	0
Migratory - Offshore - Shipping (ACT)	0	M	0
Migratory - Offshore - Shipping (ACT)	1	F	0
Migratory - Offshore - Shipping (ACT)	1	M	0
Unincorp. Other Territories	0	F	520
Unincorp. Other Territories	0	M	740
Unincorp. Other Territories	1	F	1570
Unincorp. Other Territories	1	M	1692
No usual address (OT)	0	F	9
No usual address (OT)	0	M	5
No usual address (OT)	1	F	19
No usual address (OT)	1	M	16
Migratory - Offshore - Shipping (OT)	0	F	0
Migratory - Offshore - Shipping (OT)	0	M	0
Migratory - Offshore - Shipping (OT)	1	F	0
Migratory - Offshore - Shipping (OT)	1	M	3
