CED_NAME16	DwellingStructure	InternetAccessedFromDwelling	occupied_private_dwellings
Banks			13
Banks		0	18
Banks		1	116
Banks	(Other)		8
Banks	(Other)	0	57
Banks	(Other)	1	217
Banks	Flat/apartment		401
Banks	Flat/apartment	0	2211
Banks	Flat/apartment	1	10331
Banks	Semi-detached, row/terrace house, townhouse etc.		244
Banks	Semi-detached, row/terrace house, townhouse etc.	0	1432
Banks	Semi-detached, row/terrace house, townhouse etc.	1	7476
Banks	Separate house		663
Banks	Separate house	0	3902
Banks	Separate house	1	25674
Barton			61
Barton		0	29
Barton		1	139
Barton	(Other)		22
Barton	(Other)	0	94
Barton	(Other)	1	329
Barton	Flat/apartment		767
Barton	Flat/apartment	0	2718
Barton	Flat/apartment	1	20262
Barton	Semi-detached, row/terrace house, townhouse etc.		177
Barton	Semi-detached, row/terrace house, townhouse etc.	0	791
Barton	Semi-detached, row/terrace house, townhouse etc.	1	5073
Barton	Separate house		767
Barton	Separate house	0	4317
Barton	Separate house	1	22473
Bennelong			41
Bennelong		0	25
Bennelong		1	187
Bennelong	(Other)		9
Bennelong	(Other)	0	24
Bennelong	(Other)	1	114
Bennelong	Flat/apartment		436
Bennelong	Flat/apartment	0	1999
Bennelong	Flat/apartment	1	16148
Bennelong	Semi-detached, row/terrace house, townhouse etc.		235
Bennelong	Semi-detached, row/terrace house, townhouse etc.	0	962
Bennelong	Semi-detached, row/terrace house, townhouse etc.	1	7985
Bennelong	Separate house		594
Bennelong	Separate house	0	2721
Bennelong	Separate house	1	27117
Berowra			35
Berowra		0	23
Berowra		1	117
Berowra	(Other)		12
Berowra	(Other)	0	37
Berowra	(Other)	1	133
Berowra	Flat/apartment		85
Berowra	Flat/apartment	0	515
Berowra	Flat/apartment	1	1687
Berowra	Semi-detached, row/terrace house, townhouse etc.		83
Berowra	Semi-detached, row/terrace house, townhouse etc.	0	508
Berowra	Semi-detached, row/terrace house, townhouse etc.	1	3397
Berowra	Separate house		585
Berowra	Separate house	0	2025
Berowra	Separate house	1	36714
Blaxland			43
Blaxland		0	43
Blaxland		1	133
Blaxland	(Other)		14
Blaxland	(Other)	0	47
Blaxland	(Other)	1	250
Blaxland	Flat/apartment		566
Blaxland	Flat/apartment	0	2453
Blaxland	Flat/apartment	1	10047
Blaxland	Semi-detached, row/terrace house, townhouse etc.		289
Blaxland	Semi-detached, row/terrace house, townhouse etc.	0	1064
Blaxland	Semi-detached, row/terrace house, townhouse etc.	1	5730
Blaxland	Separate house		1076
Blaxland	Separate house	0	4770
Blaxland	Separate house	1	23846
Bradfield			21
Bradfield		0	9
Bradfield		1	89
Bradfield	(Other)	0	4
Bradfield	(Other)	1	42
Bradfield	Flat/apartment		365
Bradfield	Flat/apartment	0	1521
Bradfield	Flat/apartment	1	15079
Bradfield	Semi-detached, row/terrace house, townhouse etc.		62
Bradfield	Semi-detached, row/terrace house, townhouse etc.	0	270
Bradfield	Semi-detached, row/terrace house, townhouse etc.	1	2203
Bradfield	Separate house		466
Bradfield	Separate house	0	1526
Bradfield	Separate house	1	31955
Calare			144
Calare		0	130
Calare		1	290
Calare	(Other)		56
Calare	(Other)	0	226
Calare	(Other)	1	593
Calare	Flat/apartment		87
Calare	Flat/apartment	0	697
Calare	Flat/apartment	1	926
Calare	Semi-detached, row/terrace house, townhouse etc.		175
Calare	Semi-detached, row/terrace house, townhouse etc.	0	1360
Calare	Semi-detached, row/terrace house, townhouse etc.	1	2359
Calare	Separate house		1390
Calare	Separate house	0	9833
Calare	Separate house	1	39559
Chifley			29
Chifley		0	25
Chifley		1	105
Chifley	(Other)		12
Chifley	(Other)	0	87
Chifley	(Other)	1	185
Chifley	Flat/apartment		116
Chifley	Flat/apartment	0	692
Chifley	Flat/apartment	1	1439
Chifley	Semi-detached, row/terrace house, townhouse etc.		236
Chifley	Semi-detached, row/terrace house, townhouse etc.	0	1062
Chifley	Semi-detached, row/terrace house, townhouse etc.	1	5054
Chifley	Separate house		1266
Chifley	Separate house	0	5813
Chifley	Separate house	1	34455
Cook			16
Cook		0	24
Cook		1	109
Cook	(Other)		9
Cook	(Other)	0	56
Cook	(Other)	1	195
Cook	Flat/apartment		375
Cook	Flat/apartment	0	2332
Cook	Flat/apartment	1	11622
Cook	Semi-detached, row/terrace house, townhouse etc.		237
Cook	Semi-detached, row/terrace house, townhouse etc.	0	1312
Cook	Semi-detached, row/terrace house, townhouse etc.	1	6887
Cook	Separate house		538
Cook	Separate house	0	2750
Cook	Separate house	1	24245
Cowper			78
Cowper		0	98
Cowper		1	376
Cowper	(Other)		74
Cowper	(Other)	0	464
Cowper	(Other)	1	637
Cowper	Flat/apartment		297
Cowper	Flat/apartment	0	1997
Cowper	Flat/apartment	1	4259
Cowper	Semi-detached, row/terrace house, townhouse etc.		293
Cowper	Semi-detached, row/terrace house, townhouse etc.	0	1871
Cowper	Semi-detached, row/terrace house, townhouse etc.	1	4782
Cowper	Separate house		1162
Cowper	Separate house	0	7741
Cowper	Separate house	1	37479
Cunningham			123
Cunningham		0	68
Cunningham		1	216
Cunningham	(Other)		17
Cunningham	(Other)	0	132
Cunningham	(Other)	1	291
Cunningham	Flat/apartment		421
Cunningham	Flat/apartment	0	2457
Cunningham	Flat/apartment	1	8947
Cunningham	Semi-detached, row/terrace house, townhouse etc.		234
Cunningham	Semi-detached, row/terrace house, townhouse etc.	0	1764
Cunningham	Semi-detached, row/terrace house, townhouse etc.	1	5751
Cunningham	Separate house		760
Cunningham	Separate house	0	5133
Cunningham	Separate house	1	30460
Dobell			77
Dobell		0	53
Dobell		1	115
Dobell	(Other)		38
Dobell	(Other)	0	171
Dobell	(Other)	1	271
Dobell	Flat/apartment		183
Dobell	Flat/apartment	0	1116
Dobell	Flat/apartment	1	2193
Dobell	Semi-detached, row/terrace house, townhouse etc.		343
Dobell	Semi-detached, row/terrace house, townhouse etc.	0	2111
Dobell	Semi-detached, row/terrace house, townhouse etc.	1	4742
Dobell	Separate house		1051
Dobell	Separate house	0	5843
Dobell	Separate house	1	36684
Eden-Monaro			66
Eden-Monaro		0	77
Eden-Monaro		1	412
Eden-Monaro	(Other)		45
Eden-Monaro	(Other)	0	209
Eden-Monaro	(Other)	1	404
Eden-Monaro	Flat/apartment		160
Eden-Monaro	Flat/apartment	0	899
Eden-Monaro	Flat/apartment	1	2610
Eden-Monaro	Semi-detached, row/terrace house, townhouse etc.		213
Eden-Monaro	Semi-detached, row/terrace house, townhouse etc.	0	1184
Eden-Monaro	Semi-detached, row/terrace house, townhouse etc.	1	3680
Eden-Monaro	Separate house		1140
Eden-Monaro	Separate house	0	6990
Eden-Monaro	Separate house	1	36715
Farrer			31
Farrer		0	85
Farrer		1	244
Farrer	(Other)		57
Farrer	(Other)	0	296
Farrer	(Other)	1	421
Farrer	Flat/apartment		192
Farrer	Flat/apartment	0	996
Farrer	Flat/apartment	1	1515
Farrer	Semi-detached, row/terrace house, townhouse etc.		212
Farrer	Semi-detached, row/terrace house, townhouse etc.	0	1492
Farrer	Semi-detached, row/terrace house, townhouse etc.	1	2928
Farrer	Separate house		1495
Farrer	Separate house	0	10419
Farrer	Separate house	1	39945
Fowler			36
Fowler		0	45
Fowler		1	98
Fowler	(Other)		25
Fowler	(Other)	0	60
Fowler	(Other)	1	193
Fowler	Flat/apartment		453
Fowler	Flat/apartment	0	2755
Fowler	Flat/apartment	1	7935
Fowler	Semi-detached, row/terrace house, townhouse etc.		259
Fowler	Semi-detached, row/terrace house, townhouse etc.	0	1282
Fowler	Semi-detached, row/terrace house, townhouse etc.	1	4546
Fowler	Separate house		1003
Fowler	Separate house	0	4699
Fowler	Separate house	1	24868
Gilmore			45
Gilmore		0	80
Gilmore		1	297
Gilmore	(Other)		82
Gilmore	(Other)	0	501
Gilmore	(Other)	1	684
Gilmore	Flat/apartment		141
Gilmore	Flat/apartment	0	790
Gilmore	Flat/apartment	1	1505
Gilmore	Semi-detached, row/terrace house, townhouse etc.		169
Gilmore	Semi-detached, row/terrace house, townhouse etc.	0	1237
Gilmore	Semi-detached, row/terrace house, townhouse etc.	1	3033
Gilmore	Separate house		1299
Gilmore	Separate house	0	7951
Gilmore	Separate house	1	39861
Grayndler			77
Grayndler		0	37
Grayndler		1	277
Grayndler	(Other)		46
Grayndler	(Other)	0	107
Grayndler	(Other)	1	845
Grayndler	Flat/apartment		608
Grayndler	Flat/apartment	0	2515
Grayndler	Flat/apartment	1	19087
Grayndler	Semi-detached, row/terrace house, townhouse etc.		392
Grayndler	Semi-detached, row/terrace house, townhouse etc.	0	1427
Grayndler	Semi-detached, row/terrace house, townhouse etc.	1	18295
Grayndler	Separate house		293
Grayndler	Separate house	0	1707
Grayndler	Separate house	1	11143
Greenway			39
Greenway		0	22
Greenway		1	137
Greenway	(Other)		48
Greenway	(Other)	0	29
Greenway	(Other)	1	99
Greenway	Flat/apartment		125
Greenway	Flat/apartment	0	475
Greenway	Flat/apartment	1	2747
Greenway	Semi-detached, row/terrace house, townhouse etc.		227
Greenway	Semi-detached, row/terrace house, townhouse etc.	0	934
Greenway	Semi-detached, row/terrace house, townhouse etc.	1	9952
Greenway	Separate house		915
Greenway	Separate house	0	3566
Greenway	Separate house	1	32704
Hughes			26
Hughes		0	16
Hughes		1	67
Hughes	(Other)		16
Hughes	(Other)	0	57
Hughes	(Other)	1	131
Hughes	Flat/apartment		151
Hughes	Flat/apartment	0	852
Hughes	Flat/apartment	1	4289
Hughes	Semi-detached, row/terrace house, townhouse etc.		116
Hughes	Semi-detached, row/terrace house, townhouse etc.	0	664
Hughes	Semi-detached, row/terrace house, townhouse etc.	1	4551
Hughes	Separate house		567
Hughes	Separate house	0	2383
Hughes	Separate house	1	33303
Hume			24
Hume		0	45
Hume		1	153
Hume	(Other)		28
Hume	(Other)	0	145
Hume	(Other)	1	208
Hume	Flat/apartment		25
Hume	Flat/apartment	0	318
Hume	Flat/apartment	1	411
Hume	Semi-detached, row/terrace house, townhouse etc.		132
Hume	Semi-detached, row/terrace house, townhouse etc.	0	843
Hume	Semi-detached, row/terrace house, townhouse etc.	1	1753
Hume	Separate house		1032
Hume	Separate house	0	6126
Hume	Separate house	1	39067
Hunter			44
Hunter		0	48
Hunter		1	182
Hunter	(Other)		43
Hunter	(Other)	0	188
Hunter	(Other)	1	227
Hunter	Flat/apartment		60
Hunter	Flat/apartment	0	427
Hunter	Flat/apartment	1	680
Hunter	Semi-detached, row/terrace house, townhouse etc.		207
Hunter	Semi-detached, row/terrace house, townhouse etc.	0	1422
Hunter	Semi-detached, row/terrace house, townhouse etc.	1	2681
Hunter	Separate house		1129
Hunter	Separate house	0	7769
Hunter	Separate house	1	40521
Kingsford Smith			63
Kingsford Smith		0	28
Kingsford Smith		1	163
Kingsford Smith	(Other)		17
Kingsford Smith	(Other)	0	48
Kingsford Smith	(Other)	1	402
Kingsford Smith	Flat/apartment		1249
Kingsford Smith	Flat/apartment	0	4491
Kingsford Smith	Flat/apartment	1	29103
Kingsford Smith	Semi-detached, row/terrace house, townhouse etc.		256
Kingsford Smith	Semi-detached, row/terrace house, townhouse etc.	0	1073
Kingsford Smith	Semi-detached, row/terrace house, townhouse etc.	1	8071
Kingsford Smith	Separate house		425
Kingsford Smith	Separate house	0	2240
Kingsford Smith	Separate house	1	15177
Lindsay			27
Lindsay		0	43
Lindsay		1	164
Lindsay	(Other)		20
Lindsay	(Other)	0	61
Lindsay	(Other)	1	121
Lindsay	Flat/apartment		146
Lindsay	Flat/apartment	0	1007
Lindsay	Flat/apartment	1	2628
Lindsay	Semi-detached, row/terrace house, townhouse etc.		330
Lindsay	Semi-detached, row/terrace house, townhouse etc.	0	1434
Lindsay	Semi-detached, row/terrace house, townhouse etc.	1	5661
Lindsay	Separate house		968
Lindsay	Separate house	0	5016
Lindsay	Separate house	1	37212
Lyne			33
Lyne		0	67
Lyne		1	258
Lyne	(Other)		95
Lyne	(Other)	0	521
Lyne	(Other)	1	750
Lyne	Flat/apartment		140
Lyne	Flat/apartment	0	1080
Lyne	Flat/apartment	1	1648
Lyne	Semi-detached, row/terrace house, townhouse etc.		187
Lyne	Semi-detached, row/terrace house, townhouse etc.	0	1602
Lyne	Semi-detached, row/terrace house, townhouse etc.	1	2695
Lyne	Separate house		1212
Lyne	Separate house	0	8746
Lyne	Separate house	1	37381
Macarthur			14
Macarthur		0	20
Macarthur		1	80
Macarthur	(Other)		8
Macarthur	(Other)	0	28
Macarthur	(Other)	1	61
Macarthur	Flat/apartment		87
Macarthur	Flat/apartment	0	511
Macarthur	Flat/apartment	1	1561
Macarthur	Semi-detached, row/terrace house, townhouse etc.		255
Macarthur	Semi-detached, row/terrace house, townhouse etc.	0	1575
Macarthur	Semi-detached, row/terrace house, townhouse etc.	1	4543
Macarthur	Separate house		945
Macarthur	Separate house	0	4772
Macarthur	Separate house	1	36434
Mackellar			31
Mackellar		0	30
Mackellar		1	176
Mackellar	(Other)		18
Mackellar	(Other)	0	36
Mackellar	(Other)	1	250
Mackellar	Flat/apartment		409
Mackellar	Flat/apartment	0	1800
Mackellar	Flat/apartment	1	10900
Mackellar	Semi-detached, row/terrace house, townhouse etc.		190
Mackellar	Semi-detached, row/terrace house, townhouse etc.	0	798
Mackellar	Semi-detached, row/terrace house, townhouse etc.	1	3542
Mackellar	Separate house		572
Mackellar	Separate house	0	1843
Mackellar	Separate house	1	30243
Macquarie			42
Macquarie		0	48
Macquarie		1	190
Macquarie	(Other)		19
Macquarie	(Other)	0	72
Macquarie	(Other)	1	114
Macquarie	Flat/apartment		52
Macquarie	Flat/apartment	0	313
Macquarie	Flat/apartment	1	711
Macquarie	Semi-detached, row/terrace house, townhouse etc.		121
Macquarie	Semi-detached, row/terrace house, townhouse etc.	0	958
Macquarie	Semi-detached, row/terrace house, townhouse etc.	1	2516
Macquarie	Separate house		835
Macquarie	Separate house	0	4443
Macquarie	Separate house	1	39487
McMahon			42
McMahon		0	54
McMahon		1	125
McMahon	(Other)		21
McMahon	(Other)	0	98
McMahon	(Other)	1	196
McMahon	Flat/apartment		279
McMahon	Flat/apartment	0	1725
McMahon	Flat/apartment	1	5199
McMahon	Semi-detached, row/terrace house, townhouse etc.		217
McMahon	Semi-detached, row/terrace house, townhouse etc.	0	1100
McMahon	Semi-detached, row/terrace house, townhouse etc.	1	4800
McMahon	Separate house		989
McMahon	Separate house	0	4929
McMahon	Separate house	1	30256
Mitchell			20
Mitchell		0	12
Mitchell		1	82
Mitchell	(Other)	1	15
Mitchell	Flat/apartment		104
Mitchell	Flat/apartment	0	582
Mitchell	Flat/apartment	1	2852
Mitchell	Semi-detached, row/terrace house, townhouse etc.		111
Mitchell	Semi-detached, row/terrace house, townhouse etc.	0	420
Mitchell	Semi-detached, row/terrace house, townhouse etc.	1	5553
Mitchell	Separate house		561
Mitchell	Separate house	0	1932
Mitchell	Separate house	1	35615
New England			44
New England		0	109
New England		1	347
New England	(Other)		49
New England	(Other)	0	286
New England	(Other)	1	445
New England	Flat/apartment		120
New England	Flat/apartment	0	781
New England	Flat/apartment	1	995
New England	Semi-detached, row/terrace house, townhouse etc.		177
New England	Semi-detached, row/terrace house, townhouse etc.	0	1060
New England	Semi-detached, row/terrace house, townhouse etc.	1	1907
New England	Separate house		1461
New England	Separate house	0	11000
New England	Separate house	1	37881
Newcastle			41
Newcastle		0	40
Newcastle		1	192
Newcastle	(Other)		16
Newcastle	(Other)	0	44
Newcastle	(Other)	1	154
Newcastle	Flat/apartment		308
Newcastle	Flat/apartment	0	1972
Newcastle	Flat/apartment	1	5329
Newcastle	Semi-detached, row/terrace house, townhouse etc.		255
Newcastle	Semi-detached, row/terrace house, townhouse etc.	0	1814
Newcastle	Semi-detached, row/terrace house, townhouse etc.	1	6897
Newcastle	Separate house		890
Newcastle	Separate house	0	5587
Newcastle	Separate house	1	35318
North Sydney			28
North Sydney		0	13
North Sydney		1	160
North Sydney	(Other)		12
North Sydney	(Other)	0	13
North Sydney	(Other)	1	118
North Sydney	Flat/apartment		729
North Sydney	Flat/apartment	0	2807
North Sydney	Flat/apartment	1	30984
North Sydney	Semi-detached, row/terrace house, townhouse etc.		126
North Sydney	Semi-detached, row/terrace house, townhouse etc.	0	364
North Sydney	Semi-detached, row/terrace house, townhouse etc.	1	6566
North Sydney	Separate house		294
North Sydney	Separate house	0	1155
North Sydney	Separate house	1	19105
Page			41
Page		0	72
Page		1	264
Page	(Other)		96
Page	(Other)	0	582
Page	(Other)	1	952
Page	Flat/apartment		166
Page	Flat/apartment	0	986
Page	Flat/apartment	1	1502
Page	Semi-detached, row/terrace house, townhouse etc.		159
Page	Semi-detached, row/terrace house, townhouse etc.	0	1346
Page	Semi-detached, row/terrace house, townhouse etc.	1	2597
Page	Separate house		1420
Page	Separate house	0	9491
Page	Separate house	1	40363
Parkes			53
Parkes		0	131
Parkes		1	309
Parkes	(Other)		85
Parkes	(Other)	0	239
Parkes	(Other)	1	379
Parkes	Flat/apartment		200
Parkes	Flat/apartment	0	1313
Parkes	Flat/apartment	1	1491
Parkes	Semi-detached, row/terrace house, townhouse etc.		74
Parkes	Semi-detached, row/terrace house, townhouse etc.	0	687
Parkes	Semi-detached, row/terrace house, townhouse etc.	1	1152
Parkes	Separate house		1716
Parkes	Separate house	0	12361
Parkes	Separate house	1	35505
Parramatta			83
Parramatta		0	32
Parramatta		1	214
Parramatta	(Other)		12
Parramatta	(Other)	0	29
Parramatta	(Other)	1	245
Parramatta	Flat/apartment		821
Parramatta	Flat/apartment	0	2874
Parramatta	Flat/apartment	1	21484
Parramatta	Semi-detached, row/terrace house, townhouse etc.		297
Parramatta	Semi-detached, row/terrace house, townhouse etc.	0	1249
Parramatta	Semi-detached, row/terrace house, townhouse etc.	1	8317
Parramatta	Separate house		752
Parramatta	Separate house	0	3141
Parramatta	Separate house	1	21364
Paterson			128
Paterson		0	151
Paterson		1	244
Paterson	(Other)		125
Paterson	(Other)	0	151
Paterson	(Other)	1	289
Paterson	Flat/apartment		89
Paterson	Flat/apartment	0	530
Paterson	Flat/apartment	1	1021
Paterson	Semi-detached, row/terrace house, townhouse etc.		204
Paterson	Semi-detached, row/terrace house, townhouse etc.	0	1710
Paterson	Semi-detached, row/terrace house, townhouse etc.	1	4550
Paterson	Separate house		1100
Paterson	Separate house	0	7196
Paterson	Separate house	1	38964
Reid			54
Reid		0	35
Reid		1	276
Reid	(Other)		24
Reid	(Other)	0	46
Reid	(Other)	1	418
Reid	Flat/apartment		988
Reid	Flat/apartment	0	2826
Reid	Flat/apartment	1	29418
Reid	Semi-detached, row/terrace house, townhouse etc.		150
Reid	Semi-detached, row/terrace house, townhouse etc.	0	493
Reid	Semi-detached, row/terrace house, townhouse etc.	1	5001
Reid	Separate house		480
Reid	Separate house	0	2738
Reid	Separate house	1	19106
Richmond			62
Richmond		0	102
Richmond		1	364
Richmond	(Other)		126
Richmond	(Other)	0	743
Richmond	(Other)	1	1167
Richmond	Flat/apartment		264
Richmond	Flat/apartment	0	1463
Richmond	Flat/apartment	1	3834
Richmond	Semi-detached, row/terrace house, townhouse etc.		413
Richmond	Semi-detached, row/terrace house, townhouse etc.	0	2471
Richmond	Semi-detached, row/terrace house, townhouse etc.	1	7507
Richmond	Separate house		1011
Richmond	Separate house	0	5054
Richmond	Separate house	1	33626
Riverina			31
Riverina		0	82
Riverina		1	235
Riverina	(Other)		38
Riverina	(Other)	0	134
Riverina	(Other)	1	327
Riverina	Flat/apartment		186
Riverina	Flat/apartment	0	1319
Riverina	Flat/apartment	1	1972
Riverina	Semi-detached, row/terrace house, townhouse etc.		89
Riverina	Semi-detached, row/terrace house, townhouse etc.	0	756
Riverina	Semi-detached, row/terrace house, townhouse etc.	1	1122
Riverina	Separate house		1567
Riverina	Separate house	0	10506
Riverina	Separate house	1	38636
Robertson			52
Robertson		0	64
Robertson		1	163
Robertson	(Other)		22
Robertson	(Other)	0	212
Robertson	(Other)	1	344
Robertson	Flat/apartment		226
Robertson	Flat/apartment	0	1275
Robertson	Flat/apartment	1	4061
Robertson	Semi-detached, row/terrace house, townhouse etc.		286
Robertson	Semi-detached, row/terrace house, townhouse etc.	0	1911
Robertson	Semi-detached, row/terrace house, townhouse etc.	1	5466
Robertson	Separate house		885
Robertson	Separate house	0	4889
Robertson	Separate house	1	34425
Shortland			19
Shortland		0	15
Shortland		1	70
Shortland	(Other)		14
Shortland	(Other)	0	169
Shortland	(Other)	1	222
Shortland	Flat/apartment		102
Shortland	Flat/apartment	0	823
Shortland	Flat/apartment	1	1401
Shortland	Semi-detached, row/terrace house, townhouse etc.		176
Shortland	Semi-detached, row/terrace house, townhouse etc.	0	1479
Shortland	Semi-detached, row/terrace house, townhouse etc.	1	3538
Shortland	Separate house		1022
Shortland	Separate house	0	6936
Shortland	Separate house	1	38618
Sydney			145
Sydney		0	37
Sydney		1	332
Sydney	(Other)		45
Sydney	(Other)	0	49
Sydney	(Other)	1	326
Sydney	Flat/apartment		1873
Sydney	Flat/apartment	0	5842
Sydney	Flat/apartment	1	53511
Sydney	Semi-detached, row/terrace house, townhouse etc.		557
Sydney	Semi-detached, row/terrace house, townhouse etc.	0	1522
Sydney	Semi-detached, row/terrace house, townhouse etc.	1	15072
Sydney	Separate house		86
Sydney	Separate house	0	240
Sydney	Separate house	1	1464
Warringah			30
Warringah		0	24
Warringah		1	135
Warringah	(Other)		27
Warringah	(Other)	0	21
Warringah	(Other)	1	168
Warringah	Flat/apartment		570
Warringah	Flat/apartment	0	2533
Warringah	Flat/apartment	1	23283
Warringah	Semi-detached, row/terrace house, townhouse etc.		114
Warringah	Semi-detached, row/terrace house, townhouse etc.	0	360
Warringah	Semi-detached, row/terrace house, townhouse etc.	1	4703
Warringah	Separate house		376
Warringah	Separate house	0	1309
Warringah	Separate house	1	20879
Watson			197
Watson		0	22
Watson		1	169
Watson	(Other)		22
Watson	(Other)	0	59
Watson	(Other)	1	257
Watson	Flat/apartment		698
Watson	Flat/apartment	0	3096
Watson	Flat/apartment	1	14681
Watson	Semi-detached, row/terrace house, townhouse etc.		285
Watson	Semi-detached, row/terrace house, townhouse etc.	0	1352
Watson	Semi-detached, row/terrace house, townhouse etc.	1	7392
Watson	Separate house		836
Watson	Separate house	0	4046
Watson	Separate house	1	21005
Wentworth			66
Wentworth		0	21
Wentworth		1	233
Wentworth	(Other)		21
Wentworth	(Other)	0	54
Wentworth	(Other)	1	543
Wentworth	Flat/apartment		1044
Wentworth	Flat/apartment	0	3240
Wentworth	Flat/apartment	1	30311
Wentworth	Semi-detached, row/terrace house, townhouse etc.		253
Wentworth	Semi-detached, row/terrace house, townhouse etc.	0	651
Wentworth	Semi-detached, row/terrace house, townhouse etc.	1	10644
Wentworth	Separate house		209
Wentworth	Separate house	0	471
Wentworth	Separate house	1	9062
Werriwa			69
Werriwa		0	36
Werriwa		1	198
Werriwa	(Other)		9
Werriwa	(Other)	0	23
Werriwa	(Other)	1	44
Werriwa	Flat/apartment		83
Werriwa	Flat/apartment	0	580
Werriwa	Flat/apartment	1	507
Werriwa	Semi-detached, row/terrace house, townhouse etc.		230
Werriwa	Semi-detached, row/terrace house, townhouse etc.	0	1213
Werriwa	Semi-detached, row/terrace house, townhouse etc.	1	4664
Werriwa	Separate house		1243
Werriwa	Separate house	0	4875
Werriwa	Separate house	1	34145
Whitlam			34
Whitlam		0	47
Whitlam		1	199
Whitlam	(Other)		52
Whitlam	(Other)	0	221
Whitlam	(Other)	1	256
Whitlam	Flat/apartment		103
Whitlam	Flat/apartment	0	675
Whitlam	Flat/apartment	1	1080
Whitlam	Semi-detached, row/terrace house, townhouse etc.		236
Whitlam	Semi-detached, row/terrace house, townhouse etc.	0	1520
Whitlam	Semi-detached, row/terrace house, townhouse etc.	1	3993
Whitlam	Separate house		1058
Whitlam	Separate house	0	6483
Whitlam	Separate house	1	38268
Aston			8
Aston		0	9
Aston		1	65
Aston	(Other)		14
Aston	(Other)	0	65
Aston	(Other)	1	180
Aston	Flat/apartment		52
Aston	Flat/apartment	0	264
Aston	Flat/apartment	1	837
Aston	Semi-detached, row/terrace house, townhouse etc.		204
Aston	Semi-detached, row/terrace house, townhouse etc.	0	1040
Aston	Semi-detached, row/terrace house, townhouse etc.	1	4632
Aston	Separate house		738
Aston	Separate house	0	3123
Aston	Separate house	1	35710
Ballarat			62
Ballarat		0	63
Ballarat		1	198
Ballarat	(Other)		24
Ballarat	(Other)	0	123
Ballarat	(Other)	1	426
Ballarat	Flat/apartment		69
Ballarat	Flat/apartment	0	428
Ballarat	Flat/apartment	1	877
Ballarat	Semi-detached, row/terrace house, townhouse etc.		234
Ballarat	Semi-detached, row/terrace house, townhouse etc.	0	1556
Ballarat	Semi-detached, row/terrace house, townhouse etc.	1	4425
Ballarat	Separate house		1176
Ballarat	Separate house	0	7253
Ballarat	Separate house	1	40526
Batman			29
Batman		0	22
Batman		1	165
Batman	(Other)		11
Batman	(Other)	0	40
Batman	(Other)	1	264
Batman	Flat/apartment		277
Batman	Flat/apartment	0	1257
Batman	Flat/apartment	1	7194
Batman	Semi-detached, row/terrace house, townhouse etc.		438
Batman	Semi-detached, row/terrace house, townhouse etc.	0	2205
Batman	Semi-detached, row/terrace house, townhouse etc.	1	13525
Batman	Separate house		1009
Batman	Separate house	0	6365
Batman	Separate house	1	27620
Bendigo			32
Bendigo		0	51
Bendigo		1	201
Bendigo	(Other)		26
Bendigo	(Other)	0	113
Bendigo	(Other)	1	219
Bendigo	Flat/apartment		41
Bendigo	Flat/apartment	0	216
Bendigo	Flat/apartment	1	442
Bendigo	Semi-detached, row/terrace house, townhouse etc.		190
Bendigo	Semi-detached, row/terrace house, townhouse etc.	0	1190
Bendigo	Semi-detached, row/terrace house, townhouse etc.	1	2321
Bendigo	Separate house		1267
Bendigo	Separate house	0	7786
Bendigo	Separate house	1	42192
Bruce			31
Bruce		0	18
Bruce		1	80
Bruce	(Other)		27
Bruce	(Other)	0	74
Bruce	(Other)	1	185
Bruce	Flat/apartment		197
Bruce	Flat/apartment	0	945
Bruce	Flat/apartment	1	4290
Bruce	Semi-detached, row/terrace house, townhouse etc.		338
Bruce	Semi-detached, row/terrace house, townhouse etc.	0	1367
Bruce	Semi-detached, row/terrace house, townhouse etc.	1	6126
Bruce	Separate house		1042
Bruce	Separate house	0	4881
Bruce	Separate house	1	33061
Calwell			39
Calwell		0	20
Calwell		1	72
Calwell	(Other)		28
Calwell	(Other)	0	143
Calwell	(Other)	1	200
Calwell	Flat/apartment		68
Calwell	Flat/apartment	0	267
Calwell	Flat/apartment	1	854
Calwell	Semi-detached, row/terrace house, townhouse etc.		229
Calwell	Semi-detached, row/terrace house, townhouse etc.	0	1096
Calwell	Semi-detached, row/terrace house, townhouse etc.	1	5043
Calwell	Separate house		1242
Calwell	Separate house	0	5563
Calwell	Separate house	1	35320
Casey			23
Casey		0	21
Casey		1	136
Casey	(Other)		15
Casey	(Other)	0	107
Casey	(Other)	1	135
Casey	Flat/apartment		5
Casey	Flat/apartment	0	35
Casey	Flat/apartment	1	175
Casey	Semi-detached, row/terrace house, townhouse etc.		109
Casey	Semi-detached, row/terrace house, townhouse etc.	0	771
Casey	Semi-detached, row/terrace house, townhouse etc.	1	2327
Casey	Separate house		916
Casey	Separate house	0	4691
Casey	Separate house	1	40307
Chisholm			38
Chisholm		0	15
Chisholm		1	170
Chisholm	(Other)	0	4
Chisholm	(Other)	1	50
Chisholm	Flat/apartment		259
Chisholm	Flat/apartment	0	1228
Chisholm	Flat/apartment	1	7572
Chisholm	Semi-detached, row/terrace house, townhouse etc.		333
Chisholm	Semi-detached, row/terrace house, townhouse etc.	0	1449
Chisholm	Semi-detached, row/terrace house, townhouse etc.	1	10720
Chisholm	Separate house		856
Chisholm	Separate house	0	4167
Chisholm	Separate house	1	30862
Corangamite			14
Corangamite		0	32
Corangamite		1	163
Corangamite	(Other)		24
Corangamite	(Other)	0	121
Corangamite	(Other)	1	316
Corangamite	Flat/apartment		30
Corangamite	Flat/apartment	0	157
Corangamite	Flat/apartment	1	299
Corangamite	Semi-detached, row/terrace house, townhouse etc.		150
Corangamite	Semi-detached, row/terrace house, townhouse etc.	0	1147
Corangamite	Semi-detached, row/terrace house, townhouse etc.	1	3333
Corangamite	Separate house		1025
Corangamite	Separate house	0	5894
Corangamite	Separate house	1	42048
Corio			20
Corio		0	30
Corio		1	132
Corio	(Other)		11
Corio	(Other)	0	69
Corio	(Other)	1	176
Corio	Flat/apartment		96
Corio	Flat/apartment	0	587
Corio	Flat/apartment	1	1515
Corio	Semi-detached, row/terrace house, townhouse etc.		228
Corio	Semi-detached, row/terrace house, townhouse etc.	0	1642
Corio	Semi-detached, row/terrace house, townhouse etc.	1	4235
Corio	Separate house		1301
Corio	Separate house	0	8320
Corio	Separate house	1	38578
Deakin			24
Deakin		0	21
Deakin		1	84
Deakin	(Other)	1	34
Deakin	Flat/apartment		49
Deakin	Flat/apartment	0	231
Deakin	Flat/apartment	1	1546
Deakin	Semi-detached, row/terrace house, townhouse etc.		239
Deakin	Semi-detached, row/terrace house, townhouse etc.	0	1254
Deakin	Semi-detached, row/terrace house, townhouse etc.	1	7087
Deakin	Separate house		837
Deakin	Separate house	0	4419
Deakin	Separate house	1	38017
Dunkley			9
Dunkley		0	13
Dunkley		1	66
Dunkley	(Other)		23
Dunkley	(Other)	0	135
Dunkley	(Other)	1	204
Dunkley	Flat/apartment		152
Dunkley	Flat/apartment	0	910
Dunkley	Flat/apartment	1	2515
Dunkley	Semi-detached, row/terrace house, townhouse etc.		257
Dunkley	Semi-detached, row/terrace house, townhouse etc.	0	1714
Dunkley	Semi-detached, row/terrace house, townhouse etc.	1	5663
Dunkley	Separate house		1019
Dunkley	Separate house	0	4416
Dunkley	Separate house	1	37924
Flinders			20
Flinders		0	34
Flinders		1	142
Flinders	(Other)		32
Flinders	(Other)	0	179
Flinders	(Other)	1	248
Flinders	Flat/apartment		49
Flinders	Flat/apartment	0	185
Flinders	Flat/apartment	1	337
Flinders	Semi-detached, row/terrace house, townhouse etc.		243
Flinders	Semi-detached, row/terrace house, townhouse etc.	0	1365
Flinders	Semi-detached, row/terrace house, townhouse etc.	1	3807
Flinders	Separate house		1358
Flinders	Separate house	0	6630
Flinders	Separate house	1	42186
Gellibrand			33
Gellibrand		0	43
Gellibrand		1	155
Gellibrand	(Other)		36
Gellibrand	(Other)	0	53
Gellibrand	(Other)	1	216
Gellibrand	Flat/apartment		330
Gellibrand	Flat/apartment	0	1692
Gellibrand	Flat/apartment	1	6616
Gellibrand	Semi-detached, row/terrace house, townhouse etc.		380
Gellibrand	Semi-detached, row/terrace house, townhouse etc.	0	1715
Gellibrand	Semi-detached, row/terrace house, townhouse etc.	1	11253
Gellibrand	Separate house		1081
Gellibrand	Separate house	0	6355
Gellibrand	Separate house	1	30941
Gippsland			113
Gippsland		0	63
Gippsland		1	207
Gippsland	(Other)		36
Gippsland	(Other)	0	192
Gippsland	(Other)	1	302
Gippsland	Flat/apartment		111
Gippsland	Flat/apartment	0	681
Gippsland	Flat/apartment	1	1101
Gippsland	Semi-detached, row/terrace house, townhouse etc.		107
Gippsland	Semi-detached, row/terrace house, townhouse etc.	0	805
Gippsland	Semi-detached, row/terrace house, townhouse etc.	1	1182
Gippsland	Separate house		1356
Gippsland	Separate house	0	8924
Gippsland	Separate house	1	39267
Goldstein			12
Goldstein		0	17
Goldstein		1	173
Goldstein	(Other)		3
Goldstein	(Other)	0	17
Goldstein	(Other)	1	250
Goldstein	Flat/apartment		240
Goldstein	Flat/apartment	0	1163
Goldstein	Flat/apartment	1	6631
Goldstein	Semi-detached, row/terrace house, townhouse etc.		297
Goldstein	Semi-detached, row/terrace house, townhouse etc.	0	1387
Goldstein	Semi-detached, row/terrace house, townhouse etc.	1	11460
Goldstein	Separate house		571
Goldstein	Separate house	0	2477
Goldstein	Separate house	1	29016
Gorton			7
Gorton		0	9
Gorton		1	85
Gorton	(Other)		3
Gorton	(Other)	0	60
Gorton	(Other)	1	75
Gorton	Flat/apartment		35
Gorton	Flat/apartment	0	191
Gorton	Flat/apartment	1	371
Gorton	Semi-detached, row/terrace house, townhouse etc.		190
Gorton	Semi-detached, row/terrace house, townhouse etc.	0	1107
Gorton	Semi-detached, row/terrace house, townhouse etc.	1	4962
Gorton	Separate house		1503
Gorton	Separate house	0	5571
Gorton	Separate house	1	45344
Higgins			21
Higgins		0	18
Higgins		1	158
Higgins	(Other)		15
Higgins	(Other)	0	23
Higgins	(Other)	1	265
Higgins	Flat/apartment		689
Higgins	Flat/apartment	0	2732
Higgins	Flat/apartment	1	23034
Higgins	Semi-detached, row/terrace house, townhouse etc.		300
Higgins	Semi-detached, row/terrace house, townhouse etc.	0	1201
Higgins	Semi-detached, row/terrace house, townhouse etc.	1	12357
Higgins	Separate house		388
Higgins	Separate house	0	1642
Higgins	Separate house	1	19506
Holt			21
Holt		0	18
Holt		1	59
Holt	(Other)		16
Holt	(Other)	0	78
Holt	(Other)	1	128
Holt	Flat/apartment		46
Holt	Flat/apartment	0	211
Holt	Flat/apartment	1	396
Holt	Semi-detached, row/terrace house, townhouse etc.		190
Holt	Semi-detached, row/terrace house, townhouse etc.	0	1038
Holt	Semi-detached, row/terrace house, townhouse etc.	1	4923
Holt	Separate house		1535
Holt	Separate house	0	5153
Holt	Separate house	1	47017
Hotham			29
Hotham		0	29
Hotham		1	114
Hotham	(Other)		9
Hotham	(Other)	0	54
Hotham	(Other)	1	103
Hotham	Flat/apartment		218
Hotham	Flat/apartment	0	781
Hotham	Flat/apartment	1	4076
Hotham	Semi-detached, row/terrace house, townhouse etc.		283
Hotham	Semi-detached, row/terrace house, townhouse etc.	0	1302
Hotham	Semi-detached, row/terrace house, townhouse etc.	1	7958
Hotham	Separate house		929
Hotham	Separate house	0	5128
Hotham	Separate house	1	31280
Indi			17
Indi		0	52
Indi		1	282
Indi	(Other)		70
Indi	(Other)	0	130
Indi	(Other)	1	258
Indi	Flat/apartment		85
Indi	Flat/apartment	0	487
Indi	Flat/apartment	1	715
Indi	Semi-detached, row/terrace house, townhouse etc.		175
Indi	Semi-detached, row/terrace house, townhouse etc.	0	1062
Indi	Semi-detached, row/terrace house, townhouse etc.	1	1838
Indi	Separate house		1310
Indi	Separate house	0	8232
Indi	Separate house	1	38221
Isaacs			20
Isaacs		0	22
Isaacs		1	122
Isaacs	(Other)		18
Isaacs	(Other)	0	189
Isaacs	(Other)	1	287
Isaacs	Flat/apartment		214
Isaacs	Flat/apartment	0	1203
Isaacs	Flat/apartment	1	4926
Isaacs	Semi-detached, row/terrace house, townhouse etc.		375
Isaacs	Semi-detached, row/terrace house, townhouse etc.	0	1869
Isaacs	Semi-detached, row/terrace house, townhouse etc.	1	11078
Isaacs	Separate house		824
Isaacs	Separate house	0	3655
Isaacs	Separate house	1	31051
Jagajaga			24
Jagajaga		0	21
Jagajaga		1	98
Jagajaga	(Other)	0	5
Jagajaga	(Other)	1	54
Jagajaga	Flat/apartment		87
Jagajaga	Flat/apartment	0	452
Jagajaga	Flat/apartment	1	2576
Jagajaga	Semi-detached, row/terrace house, townhouse etc.		197
Jagajaga	Semi-detached, row/terrace house, townhouse etc.	0	1136
Jagajaga	Semi-detached, row/terrace house, townhouse etc.	1	5877
Jagajaga	Separate house		793
Jagajaga	Separate house	0	3670
Jagajaga	Separate house	1	35732
Kooyong			12
Kooyong		0	20
Kooyong		1	149
Kooyong	(Other)		5
Kooyong	(Other)	0	11
Kooyong	(Other)	1	142
Kooyong	Flat/apartment		410
Kooyong	Flat/apartment	0	1113
Kooyong	Flat/apartment	1	11589
Kooyong	Semi-detached, row/terrace house, townhouse etc.		181
Kooyong	Semi-detached, row/terrace house, townhouse etc.	0	923
Kooyong	Semi-detached, row/terrace house, townhouse etc.	1	9810
Kooyong	Separate house		495
Kooyong	Separate house	0	1918
Kooyong	Separate house	1	25700
La Trobe			16
La Trobe		0	11
La Trobe		1	82
La Trobe	(Other)		7
La Trobe	(Other)	0	28
La Trobe	(Other)	1	56
La Trobe	Flat/apartment		33
La Trobe	Flat/apartment	0	183
La Trobe	Flat/apartment	1	264
La Trobe	Semi-detached, row/terrace house, townhouse etc.		102
La Trobe	Semi-detached, row/terrace house, townhouse etc.	0	583
La Trobe	Semi-detached, row/terrace house, townhouse etc.	1	2492
La Trobe	Separate house		876
La Trobe	Separate house	0	3402
La Trobe	Separate house	1	43168
Lalor			20
Lalor		0	14
Lalor		1	58
Lalor	(Other)		4
Lalor	(Other)	0	58
Lalor	(Other)	1	69
Lalor	Flat/apartment		59
Lalor	Flat/apartment	0	316
Lalor	Flat/apartment	1	1151
Lalor	Semi-detached, row/terrace house, townhouse etc.		261
Lalor	Semi-detached, row/terrace house, townhouse etc.	0	1284
Lalor	Semi-detached, row/terrace house, townhouse etc.	1	8844
Lalor	Separate house		1441
Lalor	Separate house	0	5193
Lalor	Separate house	1	53250
Mallee			44
Mallee		0	65
Mallee		1	267
Mallee	(Other)		36
Mallee	(Other)	0	208
Mallee	(Other)	1	300
Mallee	Flat/apartment		170
Mallee	Flat/apartment	0	1099
Mallee	Flat/apartment	1	1157
Mallee	Semi-detached, row/terrace house, townhouse etc.		139
Mallee	Semi-detached, row/terrace house, townhouse etc.	0	1040
Mallee	Semi-detached, row/terrace house, townhouse etc.	1	1534
Mallee	Separate house		1441
Mallee	Separate house	0	10178
Mallee	Separate house	1	35006
Maribyrnong			36
Maribyrnong		0	21
Maribyrnong		1	136
Maribyrnong	(Other)		6
Maribyrnong	(Other)	0	35
Maribyrnong	(Other)	1	169
Maribyrnong	Flat/apartment		254
Maribyrnong	Flat/apartment	0	1342
Maribyrnong	Flat/apartment	1	6462
Maribyrnong	Semi-detached, row/terrace house, townhouse etc.		381
Maribyrnong	Semi-detached, row/terrace house, townhouse etc.	0	1675
Maribyrnong	Semi-detached, row/terrace house, townhouse etc.	1	10095
Maribyrnong	Separate house		1194
Maribyrnong	Separate house	0	6715
Maribyrnong	Separate house	1	29639
McEwen			15
McEwen		0	25
McEwen		1	124
McEwen	(Other)		10
McEwen	(Other)	0	31
McEwen	(Other)	1	83
McEwen	Flat/apartment		60
McEwen	Flat/apartment	0	469
McEwen	Flat/apartment	1	1158
McEwen	Semi-detached, row/terrace house, townhouse etc.		124
McEwen	Semi-detached, row/terrace house, townhouse etc.	0	775
McEwen	Semi-detached, row/terrace house, townhouse etc.	1	3820
McEwen	Separate house		1278
McEwen	Separate house	0	5703
McEwen	Separate house	1	53973
McMillan			30
McMillan		0	26
McMillan		1	153
McMillan	(Other)		22
McMillan	(Other)	0	200
McMillan	(Other)	1	207
McMillan	Flat/apartment		76
McMillan	Flat/apartment	0	614
McMillan	Flat/apartment	1	800
McMillan	Semi-detached, row/terrace house, townhouse etc.		193
McMillan	Semi-detached, row/terrace house, townhouse etc.	0	1206
McMillan	Semi-detached, row/terrace house, townhouse etc.	1	2450
McMillan	Separate house		1399
McMillan	Separate house	0	8220
McMillan	Separate house	1	45136
Melbourne			59
Melbourne		0	37
Melbourne		1	467
Melbourne	(Other)		58
Melbourne	(Other)	0	32
Melbourne	(Other)	1	320
Melbourne	Flat/apartment		1835
Melbourne	Flat/apartment	0	5713
Melbourne	Flat/apartment	1	48311
Melbourne	Semi-detached, row/terrace house, townhouse etc.		502
Melbourne	Semi-detached, row/terrace house, townhouse etc.	0	1495
Melbourne	Semi-detached, row/terrace house, townhouse etc.	1	19036
Melbourne	Separate house		219
Melbourne	Separate house	0	901
Melbourne	Separate house	1	7506
Melbourne Ports			51
Melbourne Ports		0	30
Melbourne Ports		1	194
Melbourne Ports	(Other)		15
Melbourne Ports	(Other)	0	42
Melbourne Ports	(Other)	1	516
Melbourne Ports	Flat/apartment		1150
Melbourne Ports	Flat/apartment	0	4121
Melbourne Ports	Flat/apartment	1	39479
Melbourne Ports	Semi-detached, row/terrace house, townhouse etc.		311
Melbourne Ports	Semi-detached, row/terrace house, townhouse etc.	0	1248
Melbourne Ports	Semi-detached, row/terrace house, townhouse etc.	1	12928
Melbourne Ports	Separate house		175
Melbourne Ports	Separate house	0	740
Melbourne Ports	Separate house	1	8113
Menzies			79
Menzies		0	11
Menzies		1	64
Menzies	(Other)		3
Menzies	(Other)	0	4
Menzies	(Other)	1	39
Menzies	Flat/apartment		81
Menzies	Flat/apartment	0	382
Menzies	Flat/apartment	1	2206
Menzies	Semi-detached, row/terrace house, townhouse etc.		180
Menzies	Semi-detached, row/terrace house, townhouse etc.	0	721
Menzies	Semi-detached, row/terrace house, townhouse etc.	1	5508
Menzies	Separate house		706
Menzies	Separate house	0	3509
Menzies	Separate house	1	33380
Murray			33
Murray		0	63
Murray		1	183
Murray	(Other)		45
Murray	(Other)	0	277
Murray	(Other)	1	328
Murray	Flat/apartment		86
Murray	Flat/apartment	0	608
Murray	Flat/apartment	1	549
Murray	Semi-detached, row/terrace house, townhouse etc.		213
Murray	Semi-detached, row/terrace house, townhouse etc.	0	1215
Murray	Semi-detached, row/terrace house, townhouse etc.	1	1979
Murray	Separate house		1494
Murray	Separate house	0	9284
Murray	Separate house	1	37163
Scullin			17
Scullin		0	14
Scullin		1	66
Scullin	(Other)	1	17
Scullin	Flat/apartment		72
Scullin	Flat/apartment	0	412
Scullin	Flat/apartment	1	1527
Scullin	Semi-detached, row/terrace house, townhouse etc.		167
Scullin	Semi-detached, row/terrace house, townhouse etc.	0	884
Scullin	Semi-detached, row/terrace house, townhouse etc.	1	5000
Scullin	Separate house		1167
Scullin	Separate house	0	6284
Scullin	Separate house	1	38732
Wannon			34
Wannon		0	61
Wannon		1	246
Wannon	(Other)		15
Wannon	(Other)	0	141
Wannon	(Other)	1	270
Wannon	Flat/apartment		135
Wannon	Flat/apartment	0	569
Wannon	Flat/apartment	1	682
Wannon	Semi-detached, row/terrace house, townhouse etc.		111
Wannon	Semi-detached, row/terrace house, townhouse etc.	0	931
Wannon	Semi-detached, row/terrace house, townhouse etc.	1	1513
Wannon	Separate house		1320
Wannon	Separate house	0	9651
Wannon	Separate house	1	35413
Wills			21
Wills		0	38
Wills		1	178
Wills	(Other)		13
Wills	(Other)	0	28
Wills	(Other)	1	233
Wills	Flat/apartment		299
Wills	Flat/apartment	0	1282
Wills	Flat/apartment	1	9158
Wills	Semi-detached, row/terrace house, townhouse etc.		459
Wills	Semi-detached, row/terrace house, townhouse etc.	0	1856
Wills	Semi-detached, row/terrace house, townhouse etc.	1	14526
Wills	Separate house		952
Wills	Separate house	0	6582
Wills	Separate house	1	28244
Blair			30
Blair		0	38
Blair		1	137
Blair	(Other)		38
Blair	(Other)	0	124
Blair	(Other)	1	174
Blair	Flat/apartment		48
Blair	Flat/apartment	0	336
Blair	Flat/apartment	1	528
Blair	Semi-detached, row/terrace house, townhouse etc.		151
Blair	Semi-detached, row/terrace house, townhouse etc.	0	1131
Blair	Semi-detached, row/terrace house, townhouse etc.	1	2341
Blair	Separate house		1074
Blair	Separate house	0	6863
Blair	Separate house	1	39951
Bonner			21
Bonner		0	16
Bonner		1	89
Bonner	(Other)		34
Bonner	(Other)	0	212
Bonner	(Other)	1	416
Bonner	Flat/apartment		102
Bonner	Flat/apartment	0	717
Bonner	Flat/apartment	1	2200
Bonner	Semi-detached, row/terrace house, townhouse etc.		333
Bonner	Semi-detached, row/terrace house, townhouse etc.	0	811
Bonner	Semi-detached, row/terrace house, townhouse etc.	1	5244
Bonner	Separate house		766
Bonner	Separate house	0	3863
Bonner	Separate house	1	37364
Bowman			52
Bowman		0	26
Bowman		1	144
Bowman	(Other)		18
Bowman	(Other)	0	145
Bowman	(Other)	1	212
Bowman	Flat/apartment		79
Bowman	Flat/apartment	0	708
Bowman	Flat/apartment	1	1582
Bowman	Semi-detached, row/terrace house, townhouse etc.		157
Bowman	Semi-detached, row/terrace house, townhouse etc.	0	1091
Bowman	Semi-detached, row/terrace house, townhouse etc.	1	3682
Bowman	Separate house		864
Bowman	Separate house	0	3779
Bowman	Separate house	1	39915
Brisbane			153
Brisbane		0	24
Brisbane		1	257
Brisbane	(Other)		35
Brisbane	(Other)	0	26
Brisbane	(Other)	1	108
Brisbane	Flat/apartment		870
Brisbane	Flat/apartment	0	3441
Brisbane	Flat/apartment	1	28844
Brisbane	Semi-detached, row/terrace house, townhouse etc.		107
Brisbane	Semi-detached, row/terrace house, townhouse etc.	0	412
Brisbane	Semi-detached, row/terrace house, townhouse etc.	1	3794
Brisbane	Separate house		567
Brisbane	Separate house	0	1696
Brisbane	Separate house	1	24234
Capricornia			145
Capricornia		0	43
Capricornia		1	184
Capricornia	(Other)		128
Capricornia	(Other)	0	231
Capricornia	(Other)	1	386
Capricornia	Flat/apartment		137
Capricornia	Flat/apartment	0	773
Capricornia	Flat/apartment	1	1472
Capricornia	Semi-detached, row/terrace house, townhouse etc.		127
Capricornia	Semi-detached, row/terrace house, townhouse etc.	0	905
Capricornia	Semi-detached, row/terrace house, townhouse etc.	1	1890
Capricornia	Separate house		1144
Capricornia	Separate house	0	7023
Capricornia	Separate house	1	37254
Dawson			132
Dawson		0	68
Dawson		1	256
Dawson	(Other)		110
Dawson	(Other)	0	257
Dawson	(Other)	1	550
Dawson	Flat/apartment		180
Dawson	Flat/apartment	0	1048
Dawson	Flat/apartment	1	2296
Dawson	Semi-detached, row/terrace house, townhouse etc.		189
Dawson	Semi-detached, row/terrace house, townhouse etc.	0	1290
Dawson	Semi-detached, row/terrace house, townhouse etc.	1	2978
Dawson	Separate house		1102
Dawson	Separate house	0	6622
Dawson	Separate house	1	38051
Dickson			9
Dickson		0	9
Dickson		1	52
Dickson	(Other)		20
Dickson	(Other)	0	73
Dickson	(Other)	1	125
Dickson	Flat/apartment		39
Dickson	Flat/apartment	0	269
Dickson	Flat/apartment	1	586
Dickson	Semi-detached, row/terrace house, townhouse etc.		144
Dickson	Semi-detached, row/terrace house, townhouse etc.	0	1068
Dickson	Semi-detached, row/terrace house, townhouse etc.	1	4216
Dickson	Separate house		623
Dickson	Separate house	0	2653
Dickson	Separate house	1	39429
Fadden			25
Fadden		0	44
Fadden		1	169
Fadden	(Other)		28
Fadden	(Other)	0	149
Fadden	(Other)	1	339
Fadden	Flat/apartment		214
Fadden	Flat/apartment	0	1134
Fadden	Flat/apartment	1	5535
Fadden	Semi-detached, row/terrace house, townhouse etc.		354
Fadden	Semi-detached, row/terrace house, townhouse etc.	0	2133
Fadden	Semi-detached, row/terrace house, townhouse etc.	1	11728
Fadden	Separate house		837
Fadden	Separate house	0	3024
Fadden	Separate house	1	33741
Fairfax			46
Fairfax		0	53
Fairfax		1	212
Fairfax	(Other)		54
Fairfax	(Other)	0	298
Fairfax	(Other)	1	514
Fairfax	Flat/apartment		241
Fairfax	Flat/apartment	0	1181
Fairfax	Flat/apartment	1	4917
Fairfax	Semi-detached, row/terrace house, townhouse etc.		253
Fairfax	Semi-detached, row/terrace house, townhouse etc.	0	1434
Fairfax	Semi-detached, row/terrace house, townhouse etc.	1	5763
Fairfax	Separate house		832
Fairfax	Separate house	0	3376
Fairfax	Separate house	1	37285
Fisher			32
Fisher		0	81
Fisher		1	165
Fisher	(Other)		37
Fisher	(Other)	0	257
Fisher	(Other)	1	433
Fisher	Flat/apartment		222
Fisher	Flat/apartment	0	1153
Fisher	Flat/apartment	1	5194
Fisher	Semi-detached, row/terrace house, townhouse etc.		204
Fisher	Semi-detached, row/terrace house, townhouse etc.	0	1507
Fisher	Semi-detached, row/terrace house, townhouse etc.	1	4373
Fisher	Separate house		692
Fisher	Separate house	0	3627
Fisher	Separate house	1	33930
Flynn			39
Flynn		0	105
Flynn		1	380
Flynn	(Other)		108
Flynn	(Other)	0	398
Flynn	(Other)	1	697
Flynn	Flat/apartment		114
Flynn	Flat/apartment	0	634
Flynn	Flat/apartment	1	1521
Flynn	Semi-detached, row/terrace house, townhouse etc.		53
Flynn	Semi-detached, row/terrace house, townhouse etc.	0	412
Flynn	Semi-detached, row/terrace house, townhouse etc.	1	1150
Flynn	Separate house		1229
Flynn	Separate house	0	7885
Flynn	Separate house	1	38896
Forde			21
Forde		0	27
Forde		1	97
Forde	(Other)		30
Forde	(Other)	0	156
Forde	(Other)	1	249
Forde	Flat/apartment		65
Forde	Flat/apartment	0	477
Forde	Flat/apartment	1	1035
Forde	Semi-detached, row/terrace house, townhouse etc.		197
Forde	Semi-detached, row/terrace house, townhouse etc.	0	1227
Forde	Semi-detached, row/terrace house, townhouse etc.	1	4491
Forde	Separate house		1078
Forde	Separate house	0	4341
Forde	Separate house	1	40353
Griffith			48
Griffith		0	22
Griffith		1	221
Griffith	(Other)		5
Griffith	(Other)	0	21
Griffith	(Other)	1	163
Griffith	Flat/apartment		610
Griffith	Flat/apartment	0	2729
Griffith	Flat/apartment	1	19293
Griffith	Semi-detached, row/terrace house, townhouse etc.		158
Griffith	Semi-detached, row/terrace house, townhouse etc.	0	587
Griffith	Semi-detached, row/terrace house, townhouse etc.	1	6012
Griffith	Separate house		620
Griffith	Separate house	0	2333
Griffith	Separate house	1	27135
Groom			107
Groom		0	50
Groom		1	191
Groom	(Other)		8
Groom	(Other)	0	72
Groom	(Other)	1	164
Groom	Flat/apartment		98
Groom	Flat/apartment	0	832
Groom	Flat/apartment	1	1650
Groom	Semi-detached, row/terrace house, townhouse etc.		239
Groom	Semi-detached, row/terrace house, townhouse etc.	0	1845
Groom	Semi-detached, row/terrace house, townhouse etc.	1	4321
Groom	Separate house		905
Groom	Separate house	0	5928
Groom	Separate house	1	37326
Herbert			52
Herbert		0	31
Herbert		1	132
Herbert	(Other)		21
Herbert	(Other)	0	131
Herbert	(Other)	1	273
Herbert	Flat/apartment		164
Herbert	Flat/apartment	0	883
Herbert	Flat/apartment	1	3462
Herbert	Semi-detached, row/terrace house, townhouse etc.		258
Herbert	Semi-detached, row/terrace house, townhouse etc.	0	1922
Herbert	Semi-detached, row/terrace house, townhouse etc.	1	4350
Herbert	Separate house		956
Herbert	Separate house	0	5317
Herbert	Separate house	1	38344
Hinkler			96
Hinkler		0	56
Hinkler		1	187
Hinkler	(Other)		75
Hinkler	(Other)	0	416
Hinkler	(Other)	1	649
Hinkler	Flat/apartment		124
Hinkler	Flat/apartment	0	869
Hinkler	Flat/apartment	1	1625
Hinkler	Semi-detached, row/terrace house, townhouse etc.		215
Hinkler	Semi-detached, row/terrace house, townhouse etc.	0	1633
Hinkler	Semi-detached, row/terrace house, townhouse etc.	1	2946
Hinkler	Separate house		1174
Hinkler	Separate house	0	7702
Hinkler	Separate house	1	36839
Kennedy			69
Kennedy		0	100
Kennedy		1	328
Kennedy	(Other)		157
Kennedy	(Other)	0	508
Kennedy	(Other)	1	828
Kennedy	Flat/apartment		165
Kennedy	Flat/apartment	0	1069
Kennedy	Flat/apartment	1	1413
Kennedy	Semi-detached, row/terrace house, townhouse etc.		108
Kennedy	Semi-detached, row/terrace house, townhouse etc.	0	656
Kennedy	Semi-detached, row/terrace house, townhouse etc.	1	1334
Kennedy	Separate house		1401
Kennedy	Separate house	0	9709
Kennedy	Separate house	1	36307
Leichhardt			132
Leichhardt		0	85
Leichhardt		1	286
Leichhardt	(Other)		125
Leichhardt	(Other)	0	230
Leichhardt	(Other)	1	507
Leichhardt	Flat/apartment		430
Leichhardt	Flat/apartment	0	2250
Leichhardt	Flat/apartment	1	7394
Leichhardt	Semi-detached, row/terrace house, townhouse etc.		243
Leichhardt	Semi-detached, row/terrace house, townhouse etc.	0	1549
Leichhardt	Semi-detached, row/terrace house, townhouse etc.	1	4509
Leichhardt	Separate house		1208
Leichhardt	Separate house	0	5378
Leichhardt	Separate house	1	36213
Lilley			62
Lilley		0	21
Lilley		1	131
Lilley	(Other)		12
Lilley	(Other)	0	94
Lilley	(Other)	1	97
Lilley	Flat/apartment		318
Lilley	Flat/apartment	0	1861
Lilley	Flat/apartment	1	7639
Lilley	Semi-detached, row/terrace house, townhouse etc.		250
Lilley	Semi-detached, row/terrace house, townhouse etc.	0	1162
Lilley	Semi-detached, row/terrace house, townhouse etc.	1	5445
Lilley	Separate house		886
Lilley	Separate house	0	4376
Lilley	Separate house	1	36950
Longman			24
Longman		0	33
Longman		1	115
Longman	(Other)		35
Longman	(Other)	0	279
Longman	(Other)	1	367
Longman	Flat/apartment		90
Longman	Flat/apartment	0	605
Longman	Flat/apartment	1	742
Longman	Semi-detached, row/terrace house, townhouse etc.		214
Longman	Semi-detached, row/terrace house, townhouse etc.	0	1390
Longman	Semi-detached, row/terrace house, townhouse etc.	1	4253
Longman	Separate house		1007
Longman	Separate house	0	5061
Longman	Separate house	1	40850
Maranoa			37
Maranoa		0	98
Maranoa		1	305
Maranoa	(Other)		86
Maranoa	(Other)	0	291
Maranoa	(Other)	1	502
Maranoa	Flat/apartment		106
Maranoa	Flat/apartment	0	600
Maranoa	Flat/apartment	1	898
Maranoa	Semi-detached, row/terrace house, townhouse etc.		110
Maranoa	Semi-detached, row/terrace house, townhouse etc.	0	717
Maranoa	Semi-detached, row/terrace house, townhouse etc.	1	1035
Maranoa	Separate house		1409
Maranoa	Separate house	0	10912
Maranoa	Separate house	1	37524
McPherson			15
McPherson		0	21
McPherson		1	110
McPherson	(Other)		10
McPherson	(Other)	0	57
McPherson	(Other)	1	115
McPherson	Flat/apartment		350
McPherson	Flat/apartment	0	2007
McPherson	Flat/apartment	1	7656
McPherson	Semi-detached, row/terrace house, townhouse etc.		334
McPherson	Semi-detached, row/terrace house, townhouse etc.	0	1729
McPherson	Semi-detached, row/terrace house, townhouse etc.	1	10631
McPherson	Separate house		694
McPherson	Separate house	0	2749
McPherson	Separate house	1	28499
Moncrieff			105
Moncrieff		0	44
Moncrieff		1	209
Moncrieff	(Other)		41
Moncrieff	(Other)	0	220
Moncrieff	(Other)	1	362
Moncrieff	Flat/apartment		837
Moncrieff	Flat/apartment	0	3786
Moncrieff	Flat/apartment	1	17866
Moncrieff	Semi-detached, row/terrace house, townhouse etc.		510
Moncrieff	Semi-detached, row/terrace house, townhouse etc.	0	1878
Moncrieff	Semi-detached, row/terrace house, townhouse etc.	1	9660
Moncrieff	Separate house		679
Moncrieff	Separate house	0	2398
Moncrieff	Separate house	1	23585
Moreton			115
Moreton		0	45
Moreton		1	160
Moreton	(Other)		11
Moreton	(Other)	0	38
Moreton	(Other)	1	69
Moreton	Flat/apartment		144
Moreton	Flat/apartment	0	884
Moreton	Flat/apartment	1	3881
Moreton	Semi-detached, row/terrace house, townhouse etc.		418
Moreton	Semi-detached, row/terrace house, townhouse etc.	0	657
Moreton	Semi-detached, row/terrace house, townhouse etc.	1	6323
Moreton	Separate house		890
Moreton	Separate house	0	3400
Moreton	Separate house	1	35907
Oxley			31
Oxley		0	26
Oxley		1	79
Oxley	(Other)		23
Oxley	(Other)	0	118
Oxley	(Other)	1	148
Oxley	Flat/apartment		39
Oxley	Flat/apartment	0	212
Oxley	Flat/apartment	1	323
Oxley	Semi-detached, row/terrace house, townhouse etc.		163
Oxley	Semi-detached, row/terrace house, townhouse etc.	0	802
Oxley	Semi-detached, row/terrace house, townhouse etc.	1	3855
Oxley	Separate house		986
Oxley	Separate house	0	4426
Oxley	Separate house	1	39874
Petrie			29
Petrie		0	23
Petrie		1	150
Petrie	(Other)		27
Petrie	(Other)	0	199
Petrie	(Other)	1	258
Petrie	Flat/apartment		179
Petrie	Flat/apartment	0	1515
Petrie	Flat/apartment	1	3787
Petrie	Semi-detached, row/terrace house, townhouse etc.		215
Petrie	Semi-detached, row/terrace house, townhouse etc.	0	1473
Petrie	Semi-detached, row/terrace house, townhouse etc.	1	5526
Petrie	Separate house		900
Petrie	Separate house	0	4894
Petrie	Separate house	1	40181
Rankin			24
Rankin		0	42
Rankin		1	85
Rankin	(Other)		24
Rankin	(Other)	0	103
Rankin	(Other)	1	156
Rankin	Flat/apartment		88
Rankin	Flat/apartment	0	444
Rankin	Flat/apartment	1	653
Rankin	Semi-detached, row/terrace house, townhouse etc.		257
Rankin	Semi-detached, row/terrace house, townhouse etc.	0	1432
Rankin	Semi-detached, row/terrace house, townhouse etc.	1	6465
Rankin	Separate house		1044
Rankin	Separate house	0	4569
Rankin	Separate house	1	40833
Ryan			54
Ryan		0	11
Ryan		1	134
Ryan	(Other)	1	35
Ryan	Flat/apartment		224
Ryan	Flat/apartment	0	815
Ryan	Flat/apartment	1	10474
Ryan	Semi-detached, row/terrace house, townhouse etc.		89
Ryan	Semi-detached, row/terrace house, townhouse etc.	0	301
Ryan	Semi-detached, row/terrace house, townhouse etc.	1	2240
Ryan	Separate house		567
Ryan	Separate house	0	1950
Ryan	Separate house	1	36465
Wide Bay			54
Wide Bay		0	72
Wide Bay		1	224
Wide Bay	(Other)		63
Wide Bay	(Other)	0	291
Wide Bay	(Other)	1	510
Wide Bay	Flat/apartment		104
Wide Bay	Flat/apartment	0	636
Wide Bay	Flat/apartment	1	1561
Wide Bay	Semi-detached, row/terrace house, townhouse etc.		177
Wide Bay	Semi-detached, row/terrace house, townhouse etc.	0	1096
Wide Bay	Semi-detached, row/terrace house, townhouse etc.	1	2646
Wide Bay	Separate house		1174
Wide Bay	Separate house	0	7662
Wide Bay	Separate house	1	38316
Wright			146
Wright		0	42
Wright		1	156
Wright	(Other)		109
Wright	(Other)	0	172
Wright	(Other)	1	365
Wright	Flat/apartment		29
Wright	Flat/apartment	0	193
Wright	Flat/apartment	1	268
Wright	Semi-detached, row/terrace house, townhouse etc.		49
Wright	Semi-detached, row/terrace house, townhouse etc.	0	398
Wright	Semi-detached, row/terrace house, townhouse etc.	1	865
Wright	Separate house		1101
Wright	Separate house	0	5727
Wright	Separate house	1	40438
Adelaide			54
Adelaide		0	34
Adelaide		1	184
Adelaide	(Other)		14
Adelaide	(Other)	0	23
Adelaide	(Other)	1	176
Adelaide	Flat/apartment		341
Adelaide	Flat/apartment	0	1899
Adelaide	Flat/apartment	1	9665
Adelaide	Semi-detached, row/terrace house, townhouse etc.		464
Adelaide	Semi-detached, row/terrace house, townhouse etc.	0	2662
Adelaide	Semi-detached, row/terrace house, townhouse etc.	1	14093
Adelaide	Separate house		631
Adelaide	Separate house	0	4296
Adelaide	Separate house	1	29328
Barker			40
Barker		0	75
Barker		1	217
Barker	(Other)		17
Barker	(Other)	0	157
Barker	(Other)	1	376
Barker	Flat/apartment		98
Barker	Flat/apartment	0	744
Barker	Flat/apartment	1	933
Barker	Semi-detached, row/terrace house, townhouse etc.		175
Barker	Semi-detached, row/terrace house, townhouse etc.	0	1585
Barker	Semi-detached, row/terrace house, townhouse etc.	1	2110
Barker	Separate house		1221
Barker	Separate house	0	10315
Barker	Separate house	1	39590
Boothby			18
Boothby		0	18
Boothby		1	142
Boothby	(Other)		6
Boothby	(Other)	0	36
Boothby	(Other)	1	90
Boothby	Flat/apartment		93
Boothby	Flat/apartment	0	766
Boothby	Flat/apartment	1	2314
Boothby	Semi-detached, row/terrace house, townhouse etc.		298
Boothby	Semi-detached, row/terrace house, townhouse etc.	0	1934
Boothby	Semi-detached, row/terrace house, townhouse etc.	1	7097
Boothby	Separate house		658
Boothby	Separate house	0	4289
Boothby	Separate house	1	37517
Grey			45
Grey		0	98
Grey		1	300
Grey	(Other)		73
Grey	(Other)	0	242
Grey	(Other)	1	433
Grey	Flat/apartment		80
Grey	Flat/apartment	0	681
Grey	Flat/apartment	1	691
Grey	Semi-detached, row/terrace house, townhouse etc.		297
Grey	Semi-detached, row/terrace house, townhouse etc.	0	2533
Grey	Semi-detached, row/terrace house, townhouse etc.	1	3593
Grey	Separate house		1135
Grey	Separate house	0	10294
Grey	Separate house	1	34932
Hindmarsh			26
Hindmarsh		0	29
Hindmarsh		1	175
Hindmarsh	(Other)		4
Hindmarsh	(Other)	0	22
Hindmarsh	(Other)	1	77
Hindmarsh	Flat/apartment		308
Hindmarsh	Flat/apartment	0	2252
Hindmarsh	Flat/apartment	1	7019
Hindmarsh	Semi-detached, row/terrace house, townhouse etc.		450
Hindmarsh	Semi-detached, row/terrace house, townhouse etc.	0	3152
Hindmarsh	Semi-detached, row/terrace house, townhouse etc.	1	11852
Hindmarsh	Separate house		679
Hindmarsh	Separate house	0	5587
Hindmarsh	Separate house	1	30252
Kingston			6
Kingston		0	22
Kingston		1	87
Kingston	(Other)		13
Kingston	(Other)	0	86
Kingston	(Other)	1	122
Kingston	Flat/apartment		53
Kingston	Flat/apartment	0	460
Kingston	Flat/apartment	1	880
Kingston	Semi-detached, row/terrace house, townhouse etc.		218
Kingston	Semi-detached, row/terrace house, townhouse etc.	0	1529
Kingston	Semi-detached, row/terrace house, townhouse etc.	1	3049
Kingston	Separate house		954
Kingston	Separate house	0	5670
Kingston	Separate house	1	43101
Makin			12
Makin		0	13
Makin		1	61
Makin	(Other)	0	10
Makin	(Other)	1	38
Makin	Flat/apartment		45
Makin	Flat/apartment	0	485
Makin	Flat/apartment	1	1492
Makin	Semi-detached, row/terrace house, townhouse etc.		148
Makin	Semi-detached, row/terrace house, townhouse etc.	0	1205
Makin	Semi-detached, row/terrace house, townhouse etc.	1	3799
Makin	Separate house		830
Makin	Separate house	0	5609
Makin	Separate house	1	41613
Mayo			24
Mayo		0	57
Mayo		1	179
Mayo	(Other)		19
Mayo	(Other)	0	113
Mayo	(Other)	1	239
Mayo	Flat/apartment		12
Mayo	Flat/apartment	0	220
Mayo	Flat/apartment	1	309
Mayo	Semi-detached, row/terrace house, townhouse etc.		81
Mayo	Semi-detached, row/terrace house, townhouse etc.	0	698
Mayo	Semi-detached, row/terrace house, townhouse etc.	1	1273
Mayo	Separate house		861
Mayo	Separate house	0	6042
Mayo	Separate house	1	42584
Port Adelaide			17
Port Adelaide		0	35
Port Adelaide		1	133
Port Adelaide	(Other)		7
Port Adelaide	(Other)	0	70
Port Adelaide	(Other)	1	171
Port Adelaide	Flat/apartment		149
Port Adelaide	Flat/apartment	0	1144
Port Adelaide	Flat/apartment	1	2447
Port Adelaide	Semi-detached, row/terrace house, townhouse etc.		356
Port Adelaide	Semi-detached, row/terrace house, townhouse etc.	0	3254
Port Adelaide	Semi-detached, row/terrace house, townhouse etc.	1	7947
Port Adelaide	Separate house		1083
Port Adelaide	Separate house	0	7871
Port Adelaide	Separate house	1	37148
Sturt			17
Sturt		0	10
Sturt		1	126
Sturt	(Other)		3
Sturt	(Other)	0	26
Sturt	(Other)	1	51
Sturt	Flat/apartment		176
Sturt	Flat/apartment	0	1216
Sturt	Flat/apartment	1	3902
Sturt	Semi-detached, row/terrace house, townhouse etc.		322
Sturt	Semi-detached, row/terrace house, townhouse etc.	0	2100
Sturt	Semi-detached, row/terrace house, townhouse etc.	1	8607
Sturt	Separate house		699
Sturt	Separate house	0	5686
Sturt	Separate house	1	34866
Wakefield			15
Wakefield		0	51
Wakefield		1	147
Wakefield	(Other)		20
Wakefield	(Other)	0	86
Wakefield	(Other)	1	204
Wakefield	Flat/apartment		69
Wakefield	Flat/apartment	0	513
Wakefield	Flat/apartment	1	556
Wakefield	Semi-detached, row/terrace house, townhouse etc.		362
Wakefield	Semi-detached, row/terrace house, townhouse etc.	0	2711
Wakefield	Semi-detached, row/terrace house, townhouse etc.	1	4579
Wakefield	Separate house		1151
Wakefield	Separate house	0	8024
Wakefield	Separate house	1	42286
Brand			15
Brand		0	10
Brand		1	70
Brand	(Other)		12
Brand	(Other)	0	80
Brand	(Other)	1	170
Brand	Flat/apartment		57
Brand	Flat/apartment	0	437
Brand	Flat/apartment	1	898
Brand	Semi-detached, row/terrace house, townhouse etc.		151
Brand	Semi-detached, row/terrace house, townhouse etc.	0	996
Brand	Semi-detached, row/terrace house, townhouse etc.	1	2345
Brand	Separate house		1025
Brand	Separate house	0	4905
Brand	Separate house	1	44203
Burt			9
Burt		0	11
Burt		1	58
Burt	(Other)		4
Burt	(Other)	0	30
Burt	(Other)	1	59
Burt	Flat/apartment		9
Burt	Flat/apartment	0	114
Burt	Flat/apartment	1	352
Burt	Semi-detached, row/terrace house, townhouse etc.		263
Burt	Semi-detached, row/terrace house, townhouse etc.	0	1369
Burt	Semi-detached, row/terrace house, townhouse etc.	1	4704
Burt	Separate house		1001
Burt	Separate house	0	4749
Burt	Separate house	1	43435
Canning			33
Canning		0	19
Canning		1	110
Canning	(Other)		48
Canning	(Other)	0	201
Canning	(Other)	1	354
Canning	Flat/apartment		63
Canning	Flat/apartment	0	391
Canning	Flat/apartment	1	926
Canning	Semi-detached, row/terrace house, townhouse etc.		191
Canning	Semi-detached, row/terrace house, townhouse etc.	0	1311
Canning	Semi-detached, row/terrace house, townhouse etc.	1	3105
Canning	Separate house		915
Canning	Separate house	0	5162
Canning	Separate house	1	39489
Cowan			3
Cowan		0	3
Cowan		1	34
Cowan	(Other)		15
Cowan	(Other)	0	95
Cowan	(Other)	1	118
Cowan	Flat/apartment		10
Cowan	Flat/apartment	0	58
Cowan	Flat/apartment	1	100
Cowan	Semi-detached, row/terrace house, townhouse etc.		154
Cowan	Semi-detached, row/terrace house, townhouse etc.	0	1143
Cowan	Semi-detached, row/terrace house, townhouse etc.	1	3673
Cowan	Separate house		819
Cowan	Separate house	0	3821
Cowan	Separate house	1	38670
Curtin			19
Curtin		0	10
Curtin		1	86
Curtin	(Other)	1	26
Curtin	Flat/apartment		295
Curtin	Flat/apartment	0	1646
Curtin	Flat/apartment	1	7750
Curtin	Semi-detached, row/terrace house, townhouse etc.		284
Curtin	Semi-detached, row/terrace house, townhouse etc.	0	1282
Curtin	Semi-detached, row/terrace house, townhouse etc.	1	10739
Curtin	Separate house		571
Curtin	Separate house	0	1876
Curtin	Separate house	1	28941
Durack			101
Durack		0	126
Durack		1	328
Durack	(Other)		218
Durack	(Other)	0	609
Durack	(Other)	1	1392
Durack	Flat/apartment		94
Durack	Flat/apartment	0	469
Durack	Flat/apartment	1	1246
Durack	Semi-detached, row/terrace house, townhouse etc.		201
Durack	Semi-detached, row/terrace house, townhouse etc.	0	1310
Durack	Semi-detached, row/terrace house, townhouse etc.	1	2593
Durack	Separate house		1363
Durack	Separate house	0	8052
Durack	Separate house	1	37106
Forrest			39
Forrest		0	29
Forrest		1	172
Forrest	(Other)		46
Forrest	(Other)	0	302
Forrest	(Other)	1	548
Forrest	Flat/apartment		51
Forrest	Flat/apartment	0	387
Forrest	Flat/apartment	1	555
Forrest	Semi-detached, row/terrace house, townhouse etc.		167
Forrest	Semi-detached, row/terrace house, townhouse etc.	0	1278
Forrest	Semi-detached, row/terrace house, townhouse etc.	1	2821
Forrest	Separate house		933
Forrest	Separate house	0	5526
Forrest	Separate house	1	39579
Fremantle			97
Fremantle		0	17
Fremantle		1	116
Fremantle	(Other)		9
Fremantle	(Other)	0	73
Fremantle	(Other)	1	185
Fremantle	Flat/apartment		106
Fremantle	Flat/apartment	0	641
Fremantle	Flat/apartment	1	2846
Fremantle	Semi-detached, row/terrace house, townhouse etc.		255
Fremantle	Semi-detached, row/terrace house, townhouse etc.	0	1835
Fremantle	Semi-detached, row/terrace house, townhouse etc.	1	7315
Fremantle	Separate house		795
Fremantle	Separate house	0	4097
Fremantle	Separate house	1	35787
Hasluck			18
Hasluck		0	14
Hasluck		1	101
Hasluck	(Other)		23
Hasluck	(Other)	0	106
Hasluck	(Other)	1	254
Hasluck	Flat/apartment		24
Hasluck	Flat/apartment	0	141
Hasluck	Flat/apartment	1	407
Hasluck	Semi-detached, row/terrace house, townhouse etc.		154
Hasluck	Semi-detached, row/terrace house, townhouse etc.	0	1170
Hasluck	Semi-detached, row/terrace house, townhouse etc.	1	3138
Hasluck	Separate house		893
Hasluck	Separate house	0	4806
Hasluck	Separate house	1	38733
Moore			8
Moore		0	3
Moore		1	46
Moore	(Other)		6
Moore	(Other)	0	25
Moore	(Other)	1	53
Moore	Flat/apartment		45
Moore	Flat/apartment	0	227
Moore	Flat/apartment	1	888
Moore	Semi-detached, row/terrace house, townhouse etc.		104
Moore	Semi-detached, row/terrace house, townhouse etc.	0	710
Moore	Semi-detached, row/terrace house, townhouse etc.	1	3274
Moore	Separate house		630
Moore	Separate house	0	2352
Moore	Separate house	1	40213
O'Connor			53
O'Connor		0	79
O'Connor		1	286
O'Connor	(Other)		55
O'Connor	(Other)	0	258
O'Connor	(Other)	1	465
O'Connor	Flat/apartment		38
O'Connor	Flat/apartment	0	243
O'Connor	Flat/apartment	1	340
O'Connor	Semi-detached, row/terrace house, townhouse etc.		208
O'Connor	Semi-detached, row/terrace house, townhouse etc.	0	1292
O'Connor	Semi-detached, row/terrace house, townhouse etc.	1	2331
O'Connor	Separate house		1253
O'Connor	Separate house	0	8897
O'Connor	Separate house	1	39375
Pearce			30
Pearce		0	27
Pearce		1	138
Pearce	(Other)		16
Pearce	(Other)	0	52
Pearce	(Other)	1	151
Pearce	Flat/apartment		19
Pearce	Flat/apartment	0	91
Pearce	Flat/apartment	1	259
Pearce	Semi-detached, row/terrace house, townhouse etc.		142
Pearce	Semi-detached, row/terrace house, townhouse etc.	0	812
Pearce	Semi-detached, row/terrace house, townhouse etc.	1	3895
Pearce	Separate house		1046
Pearce	Separate house	0	4894
Pearce	Separate house	1	48327
Perth			19
Perth		0	32
Perth		1	146
Perth	(Other)		19
Perth	(Other)	0	16
Perth	(Other)	1	86
Perth	Flat/apartment		382
Perth	Flat/apartment	0	1977
Perth	Flat/apartment	1	12971
Perth	Semi-detached, row/terrace house, townhouse etc.		262
Perth	Semi-detached, row/terrace house, townhouse etc.	0	1647
Perth	Semi-detached, row/terrace house, townhouse etc.	1	8662
Perth	Separate house		711
Perth	Separate house	0	3697
Perth	Separate house	1	28705
Stirling			17
Stirling		0	15
Stirling		1	104
Stirling	(Other)	0	12
Stirling	(Other)	1	34
Stirling	Flat/apartment		130
Stirling	Flat/apartment	0	764
Stirling	Flat/apartment	1	2228
Stirling	Semi-detached, row/terrace house, townhouse etc.		610
Stirling	Semi-detached, row/terrace house, townhouse etc.	0	3335
Stirling	Semi-detached, row/terrace house, townhouse etc.	1	17400
Stirling	Separate house		655
Stirling	Separate house	0	4160
Stirling	Separate house	1	27396
Swan			33
Swan		0	29
Swan		1	160
Swan	(Other)		3
Swan	(Other)	0	13
Swan	(Other)	1	41
Swan	Flat/apartment		279
Swan	Flat/apartment	0	1020
Swan	Flat/apartment	1	5515
Swan	Semi-detached, row/terrace house, townhouse etc.		520
Swan	Semi-detached, row/terrace house, townhouse etc.	0	2300
Swan	Semi-detached, row/terrace house, townhouse etc.	1	13493
Swan	Separate house		896
Swan	Separate house	0	4368
Swan	Separate house	1	32052
Tangney			15
Tangney		0	8
Tangney		1	83
Tangney	(Other)	1	17
Tangney	Flat/apartment		56
Tangney	Flat/apartment	0	365
Tangney	Flat/apartment	1	1173
Tangney	Semi-detached, row/terrace house, townhouse etc.		196
Tangney	Semi-detached, row/terrace house, townhouse etc.	0	1217
Tangney	Semi-detached, row/terrace house, townhouse etc.	1	6225
Tangney	Separate house		595
Tangney	Separate house	0	2871
Tangney	Separate house	1	35482
Bass			22
Bass		0	38
Bass		1	113
Bass	(Other)		5
Bass	(Other)	0	38
Bass	(Other)	1	113
Bass	Flat/apartment		117
Bass	Flat/apartment	0	997
Bass	Flat/apartment	1	1807
Bass	Semi-detached, row/terrace house, townhouse etc.		127
Bass	Semi-detached, row/terrace house, townhouse etc.	0	946
Bass	Semi-detached, row/terrace house, townhouse etc.	1	1971
Bass	Separate house		759
Bass	Separate house	0	5600
Bass	Separate house	1	26615
Braddon			16
Braddon		0	23
Braddon		1	98
Braddon	(Other)		17
Braddon	(Other)	0	112
Braddon	(Other)	1	157
Braddon	Flat/apartment		34
Braddon	Flat/apartment	0	267
Braddon	Flat/apartment	1	283
Braddon	Semi-detached, row/terrace house, townhouse etc.		153
Braddon	Semi-detached, row/terrace house, townhouse etc.	0	1247
Braddon	Semi-detached, row/terrace house, townhouse etc.	1	1338
Braddon	Separate house		839
Braddon	Separate house	0	7146
Braddon	Separate house	1	26718
Denison			21
Denison		0	12
Denison		1	93
Denison	(Other)		11
Denison	(Other)	0	30
Denison	(Other)	1	135
Denison	Flat/apartment		202
Denison	Flat/apartment	0	1622
Denison	Flat/apartment	1	4302
Denison	Semi-detached, row/terrace house, townhouse etc.		125
Denison	Semi-detached, row/terrace house, townhouse etc.	0	813
Denison	Semi-detached, row/terrace house, townhouse etc.	1	2440
Denison	Separate house		645
Denison	Separate house	0	4459
Denison	Separate house	1	25571
Franklin			10
Franklin		0	10
Franklin		1	77
Franklin	(Other)		17
Franklin	(Other)	0	61
Franklin	(Other)	1	157
Franklin	Flat/apartment		31
Franklin	Flat/apartment	0	266
Franklin	Flat/apartment	1	492
Franklin	Semi-detached, row/terrace house, townhouse etc.		67
Franklin	Semi-detached, row/terrace house, townhouse etc.	0	469
Franklin	Semi-detached, row/terrace house, townhouse etc.	1	1022
Franklin	Separate house		710
Franklin	Separate house	0	5227
Franklin	Separate house	1	31106
Lyons			15
Lyons		0	43
Lyons		1	134
Lyons	(Other)		19
Lyons	(Other)	0	106
Lyons	(Other)	1	216
Lyons	Flat/apartment		40
Lyons	Flat/apartment	0	326
Lyons	Flat/apartment	1	467
Lyons	Semi-detached, row/terrace house, townhouse etc.		33
Lyons	Semi-detached, row/terrace house, townhouse etc.	0	303
Lyons	Semi-detached, row/terrace house, townhouse etc.	1	317
Lyons	Separate house		985
Lyons	Separate house	0	8302
Lyons	Separate house	1	28307
Lingiari			48
Lingiari		0	76
Lingiari		1	268
Lingiari	(Other)		209
Lingiari	(Other)	0	423
Lingiari	(Other)	1	1046
Lingiari	Flat/apartment		101
Lingiari	Flat/apartment	0	432
Lingiari	Flat/apartment	1	1015
Lingiari	Semi-detached, row/terrace house, townhouse etc.		160
Lingiari	Semi-detached, row/terrace house, townhouse etc.	0	790
Lingiari	Semi-detached, row/terrace house, townhouse etc.	1	2398
Lingiari	Separate house		907
Lingiari	Separate house	0	5101
Lingiari	Separate house	1	15627
Solomon			38
Solomon		0	26
Solomon		1	124
Solomon	(Other)		76
Solomon	(Other)	0	81
Solomon	(Other)	1	346
Solomon	Flat/apartment		370
Solomon	Flat/apartment	0	1416
Solomon	Flat/apartment	1	8140
Solomon	Semi-detached, row/terrace house, townhouse etc.		169
Solomon	Semi-detached, row/terrace house, townhouse etc.	0	866
Solomon	Semi-detached, row/terrace house, townhouse etc.	1	3546
Solomon	Separate house		648
Solomon	Separate house	0	1845
Solomon	Separate house	1	19302
Canberra			14
Canberra		0	18
Canberra		1	99
Canberra	(Other)		17
Canberra	(Other)	0	69
Canberra	(Other)	1	82
Canberra	Flat/apartment		319
Canberra	Flat/apartment	0	1171
Canberra	Flat/apartment	1	10141
Canberra	Semi-detached, row/terrace house, townhouse etc.		285
Canberra	Semi-detached, row/terrace house, townhouse etc.	0	1469
Canberra	Semi-detached, row/terrace house, townhouse etc.	1	8778
Canberra	Separate house		849
Canberra	Separate house	0	3381
Canberra	Separate house	1	44353
Fenner			9
Fenner		0	21
Fenner		1	119
Fenner	(Other)		8
Fenner	(Other)	0	3
Fenner	(Other)	1	25
Fenner	Flat/apartment		247
Fenner	Flat/apartment	0	938
Fenner	Flat/apartment	1	8606
Fenner	Semi-detached, row/terrace house, townhouse etc.		387
Fenner	Semi-detached, row/terrace house, townhouse etc.	0	1387
Fenner	Semi-detached, row/terrace house, townhouse etc.	1	12981
Fenner	Separate house		845
Fenner	Separate house	0	3151
Fenner	Separate house	1	43749
