CED_NAME16	MaxSchoolingCompleted	Sex	persons
Banks	Did not go to school	F	1079
Banks	Did not go to school	M	721
Banks	Year 8	F	3425
Banks	Year 8	M	2614
Banks	Year 9	F	3802
Banks	Year 9	M	3143
Banks	Year 10	F	11916
Banks	Year 10	M	10950
Banks	Year 11	F	2941
Banks	Year 11	M	3228
Banks	Year 12	F	39463
Banks	Year 12	M	37412
Barton	Did not go to school	F	1812
Barton	Did not go to school	M	1181
Barton	Year 8	F	4932
Barton	Year 8	M	3804
Barton	Year 9	F	2607
Barton	Year 9	M	2362
Barton	Year 10	F	9061
Barton	Year 10	M	9171
Barton	Year 11	F	2808
Barton	Year 11	M	3250
Barton	Year 12	F	46852
Barton	Year 12	M	46048
Bennelong	Did not go to school	F	857
Bennelong	Did not go to school	M	602
Bennelong	Year 8	F	2375
Bennelong	Year 8	M	1839
Bennelong	Year 9	F	2663
Bennelong	Year 9	M	2237
Bennelong	Year 10	F	8657
Bennelong	Year 10	M	7417
Bennelong	Year 11	F	2637
Bennelong	Year 11	M	2729
Bennelong	Year 12	F	51670
Bennelong	Year 12	M	49431
Berowra	Did not go to school	F	333
Berowra	Did not go to school	M	273
Berowra	Year 8	F	1386
Berowra	Year 8	M	1200
Berowra	Year 9	F	2641
Berowra	Year 9	M	2427
Berowra	Year 10	F	10300
Berowra	Year 10	M	9289
Berowra	Year 11	F	2931
Berowra	Year 11	M	3144
Berowra	Year 12	F	39524
Berowra	Year 12	M	37781
Blaxland	Did not go to school	F	3070
Blaxland	Did not go to school	M	2676
Blaxland	Year 8	F	5417
Blaxland	Year 8	M	5006
Blaxland	Year 9	F	3628
Blaxland	Year 9	M	3558
Blaxland	Year 10	F	10539
Blaxland	Year 10	M	11133
Blaxland	Year 11	F	3188
Blaxland	Year 11	M	3750
Blaxland	Year 12	F	36386
Blaxland	Year 12	M	38180
Bradfield	Did not go to school	F	384
Bradfield	Did not go to school	M	246
Bradfield	Year 8	F	1201
Bradfield	Year 8	M	936
Bradfield	Year 9	F	2163
Bradfield	Year 9	M	1832
Bradfield	Year 10	F	6777
Bradfield	Year 10	M	4808
Bradfield	Year 11	F	3055
Bradfield	Year 11	M	2530
Bradfield	Year 12	F	50613
Bradfield	Year 12	M	47219
Calare	Did not go to school	F	192
Calare	Did not go to school	M	230
Calare	Year 8	F	3306
Calare	Year 8	M	3942
Calare	Year 9	F	5490
Calare	Year 9	M	5583
Calare	Year 10	F	18621
Calare	Year 10	M	20066
Calare	Year 11	F	4336
Calare	Year 11	M	4349
Calare	Year 12	F	26379
Calare	Year 12	M	21185
Chifley	Did not go to school	F	1130
Chifley	Did not go to school	M	731
Chifley	Year 8	F	4232
Chifley	Year 8	M	3495
Chifley	Year 9	F	4582
Chifley	Year 9	M	4294
Chifley	Year 10	F	13865
Chifley	Year 10	M	14066
Chifley	Year 11	F	4065
Chifley	Year 11	M	4179
Chifley	Year 12	F	34628
Chifley	Year 12	M	32624
Cook	Did not go to school	F	362
Cook	Did not go to school	M	276
Cook	Year 8	F	2238
Cook	Year 8	M	1735
Cook	Year 9	F	3376
Cook	Year 9	M	2730
Cook	Year 10	F	13442
Cook	Year 10	M	12257
Cook	Year 11	F	2866
Cook	Year 11	M	3223
Cook	Year 12	F	33185
Cook	Year 12	M	30757
Cowper	Did not go to school	F	261
Cowper	Did not go to school	M	234
Cowper	Year 8	F	3732
Cowper	Year 8	M	3938
Cowper	Year 9	F	6438
Cowper	Year 9	M	6227
Cowper	Year 10	F	21054
Cowper	Year 10	M	19158
Cowper	Year 11	F	4803
Cowper	Year 11	M	4872
Cowper	Year 12	F	25233
Cowper	Year 12	M	21691
Cunningham	Did not go to school	F	637
Cunningham	Did not go to school	M	430
Cunningham	Year 8	F	3850
Cunningham	Year 8	M	3104
Cunningham	Year 9	F	4496
Cunningham	Year 9	M	4034
Cunningham	Year 10	F	15385
Cunningham	Year 10	M	15376
Cunningham	Year 11	F	3413
Cunningham	Year 11	M	4019
Cunningham	Year 12	F	32680
Cunningham	Year 12	M	31388
Dobell	Did not go to school	F	176
Dobell	Did not go to school	M	243
Dobell	Year 8	F	3146
Dobell	Year 8	M	2950
Dobell	Year 9	F	6111
Dobell	Year 9	M	5243
Dobell	Year 10	F	20321
Dobell	Year 10	M	18853
Dobell	Year 11	F	4387
Dobell	Year 11	M	4655
Dobell	Year 12	F	24837
Dobell	Year 12	M	21864
Eden-Monaro	Did not go to school	F	190
Eden-Monaro	Did not go to school	M	211
Eden-Monaro	Year 8	F	2578
Eden-Monaro	Year 8	M	3022
Eden-Monaro	Year 9	F	3927
Eden-Monaro	Year 9	M	4380
Eden-Monaro	Year 10	F	14572
Eden-Monaro	Year 10	M	15439
Eden-Monaro	Year 11	F	4406
Eden-Monaro	Year 11	M	4528
Eden-Monaro	Year 12	F	29038
Eden-Monaro	Year 12	M	25967
Farrer	Did not go to school	F	398
Farrer	Did not go to school	M	447
Farrer	Year 8	F	4082
Farrer	Year 8	M	4945
Farrer	Year 9	F	5640
Farrer	Year 9	M	6344
Farrer	Year 10	F	16997
Farrer	Year 10	M	18857
Farrer	Year 11	F	7071
Farrer	Year 11	M	6983
Farrer	Year 12	F	25375
Farrer	Year 12	M	20155
Fowler	Did not go to school	F	4607
Fowler	Did not go to school	M	2949
Fowler	Year 8	F	7166
Fowler	Year 8	M	5439
Fowler	Year 9	F	3970
Fowler	Year 9	M	3712
Fowler	Year 10	F	10379
Fowler	Year 10	M	11089
Fowler	Year 11	F	3292
Fowler	Year 11	M	3765
Fowler	Year 12	F	33179
Fowler	Year 12	M	32441
Gilmore	Did not go to school	F	134
Gilmore	Did not go to school	M	176
Gilmore	Year 8	F	3187
Gilmore	Year 8	M	3486
Gilmore	Year 9	F	6146
Gilmore	Year 9	M	6035
Gilmore	Year 10	F	19933
Gilmore	Year 10	M	19101
Gilmore	Year 11	F	4259
Gilmore	Year 11	M	4401
Gilmore	Year 12	F	24284
Gilmore	Year 12	M	21701
Grayndler	Did not go to school	F	854
Grayndler	Did not go to school	M	563
Grayndler	Year 8	F	2684
Grayndler	Year 8	M	2165
Grayndler	Year 9	F	1581
Grayndler	Year 9	M	1591
Grayndler	Year 10	F	5937
Grayndler	Year 10	M	6252
Grayndler	Year 11	F	2156
Grayndler	Year 11	M	2419
Grayndler	Year 12	F	46330
Grayndler	Year 12	M	42126
Greenway	Did not go to school	F	733
Greenway	Did not go to school	M	476
Greenway	Year 8	F	2709
Greenway	Year 8	M	2408
Greenway	Year 9	F	3194
Greenway	Year 9	M	3186
Greenway	Year 10	F	11984
Greenway	Year 10	M	12241
Greenway	Year 11	F	3209
Greenway	Year 11	M	3725
Greenway	Year 12	F	40193
Greenway	Year 12	M	38878
Hughes	Did not go to school	F	246
Hughes	Did not go to school	M	194
Hughes	Year 8	F	1784
Hughes	Year 8	M	1490
Hughes	Year 9	F	3309
Hughes	Year 9	M	2894
Hughes	Year 10	F	13799
Hughes	Year 10	M	13979
Hughes	Year 11	F	3016
Hughes	Year 11	M	3741
Hughes	Year 12	F	33695
Hughes	Year 12	M	30875
Hume	Did not go to school	F	190
Hume	Did not go to school	M	226
Hume	Year 8	F	2324
Hume	Year 8	M	2710
Hume	Year 9	F	4764
Hume	Year 9	M	4979
Hume	Year 10	F	17975
Hume	Year 10	M	19665
Hume	Year 11	F	4041
Hume	Year 11	M	4185
Hume	Year 12	F	26341
Hume	Year 12	M	21608
Hunter	Did not go to school	F	157
Hunter	Did not go to school	M	204
Hunter	Year 8	F	3345
Hunter	Year 8	M	3479
Hunter	Year 9	F	6887
Hunter	Year 9	M	6420
Hunter	Year 10	F	20965
Hunter	Year 10	M	21725
Hunter	Year 11	F	4604
Hunter	Year 11	M	5168
Hunter	Year 12	F	22520
Hunter	Year 12	M	18919
Kingsford Smith	Did not go to school	F	760
Kingsford Smith	Did not go to school	M	532
Kingsford Smith	Year 8	F	2791
Kingsford Smith	Year 8	M	2176
Kingsford Smith	Year 9	F	2503
Kingsford Smith	Year 9	M	2306
Kingsford Smith	Year 10	F	8695
Kingsford Smith	Year 10	M	8423
Kingsford Smith	Year 11	F	2862
Kingsford Smith	Year 11	M	3105
Kingsford Smith	Year 12	F	51621
Kingsford Smith	Year 12	M	48922
Lindsay	Did not go to school	F	426
Lindsay	Did not go to school	M	335
Lindsay	Year 8	F	3144
Lindsay	Year 8	M	2965
Lindsay	Year 9	F	5023
Lindsay	Year 9	M	5035
Lindsay	Year 10	F	18884
Lindsay	Year 10	M	19276
Lindsay	Year 11	F	4303
Lindsay	Year 11	M	4713
Lindsay	Year 12	F	29934
Lindsay	Year 12	M	26257
Lyne	Did not go to school	F	137
Lyne	Did not go to school	M	155
Lyne	Year 8	F	3422
Lyne	Year 8	M	4046
Lyne	Year 9	F	6837
Lyne	Year 9	M	6806
Lyne	Year 10	F	21229
Lyne	Year 10	M	20591
Lyne	Year 11	F	4198
Lyne	Year 11	M	4179
Lyne	Year 12	F	20453
Lyne	Year 12	M	17227
Macarthur	Did not go to school	F	686
Macarthur	Did not go to school	M	438
Macarthur	Year 8	F	2886
Macarthur	Year 8	M	2625
Macarthur	Year 9	F	4719
Macarthur	Year 9	M	4619
Macarthur	Year 10	F	16712
Macarthur	Year 10	M	16832
Macarthur	Year 11	F	4185
Macarthur	Year 11	M	4440
Macarthur	Year 12	F	30882
Macarthur	Year 12	M	27939
Mackellar	Did not go to school	F	251
Mackellar	Did not go to school	M	226
Mackellar	Year 8	F	1521
Mackellar	Year 8	M	1354
Mackellar	Year 9	F	2751
Mackellar	Year 9	M	2519
Mackellar	Year 10	F	11957
Mackellar	Year 10	M	10641
Mackellar	Year 11	F	3358
Mackellar	Year 11	M	3493
Mackellar	Year 12	F	38044
Mackellar	Year 12	M	35731
Macquarie	Did not go to school	F	144
Macquarie	Did not go to school	M	174
Macquarie	Year 8	F	1847
Macquarie	Year 8	M	1984
Macquarie	Year 9	F	3938
Macquarie	Year 9	M	3964
Macquarie	Year 10	F	15860
Macquarie	Year 10	M	16300
Macquarie	Year 11	F	3803
Macquarie	Year 11	M	3859
Macquarie	Year 12	F	29696
Macquarie	Year 12	M	25122
McMahon	Did not go to school	F	2881
McMahon	Did not go to school	M	2058
McMahon	Year 8	F	5381
McMahon	Year 8	M	4823
McMahon	Year 9	F	3932
McMahon	Year 9	M	4143
McMahon	Year 10	F	13253
McMahon	Year 10	M	14004
McMahon	Year 11	F	3537
McMahon	Year 11	M	3892
McMahon	Year 12	F	33021
McMahon	Year 12	M	31268
Mitchell	Did not go to school	F	368
Mitchell	Did not go to school	M	280
Mitchell	Year 8	F	1615
Mitchell	Year 8	M	1288
Mitchell	Year 9	F	2756
Mitchell	Year 9	M	2482
Mitchell	Year 10	F	11066
Mitchell	Year 10	M	9674
Mitchell	Year 11	F	2988
Mitchell	Year 11	M	3246
Mitchell	Year 12	F	40739
Mitchell	Year 12	M	38800
New England	Did not go to school	F	196
New England	Did not go to school	M	232
New England	Year 8	F	3409
New England	Year 8	M	4337
New England	Year 9	F	5580
New England	Year 9	M	5794
New England	Year 10	F	18228
New England	Year 10	M	18495
New England	Year 11	F	4227
New England	Year 11	M	3948
New England	Year 12	F	25400
New England	Year 12	M	20515
Newcastle	Did not go to school	F	314
Newcastle	Did not go to school	M	253
Newcastle	Year 8	F	2585
Newcastle	Year 8	M	2317
Newcastle	Year 9	F	4780
Newcastle	Year 9	M	4245
Newcastle	Year 10	F	15295
Newcastle	Year 10	M	15139
Newcastle	Year 11	F	3462
Newcastle	Year 11	M	3995
Newcastle	Year 12	F	33767
Newcastle	Year 12	M	31690
North Sydney	Did not go to school	F	354
North Sydney	Did not go to school	M	230
North Sydney	Year 8	F	1135
North Sydney	Year 8	M	990
North Sydney	Year 9	F	1623
North Sydney	Year 9	M	1476
North Sydney	Year 10	F	6185
North Sydney	Year 10	M	4667
North Sydney	Year 11	F	2458
North Sydney	Year 11	M	2554
North Sydney	Year 12	F	53731
North Sydney	Year 12	M	49380
Page	Did not go to school	F	196
Page	Did not go to school	M	256
Page	Year 8	F	3812
Page	Year 8	M	4315
Page	Year 9	F	5927
Page	Year 9	M	6370
Page	Year 10	F	21406
Page	Year 10	M	20589
Page	Year 11	F	4877
Page	Year 11	M	4482
Page	Year 12	F	24151
Page	Year 12	M	20980
Parkes	Did not go to school	F	202
Parkes	Did not go to school	M	319
Parkes	Year 8	F	3653
Parkes	Year 8	M	4998
Parkes	Year 9	F	5594
Parkes	Year 9	M	6202
Parkes	Year 10	F	17945
Parkes	Year 10	M	19242
Parkes	Year 11	F	4553
Parkes	Year 11	M	4303
Parkes	Year 12	F	22107
Parkes	Year 12	M	17359
Parramatta	Did not go to school	F	1616
Parramatta	Did not go to school	M	1443
Parramatta	Year 8	F	3169
Parramatta	Year 8	M	2772
Parramatta	Year 9	F	2809
Parramatta	Year 9	M	2843
Parramatta	Year 10	F	9342
Parramatta	Year 10	M	9609
Parramatta	Year 11	F	2812
Parramatta	Year 11	M	3153
Parramatta	Year 12	F	48721
Parramatta	Year 12	M	49969
Paterson	Did not go to school	F	150
Paterson	Did not go to school	M	208
Paterson	Year 8	F	3129
Paterson	Year 8	M	3117
Paterson	Year 9	F	7001
Paterson	Year 9	M	6292
Paterson	Year 10	F	21209
Paterson	Year 10	M	21270
Paterson	Year 11	F	4593
Paterson	Year 11	M	4932
Paterson	Year 12	F	22637
Paterson	Year 12	M	19409
Reid	Did not go to school	F	1221
Reid	Did not go to school	M	913
Reid	Year 8	F	3309
Reid	Year 8	M	2458
Reid	Year 9	F	2419
Reid	Year 9	M	2053
Reid	Year 10	F	8197
Reid	Year 10	M	7251
Reid	Year 11	F	2545
Reid	Year 11	M	2801
Reid	Year 12	F	54533
Reid	Year 12	M	53078
Richmond	Did not go to school	F	153
Richmond	Did not go to school	M	157
Richmond	Year 8	F	2932
Richmond	Year 8	M	2867
Richmond	Year 9	F	4804
Richmond	Year 9	M	4516
Richmond	Year 10	F	18311
Richmond	Year 10	M	16901
Richmond	Year 11	F	4754
Richmond	Year 11	M	4775
Richmond	Year 12	F	28266
Richmond	Year 12	M	24758
Riverina	Did not go to school	F	204
Riverina	Did not go to school	M	261
Riverina	Year 8	F	3414
Riverina	Year 8	M	4329
Riverina	Year 9	F	5607
Riverina	Year 9	M	6051
Riverina	Year 10	F	18743
Riverina	Year 10	M	19622
Riverina	Year 11	F	4589
Riverina	Year 11	M	4458
Riverina	Year 12	F	24618
Riverina	Year 12	M	19676
Robertson	Did not go to school	F	159
Robertson	Did not go to school	M	168
Robertson	Year 8	F	2393
Robertson	Year 8	M	2106
Robertson	Year 9	F	4962
Robertson	Year 9	M	4337
Robertson	Year 10	F	17297
Robertson	Year 10	M	15585
Robertson	Year 11	F	3770
Robertson	Year 11	M	4018
Robertson	Year 12	F	28011
Robertson	Year 12	M	25708
Shortland	Did not go to school	F	162
Shortland	Did not go to school	M	148
Shortland	Year 8	F	2882
Shortland	Year 8	M	2784
Shortland	Year 9	F	6588
Shortland	Year 9	M	5685
Shortland	Year 10	F	19962
Shortland	Year 10	M	19258
Shortland	Year 11	F	3883
Shortland	Year 11	M	4272
Shortland	Year 12	F	23545
Shortland	Year 12	M	20940
Sydney	Did not go to school	F	758
Sydney	Did not go to school	M	596
Sydney	Year 8	F	1625
Sydney	Year 8	M	1447
Sydney	Year 9	F	1464
Sydney	Year 9	M	1596
Sydney	Year 10	F	4833
Sydney	Year 10	M	5769
Sydney	Year 11	F	2511
Sydney	Year 11	M	3219
Sydney	Year 12	F	67206
Sydney	Year 12	M	70305
Warringah	Did not go to school	F	172
Warringah	Did not go to school	M	155
Warringah	Year 8	F	977
Warringah	Year 8	M	886
Warringah	Year 9	F	1837
Warringah	Year 9	M	1622
Warringah	Year 10	F	7595
Warringah	Year 10	M	6047
Warringah	Year 11	F	2896
Warringah	Year 11	M	2635
Warringah	Year 12	F	44493
Warringah	Year 12	M	41205
Watson	Did not go to school	F	2523
Watson	Did not go to school	M	1884
Watson	Year 8	F	5222
Watson	Year 8	M	4489
Watson	Year 9	F	2950
Watson	Year 9	M	2911
Watson	Year 10	F	9616
Watson	Year 10	M	9832
Watson	Year 11	F	2999
Watson	Year 11	M	3302
Watson	Year 12	F	41580
Watson	Year 12	M	41837
Wentworth	Did not go to school	F	159
Wentworth	Did not go to school	M	134
Wentworth	Year 8	F	875
Wentworth	Year 8	M	697
Wentworth	Year 9	F	1263
Wentworth	Year 9	M	1160
Wentworth	Year 10	F	4908
Wentworth	Year 10	M	3997
Wentworth	Year 11	F	2233
Wentworth	Year 11	M	2179
Wentworth	Year 12	F	48097
Wentworth	Year 12	M	43687
Werriwa	Did not go to school	F	2389
Werriwa	Did not go to school	M	1535
Werriwa	Year 8	F	4533
Werriwa	Year 8	M	3741
Werriwa	Year 9	F	3993
Werriwa	Year 9	M	3740
Werriwa	Year 10	F	12249
Werriwa	Year 10	M	13072
Werriwa	Year 11	F	3741
Werriwa	Year 11	M	4089
Werriwa	Year 12	F	35311
Werriwa	Year 12	M	33134
Whitlam	Did not go to school	F	419
Whitlam	Did not go to school	M	318
Whitlam	Year 8	F	3563
Whitlam	Year 8	M	3230
Whitlam	Year 9	F	5846
Whitlam	Year 9	M	5265
Whitlam	Year 10	F	20113
Whitlam	Year 10	M	19331
Whitlam	Year 11	F	4562
Whitlam	Year 11	M	4574
Whitlam	Year 12	F	24597
Whitlam	Year 12	M	21709
No usual address (NSW)	Did not go to school	F	24
No usual address (NSW)	Did not go to school	M	41
No usual address (NSW)	Year 8	F	135
No usual address (NSW)	Year 8	M	286
No usual address (NSW)	Year 9	F	274
No usual address (NSW)	Year 9	M	454
No usual address (NSW)	Year 10	F	826
No usual address (NSW)	Year 10	M	1339
No usual address (NSW)	Year 11	F	247
No usual address (NSW)	Year 11	M	385
No usual address (NSW)	Year 12	F	1965
No usual address (NSW)	Year 12	M	2208
Migratory - Offshore - Shipping (NSW)	Year 8	F	12
Migratory - Offshore - Shipping (NSW)	Year 8	M	13
Migratory - Offshore - Shipping (NSW)	Year 9	F	22
Migratory - Offshore - Shipping (NSW)	Year 9	M	9
Migratory - Offshore - Shipping (NSW)	Year 10	F	57
Migratory - Offshore - Shipping (NSW)	Year 10	M	38
Migratory - Offshore - Shipping (NSW)	Year 11	F	15
Migratory - Offshore - Shipping (NSW)	Year 11	M	12
Migratory - Offshore - Shipping (NSW)	Year 12	F	76
Migratory - Offshore - Shipping (NSW)	Year 12	M	52
Aston	Did not go to school	F	493
Aston	Did not go to school	M	349
Aston	Year 8	F	2694
Aston	Year 8	M	2112
Aston	Year 9	F	3360
Aston	Year 9	M	3397
Aston	Year 10	F	7836
Aston	Year 10	M	8338
Aston	Year 11	F	7348
Aston	Year 11	M	7470
Aston	Year 12	F	33110
Aston	Year 12	M	29594
Ballarat	Did not go to school	F	161
Ballarat	Did not go to school	M	199
Ballarat	Year 8	F	3632
Ballarat	Year 8	M	3443
Ballarat	Year 9	F	4736
Ballarat	Year 9	M	5223
Ballarat	Year 10	F	10577
Ballarat	Year 10	M	11732
Ballarat	Year 11	F	9680
Ballarat	Year 11	M	9403
Ballarat	Year 12	F	30496
Ballarat	Year 12	M	24569
Batman	Did not go to school	F	1503
Batman	Did not go to school	M	1049
Batman	Year 8	F	6049
Batman	Year 8	M	4289
Batman	Year 9	F	2594
Batman	Year 9	M	2593
Batman	Year 10	F	4996
Batman	Year 10	M	5520
Batman	Year 11	F	4605
Batman	Year 11	M	5323
Batman	Year 12	F	44999
Batman	Year 12	M	40861
Bendigo	Did not go to school	F	278
Bendigo	Did not go to school	M	298
Bendigo	Year 8	F	3559
Bendigo	Year 8	M	3498
Bendigo	Year 9	F	4650
Bendigo	Year 9	M	5178
Bendigo	Year 10	F	10568
Bendigo	Year 10	M	11592
Bendigo	Year 11	F	8983
Bendigo	Year 11	M	8859
Bendigo	Year 12	F	29135
Bendigo	Year 12	M	23246
Bruce	Did not go to school	F	1809
Bruce	Did not go to school	M	1686
Bruce	Year 8	F	4790
Bruce	Year 8	M	3950
Bruce	Year 9	F	2996
Bruce	Year 9	M	3034
Bruce	Year 10	F	6695
Bruce	Year 10	M	6796
Bruce	Year 11	F	5336
Bruce	Year 11	M	5688
Bruce	Year 12	F	38736
Bruce	Year 12	M	39462
Calwell	Did not go to school	F	2222
Calwell	Did not go to school	M	1423
Calwell	Year 8	F	6455
Calwell	Year 8	M	5465
Calwell	Year 9	F	4055
Calwell	Year 9	M	4395
Calwell	Year 10	F	8117
Calwell	Year 10	M	9057
Calwell	Year 11	F	6908
Calwell	Year 11	M	7486
Calwell	Year 12	F	33770
Calwell	Year 12	M	32530
Casey	Did not go to school	F	277
Casey	Did not go to school	M	283
Casey	Year 8	F	2733
Casey	Year 8	M	2645
Casey	Year 9	F	3922
Casey	Year 9	M	4737
Casey	Year 10	F	9685
Casey	Year 10	M	11737
Casey	Year 11	F	9186
Casey	Year 11	M	9582
Casey	Year 12	F	29431
Casey	Year 12	M	23435
Chisholm	Did not go to school	F	954
Chisholm	Did not go to school	M	690
Chisholm	Year 8	F	3780
Chisholm	Year 8	M	2560
Chisholm	Year 9	F	2728
Chisholm	Year 9	M	2446
Chisholm	Year 10	F	5321
Chisholm	Year 10	M	5098
Chisholm	Year 11	F	5269
Chisholm	Year 11	M	5209
Chisholm	Year 12	F	49610
Chisholm	Year 12	M	47063
Corangamite	Did not go to school	F	206
Corangamite	Did not go to school	M	203
Corangamite	Year 8	F	2896
Corangamite	Year 8	M	2777
Corangamite	Year 9	F	3779
Corangamite	Year 9	M	4020
Corangamite	Year 10	F	8940
Corangamite	Year 10	M	9780
Corangamite	Year 11	F	9351
Corangamite	Year 11	M	9874
Corangamite	Year 12	F	33553
Corangamite	Year 12	M	28331
Corio	Did not go to school	F	546
Corio	Did not go to school	M	457
Corio	Year 8	F	4676
Corio	Year 8	M	3914
Corio	Year 9	F	4869
Corio	Year 9	M	4857
Corio	Year 10	F	10447
Corio	Year 10	M	10758
Corio	Year 11	F	9275
Corio	Year 11	M	9585
Corio	Year 12	F	28600
Corio	Year 12	M	23553
Deakin	Did not go to school	F	754
Deakin	Did not go to school	M	546
Deakin	Year 8	F	3239
Deakin	Year 8	M	2369
Deakin	Year 9	F	3079
Deakin	Year 9	M	2882
Deakin	Year 10	F	7178
Deakin	Year 10	M	6873
Deakin	Year 11	F	6800
Deakin	Year 11	M	6850
Deakin	Year 12	F	38189
Deakin	Year 12	M	34416
Dunkley	Did not go to school	F	218
Dunkley	Did not go to school	M	204
Dunkley	Year 8	F	2936
Dunkley	Year 8	M	2384
Dunkley	Year 9	F	4114
Dunkley	Year 9	M	4165
Dunkley	Year 10	F	10207
Dunkley	Year 10	M	10702
Dunkley	Year 11	F	8612
Dunkley	Year 11	M	8757
Dunkley	Year 12	F	31525
Dunkley	Year 12	M	26146
Flinders	Did not go to school	F	223
Flinders	Did not go to school	M	268
Flinders	Year 8	F	3512
Flinders	Year 8	M	3166
Flinders	Year 9	F	4755
Flinders	Year 9	M	5405
Flinders	Year 10	F	11545
Flinders	Year 10	M	13226
Flinders	Year 11	F	9946
Flinders	Year 11	M	9937
Flinders	Year 12	F	29494
Flinders	Year 12	M	23916
Gellibrand	Did not go to school	F	1579
Gellibrand	Did not go to school	M	1208
Gellibrand	Year 8	F	5648
Gellibrand	Year 8	M	4246
Gellibrand	Year 9	F	2989
Gellibrand	Year 9	M	3044
Gellibrand	Year 10	F	6387
Gellibrand	Year 10	M	7302
Gellibrand	Year 11	F	5353
Gellibrand	Year 11	M	6458
Gellibrand	Year 12	F	41288
Gellibrand	Year 12	M	40087
Gippsland	Did not go to school	F	244
Gippsland	Did not go to school	M	251
Gippsland	Year 8	F	3939
Gippsland	Year 8	M	4184
Gippsland	Year 9	F	5044
Gippsland	Year 9	M	5574
Gippsland	Year 10	F	11409
Gippsland	Year 10	M	12795
Gippsland	Year 11	F	9822
Gippsland	Year 11	M	9885
Gippsland	Year 12	F	22999
Gippsland	Year 12	M	17987
Goldstein	Did not go to school	F	293
Goldstein	Did not go to school	M	221
Goldstein	Year 8	F	2162
Goldstein	Year 8	M	1563
Goldstein	Year 9	F	2150
Goldstein	Year 9	M	1984
Goldstein	Year 10	F	5332
Goldstein	Year 10	M	4527
Goldstein	Year 11	F	5841
Goldstein	Year 11	M	4972
Goldstein	Year 12	F	43415
Goldstein	Year 12	M	39754
Gorton	Did not go to school	F	1536
Gorton	Did not go to school	M	1089
Gorton	Year 8	F	5189
Gorton	Year 8	M	4365
Gorton	Year 9	F	4319
Gorton	Year 9	M	4722
Gorton	Year 10	F	10007
Gorton	Year 10	M	11179
Gorton	Year 11	F	7970
Gorton	Year 11	M	8859
Gorton	Year 12	F	40625
Gorton	Year 12	M	36321
Higgins	Did not go to school	F	443
Higgins	Did not go to school	M	277
Higgins	Year 8	F	2073
Higgins	Year 8	M	1473
Higgins	Year 9	F	1540
Higgins	Year 9	M	1501
Higgins	Year 10	F	3858
Higgins	Year 10	M	3439
Higgins	Year 11	F	4409
Higgins	Year 11	M	3965
Higgins	Year 12	F	51850
Higgins	Year 12	M	47196
Holt	Did not go to school	F	1858
Holt	Did not go to school	M	1593
Holt	Year 8	F	4755
Holt	Year 8	M	4119
Holt	Year 9	F	4674
Holt	Year 9	M	4907
Holt	Year 10	F	10825
Holt	Year 10	M	12364
Holt	Year 11	F	8329
Holt	Year 11	M	9221
Holt	Year 12	F	41457
Holt	Year 12	M	38765
Hotham	Did not go to school	F	1956
Hotham	Did not go to school	M	1365
Hotham	Year 8	F	5261
Hotham	Year 8	M	3838
Hotham	Year 9	F	2994
Hotham	Year 9	M	2869
Hotham	Year 10	F	6296
Hotham	Year 10	M	6702
Hotham	Year 11	F	5530
Hotham	Year 11	M	5845
Hotham	Year 12	F	37659
Hotham	Year 12	M	36131
Indi	Did not go to school	F	204
Indi	Did not go to school	M	213
Indi	Year 8	F	3451
Indi	Year 8	M	3668
Indi	Year 9	F	4280
Indi	Year 9	M	4986
Indi	Year 10	F	11225
Indi	Year 10	M	12966
Indi	Year 11	F	9199
Indi	Year 11	M	9212
Indi	Year 12	F	24510
Indi	Year 12	M	19230
Isaacs	Did not go to school	F	1225
Isaacs	Did not go to school	M	1046
Isaacs	Year 8	F	3901
Isaacs	Year 8	M	3066
Isaacs	Year 9	F	3538
Isaacs	Year 9	M	3536
Isaacs	Year 10	F	8472
Isaacs	Year 10	M	8931
Isaacs	Year 11	F	7085
Isaacs	Year 11	M	7757
Isaacs	Year 12	F	36921
Isaacs	Year 12	M	33480
Jagajaga	Did not go to school	F	388
Jagajaga	Did not go to school	M	288
Jagajaga	Year 8	F	2893
Jagajaga	Year 8	M	2128
Jagajaga	Year 9	F	2769
Jagajaga	Year 9	M	2741
Jagajaga	Year 10	F	6290
Jagajaga	Year 10	M	6386
Jagajaga	Year 11	F	6469
Jagajaga	Year 11	M	6601
Jagajaga	Year 12	F	37328
Jagajaga	Year 12	M	33929
Kooyong	Did not go to school	F	374
Kooyong	Did not go to school	M	311
Kooyong	Year 8	F	1976
Kooyong	Year 8	M	1257
Kooyong	Year 9	F	1793
Kooyong	Year 9	M	1642
Kooyong	Year 10	F	3913
Kooyong	Year 10	M	3200
Kooyong	Year 11	F	4758
Kooyong	Year 11	M	3867
Kooyong	Year 12	F	47269
Kooyong	Year 12	M	43333
La Trobe	Did not go to school	F	350
La Trobe	Did not go to school	M	278
La Trobe	Year 8	F	2430
La Trobe	Year 8	M	2219
La Trobe	Year 9	F	3519
La Trobe	Year 9	M	4041
La Trobe	Year 10	F	8735
La Trobe	Year 10	M	10532
La Trobe	Year 11	F	8434
La Trobe	Year 11	M	9324
La Trobe	Year 12	F	35929
La Trobe	Year 12	M	30657
Lalor	Did not go to school	F	1222
Lalor	Did not go to school	M	831
Lalor	Year 8	F	4430
Lalor	Year 8	M	3633
Lalor	Year 9	F	4597
Lalor	Year 9	M	4831
Lalor	Year 10	F	10892
Lalor	Year 10	M	12241
Lalor	Year 11	F	8976
Lalor	Year 11	M	9532
Lalor	Year 12	F	52283
Lalor	Year 12	M	49115
Mallee	Did not go to school	F	451
Mallee	Did not go to school	M	529
Mallee	Year 8	F	4690
Mallee	Year 8	M	5028
Mallee	Year 9	F	5067
Mallee	Year 9	M	5832
Mallee	Year 10	F	10724
Mallee	Year 10	M	12200
Mallee	Year 11	F	9519
Mallee	Year 11	M	9481
Mallee	Year 12	F	20808
Mallee	Year 12	M	16168
Maribyrnong	Did not go to school	F	2066
Maribyrnong	Did not go to school	M	1410
Maribyrnong	Year 8	F	6530
Maribyrnong	Year 8	M	4801
Maribyrnong	Year 9	F	3372
Maribyrnong	Year 9	M	3261
Maribyrnong	Year 10	F	6913
Maribyrnong	Year 10	M	7104
Maribyrnong	Year 11	F	5800
Maribyrnong	Year 11	M	6510
Maribyrnong	Year 12	F	40279
Maribyrnong	Year 12	M	38787
McEwen	Did not go to school	F	582
McEwen	Did not go to school	M	465
McEwen	Year 8	F	3812
McEwen	Year 8	M	3609
McEwen	Year 9	F	4856
McEwen	Year 9	M	5840
McEwen	Year 10	F	11972
McEwen	Year 10	M	14389
McEwen	Year 11	F	11306
McEwen	Year 11	M	11981
McEwen	Year 12	F	43997
McEwen	Year 12	M	36741
McMillan	Did not go to school	F	308
McMillan	Did not go to school	M	242
McMillan	Year 8	F	4334
McMillan	Year 8	M	4154
McMillan	Year 9	F	5527
McMillan	Year 9	M	6178
McMillan	Year 10	F	12650
McMillan	Year 10	M	14600
McMillan	Year 11	F	10949
McMillan	Year 11	M	11022
McMillan	Year 12	F	29056
McMillan	Year 12	M	22010
Melbourne	Did not go to school	F	1328
Melbourne	Did not go to school	M	697
Melbourne	Year 8	F	2752
Melbourne	Year 8	M	1856
Melbourne	Year 9	F	1687
Melbourne	Year 9	M	1596
Melbourne	Year 10	F	3492
Melbourne	Year 10	M	3868
Melbourne	Year 11	F	4262
Melbourne	Year 11	M	4655
Melbourne	Year 12	F	73815
Melbourne	Year 12	M	68082
Melbourne Ports	Did not go to school	F	370
Melbourne Ports	Did not go to school	M	284
Melbourne Ports	Year 8	F	1695
Melbourne Ports	Year 8	M	1407
Melbourne Ports	Year 9	F	1351
Melbourne Ports	Year 9	M	1439
Melbourne Ports	Year 10	F	3719
Melbourne Ports	Year 10	M	4057
Melbourne Ports	Year 11	F	4332
Melbourne Ports	Year 11	M	4375
Melbourne Ports	Year 12	F	53434
Melbourne Ports	Year 12	M	49326
Menzies	Did not go to school	F	732
Menzies	Did not go to school	M	481
Menzies	Year 8	F	3567
Menzies	Year 8	M	2629
Menzies	Year 9	F	2706
Menzies	Year 9	M	2585
Menzies	Year 10	F	6076
Menzies	Year 10	M	5727
Menzies	Year 11	F	6007
Menzies	Year 11	M	5927
Menzies	Year 12	F	37203
Menzies	Year 12	M	34795
Murray	Did not go to school	F	481
Murray	Did not go to school	M	542
Murray	Year 8	F	4512
Murray	Year 8	M	5110
Murray	Year 9	F	5116
Murray	Year 9	M	6287
Murray	Year 10	F	11363
Murray	Year 10	M	12917
Murray	Year 11	F	9594
Murray	Year 11	M	9634
Murray	Year 12	F	22267
Murray	Year 12	M	16969
Scullin	Did not go to school	F	1592
Scullin	Did not go to school	M	1129
Scullin	Year 8	F	6239
Scullin	Year 8	M	4931
Scullin	Year 9	F	3781
Scullin	Year 9	M	4036
Scullin	Year 10	F	7866
Scullin	Year 10	M	8994
Scullin	Year 11	F	7061
Scullin	Year 11	M	7540
Scullin	Year 12	F	37775
Scullin	Year 12	M	35489
Wannon	Did not go to school	F	150
Wannon	Did not go to school	M	233
Wannon	Year 8	F	4019
Wannon	Year 8	M	4464
Wannon	Year 9	F	4592
Wannon	Year 9	M	5667
Wannon	Year 10	F	9769
Wannon	Year 10	M	11466
Wannon	Year 11	F	9580
Wannon	Year 11	M	9519
Wannon	Year 12	F	21931
Wannon	Year 12	M	16610
Wills	Did not go to school	F	1585
Wills	Did not go to school	M	1001
Wills	Year 8	F	6272
Wills	Year 8	M	4481
Wills	Year 9	F	2600
Wills	Year 9	M	2619
Wills	Year 10	F	5347
Wills	Year 10	M	6139
Wills	Year 11	F	4977
Wills	Year 11	M	5554
Wills	Year 12	F	46908
Wills	Year 12	M	43654
No usual address (Vic.)	Did not go to school	F	42
No usual address (Vic.)	Did not go to school	M	43
No usual address (Vic.)	Year 8	F	82
No usual address (Vic.)	Year 8	M	155
No usual address (Vic.)	Year 9	F	143
No usual address (Vic.)	Year 9	M	257
No usual address (Vic.)	Year 10	F	301
No usual address (Vic.)	Year 10	M	475
No usual address (Vic.)	Year 11	F	247
No usual address (Vic.)	Year 11	M	379
No usual address (Vic.)	Year 12	F	1347
No usual address (Vic.)	Year 12	M	1345
Migratory - Offshore - Shipping (Vic.)	Year 10	M	9
Migratory - Offshore - Shipping (Vic.)	Year 11	M	4
Migratory - Offshore - Shipping (Vic.)	Year 12	M	6
Blair	Did not go to school	F	302
Blair	Did not go to school	M	313
Blair	Year 8	F	4040
Blair	Year 8	M	3958
Blair	Year 9	F	3385
Blair	Year 9	M	3984
Blair	Year 10	F	16165
Blair	Year 10	M	16269
Blair	Year 11	F	4852
Blair	Year 11	M	5228
Blair	Year 12	F	27679
Blair	Year 12	M	24032
Bonner	Did not go to school	F	272
Bonner	Did not go to school	M	222
Bonner	Year 8	F	2981
Bonner	Year 8	M	2213
Bonner	Year 9	F	2122
Bonner	Year 9	M	2123
Bonner	Year 10	F	11868
Bonner	Year 10	M	10492
Bonner	Year 11	F	3749
Bonner	Year 11	M	4054
Bonner	Year 12	F	37909
Bonner	Year 12	M	35171
Bowman	Did not go to school	F	129
Bowman	Did not go to school	M	141
Bowman	Year 8	F	2703
Bowman	Year 8	M	2467
Bowman	Year 9	F	2861
Bowman	Year 9	M	2962
Bowman	Year 10	F	16384
Bowman	Year 10	M	15268
Bowman	Year 11	F	4747
Bowman	Year 11	M	5197
Bowman	Year 12	F	31136
Bowman	Year 12	M	28200
Brisbane	Did not go to school	F	237
Brisbane	Did not go to school	M	235
Brisbane	Year 8	F	1511
Brisbane	Year 8	M	1193
Brisbane	Year 9	F	1138
Brisbane	Year 9	M	1302
Brisbane	Year 10	F	6717
Brisbane	Year 10	M	6259
Brisbane	Year 11	F	2969
Brisbane	Year 11	M	3308
Brisbane	Year 12	F	52155
Brisbane	Year 12	M	51312
Capricornia	Did not go to school	F	164
Capricornia	Did not go to school	M	244
Capricornia	Year 8	F	3537
Capricornia	Year 8	M	4056
Capricornia	Year 9	F	2930
Capricornia	Year 9	M	3599
Capricornia	Year 10	F	15720
Capricornia	Year 10	M	17105
Capricornia	Year 11	F	4578
Capricornia	Year 11	M	5157
Capricornia	Year 12	F	25588
Capricornia	Year 12	M	22246
Dawson	Did not go to school	F	182
Dawson	Did not go to school	M	221
Dawson	Year 8	F	3511
Dawson	Year 8	M	3725
Dawson	Year 9	F	3154
Dawson	Year 9	M	3681
Dawson	Year 10	F	16289
Dawson	Year 10	M	17652
Dawson	Year 11	F	5125
Dawson	Year 11	M	5870
Dawson	Year 12	F	27752
Dawson	Year 12	M	24356
Dickson	Did not go to school	F	141
Dickson	Did not go to school	M	138
Dickson	Year 8	F	2172
Dickson	Year 8	M	1919
Dickson	Year 9	F	2171
Dickson	Year 9	M	2405
Dickson	Year 10	F	13278
Dickson	Year 10	M	12656
Dickson	Year 11	F	4294
Dickson	Year 11	M	4751
Dickson	Year 12	F	33436
Dickson	Year 12	M	30818
Fadden	Did not go to school	F	280
Fadden	Did not go to school	M	227
Fadden	Year 8	F	2368
Fadden	Year 8	M	2063
Fadden	Year 9	F	3469
Fadden	Year 9	M	3552
Fadden	Year 10	F	16519
Fadden	Year 10	M	15202
Fadden	Year 11	F	6257
Fadden	Year 11	M	6245
Fadden	Year 12	F	36210
Fadden	Year 12	M	32487
Fairfax	Did not go to school	F	118
Fairfax	Did not go to school	M	136
Fairfax	Year 8	F	2290
Fairfax	Year 8	M	2188
Fairfax	Year 9	F	2984
Fairfax	Year 9	M	3078
Fairfax	Year 10	F	16125
Fairfax	Year 10	M	14698
Fairfax	Year 11	F	5694
Fairfax	Year 11	M	5585
Fairfax	Year 12	F	33425
Fairfax	Year 12	M	28846
Fisher	Did not go to school	F	119
Fisher	Did not go to school	M	126
Fisher	Year 8	F	2682
Fisher	Year 8	M	2535
Fisher	Year 9	F	3087
Fisher	Year 9	M	3098
Fisher	Year 10	F	15964
Fisher	Year 10	M	14479
Fisher	Year 11	F	5099
Fisher	Year 11	M	4890
Fisher	Year 12	F	28782
Fisher	Year 12	M	25530
Flynn	Did not go to school	F	162
Flynn	Did not go to school	M	249
Flynn	Year 8	F	3328
Flynn	Year 8	M	4490
Flynn	Year 9	F	3067
Flynn	Year 9	M	4243
Flynn	Year 10	F	16027
Flynn	Year 10	M	18753
Flynn	Year 11	F	5125
Flynn	Year 11	M	5698
Flynn	Year 12	F	24903
Flynn	Year 12	M	21546
Forde	Did not go to school	F	417
Forde	Did not go to school	M	371
Forde	Year 8	F	2921
Forde	Year 8	M	2765
Forde	Year 9	F	3609
Forde	Year 9	M	3888
Forde	Year 10	F	16242
Forde	Year 10	M	16058
Forde	Year 11	F	5923
Forde	Year 11	M	5963
Forde	Year 12	F	31945
Forde	Year 12	M	28398
Griffith	Did not go to school	F	327
Griffith	Did not go to school	M	239
Griffith	Year 8	F	2020
Griffith	Year 8	M	1517
Griffith	Year 9	F	1335
Griffith	Year 9	M	1425
Griffith	Year 10	F	7653
Griffith	Year 10	M	6991
Griffith	Year 11	F	3068
Griffith	Year 11	M	3446
Griffith	Year 12	F	48126
Griffith	Year 12	M	45871
Groom	Did not go to school	F	294
Groom	Did not go to school	M	265
Groom	Year 8	F	3870
Groom	Year 8	M	3744
Groom	Year 9	F	2901
Groom	Year 9	M	3255
Groom	Year 10	F	15694
Groom	Year 10	M	14962
Groom	Year 11	F	4381
Groom	Year 11	M	4166
Groom	Year 12	F	28937
Groom	Year 12	M	25286
Herbert	Did not go to school	F	255
Herbert	Did not go to school	M	245
Herbert	Year 8	F	2786
Herbert	Year 8	M	2838
Herbert	Year 9	F	2809
Herbert	Year 9	M	3256
Herbert	Year 10	F	14828
Herbert	Year 10	M	14657
Herbert	Year 11	F	5248
Herbert	Year 11	M	5894
Herbert	Year 12	F	32845
Herbert	Year 12	M	29576
Hinkler	Did not go to school	F	211
Hinkler	Did not go to school	M	257
Hinkler	Year 8	F	4650
Hinkler	Year 8	M	4812
Hinkler	Year 9	F	4393
Hinkler	Year 9	M	4541
Hinkler	Year 10	F	19027
Hinkler	Year 10	M	17267
Hinkler	Year 11	F	4995
Hinkler	Year 11	M	4854
Hinkler	Year 12	F	21935
Hinkler	Year 12	M	18717
Kennedy	Did not go to school	F	387
Kennedy	Did not go to school	M	393
Kennedy	Year 8	F	4301
Kennedy	Year 8	M	5225
Kennedy	Year 9	F	3308
Kennedy	Year 9	M	4233
Kennedy	Year 10	F	16212
Kennedy	Year 10	M	17713
Kennedy	Year 11	F	5072
Kennedy	Year 11	M	5530
Kennedy	Year 12	F	24299
Kennedy	Year 12	M	21277
Leichhardt	Did not go to school	F	477
Leichhardt	Did not go to school	M	481
Leichhardt	Year 8	F	2887
Leichhardt	Year 8	M	2963
Leichhardt	Year 9	F	2863
Leichhardt	Year 9	M	3339
Leichhardt	Year 10	F	14130
Leichhardt	Year 10	M	15105
Leichhardt	Year 11	F	6366
Leichhardt	Year 11	M	6557
Leichhardt	Year 12	F	35701
Leichhardt	Year 12	M	31306
Lilley	Did not go to school	F	357
Lilley	Did not go to school	M	304
Lilley	Year 8	F	3370
Lilley	Year 8	M	2442
Lilley	Year 9	F	2037
Lilley	Year 9	M	2163
Lilley	Year 10	F	12375
Lilley	Year 10	M	10773
Lilley	Year 11	F	3749
Lilley	Year 11	M	4202
Lilley	Year 12	F	39810
Lilley	Year 12	M	37327
Longman	Did not go to school	F	217
Longman	Did not go to school	M	242
Longman	Year 8	F	3383
Longman	Year 8	M	3639
Longman	Year 9	F	4016
Longman	Year 9	M	4266
Longman	Year 10	F	18441
Longman	Year 10	M	18010
Longman	Year 11	F	5753
Longman	Year 11	M	5780
Longman	Year 12	F	28158
Longman	Year 12	M	24123
Maranoa	Did not go to school	F	224
Maranoa	Did not go to school	M	301
Maranoa	Year 8	F	4571
Maranoa	Year 8	M	5779
Maranoa	Year 9	F	3352
Maranoa	Year 9	M	4383
Maranoa	Year 10	F	16722
Maranoa	Year 10	M	18349
Maranoa	Year 11	F	4420
Maranoa	Year 11	M	4370
Maranoa	Year 12	F	23740
Maranoa	Year 12	M	19175
McPherson	Did not go to school	F	149
McPherson	Did not go to school	M	170
McPherson	Year 8	F	1994
McPherson	Year 8	M	1749
McPherson	Year 9	F	3027
McPherson	Year 9	M	2872
McPherson	Year 10	F	14958
McPherson	Year 10	M	13383
McPherson	Year 11	F	5335
McPherson	Year 11	M	5149
McPherson	Year 12	F	34434
McPherson	Year 12	M	30514
Moncrieff	Did not go to school	F	294
Moncrieff	Did not go to school	M	232
Moncrieff	Year 8	F	2266
Moncrieff	Year 8	M	2013
Moncrieff	Year 9	F	2990
Moncrieff	Year 9	M	2968
Moncrieff	Year 10	F	14070
Moncrieff	Year 10	M	12854
Moncrieff	Year 11	F	5436
Moncrieff	Year 11	M	5484
Moncrieff	Year 12	F	38262
Moncrieff	Year 12	M	35827
Moreton	Did not go to school	F	868
Moreton	Did not go to school	M	633
Moreton	Year 8	F	2972
Moreton	Year 8	M	2230
Moreton	Year 9	F	1846
Moreton	Year 9	M	1797
Moreton	Year 10	F	8626
Moreton	Year 10	M	7794
Moreton	Year 11	F	2863
Moreton	Year 11	M	3358
Moreton	Year 12	F	44526
Moreton	Year 12	M	44217
Oxley	Did not go to school	F	1041
Oxley	Did not go to school	M	731
Oxley	Year 8	F	2921
Oxley	Year 8	M	2382
Oxley	Year 9	F	2529
Oxley	Year 9	M	2491
Oxley	Year 10	F	11587
Oxley	Year 10	M	11016
Oxley	Year 11	F	4608
Oxley	Year 11	M	4855
Oxley	Year 12	F	35829
Oxley	Year 12	M	33613
Petrie	Did not go to school	F	256
Petrie	Did not go to school	M	242
Petrie	Year 8	F	3486
Petrie	Year 8	M	2940
Petrie	Year 9	F	3391
Petrie	Year 9	M	3261
Petrie	Year 10	F	16382
Petrie	Year 10	M	14606
Petrie	Year 11	F	5312
Petrie	Year 11	M	5205
Petrie	Year 12	F	34320
Petrie	Year 12	M	30581
Rankin	Did not go to school	F	1099
Rankin	Did not go to school	M	926
Rankin	Year 8	F	3437
Rankin	Year 8	M	3142
Rankin	Year 9	F	3132
Rankin	Year 9	M	3394
Rankin	Year 10	F	14117
Rankin	Year 10	M	13785
Rankin	Year 11	F	5317
Rankin	Year 11	M	5480
Rankin	Year 12	F	37899
Rankin	Year 12	M	35531
Ryan	Did not go to school	F	129
Ryan	Did not go to school	M	129
Ryan	Year 8	F	1282
Ryan	Year 8	M	823
Ryan	Year 9	F	1425
Ryan	Year 9	M	1335
Ryan	Year 10	F	7824
Ryan	Year 10	M	6295
Ryan	Year 11	F	3141
Ryan	Year 11	M	3134
Ryan	Year 12	F	48459
Ryan	Year 12	M	46149
Wide Bay	Did not go to school	F	160
Wide Bay	Did not go to school	M	210
Wide Bay	Year 8	F	3683
Wide Bay	Year 8	M	4121
Wide Bay	Year 9	F	3637
Wide Bay	Year 9	M	4256
Wide Bay	Year 10	F	17741
Wide Bay	Year 10	M	17146
Wide Bay	Year 11	F	5188
Wide Bay	Year 11	M	5006
Wide Bay	Year 12	F	24441
Wide Bay	Year 12	M	21336
Wright	Did not go to school	F	202
Wright	Did not go to school	M	242
Wright	Year 8	F	3098
Wright	Year 8	M	3565
Wright	Year 9	F	3186
Wright	Year 9	M	4131
Wright	Year 10	F	16059
Wright	Year 10	M	17321
Wright	Year 11	F	5131
Wright	Year 11	M	5375
Wright	Year 12	F	29177
Wright	Year 12	M	24459
No usual address (Qld)	Did not go to school	F	24
No usual address (Qld)	Did not go to school	M	50
No usual address (Qld)	Year 8	F	186
No usual address (Qld)	Year 8	M	325
No usual address (Qld)	Year 9	F	281
No usual address (Qld)	Year 9	M	448
No usual address (Qld)	Year 10	F	1198
No usual address (Qld)	Year 10	M	1468
No usual address (Qld)	Year 11	F	379
No usual address (Qld)	Year 11	M	492
No usual address (Qld)	Year 12	F	2089
No usual address (Qld)	Year 12	M	2120
Migratory - Offshore - Shipping (Qld)	Year 8	F	6
Migratory - Offshore - Shipping (Qld)	Year 8	M	5
Migratory - Offshore - Shipping (Qld)	Year 9	F	7
Migratory - Offshore - Shipping (Qld)	Year 9	M	3
Migratory - Offshore - Shipping (Qld)	Year 10	F	26
Migratory - Offshore - Shipping (Qld)	Year 10	M	13
Migratory - Offshore - Shipping (Qld)	Year 11	F	9
Migratory - Offshore - Shipping (Qld)	Year 11	M	7
Migratory - Offshore - Shipping (Qld)	Year 12	F	23
Migratory - Offshore - Shipping (Qld)	Year 12	M	24
Adelaide	Did not go to school	F	965
Adelaide	Did not go to school	M	1019
Adelaide	Year 8	F	3394
Adelaide	Year 8	M	2689
Adelaide	Year 9	F	2234
Adelaide	Year 9	M	2126
Adelaide	Year 10	F	6128
Adelaide	Year 10	M	5904
Adelaide	Year 11	F	7256
Adelaide	Year 11	M	7684
Adelaide	Year 12	F	45546
Adelaide	Year 12	M	44035
Barker	Did not go to school	F	318
Barker	Did not go to school	M	467
Barker	Year 8	F	4736
Barker	Year 8	M	5155
Barker	Year 9	F	4161
Barker	Year 9	M	5042
Barker	Year 10	F	11536
Barker	Year 10	M	13198
Barker	Year 11	F	12376
Barker	Year 11	M	13217
Barker	Year 12	F	22397
Barker	Year 12	M	17994
Boothby	Did not go to school	F	329
Boothby	Did not go to school	M	268
Boothby	Year 8	F	2370
Boothby	Year 8	M	1829
Boothby	Year 9	F	2658
Boothby	Year 9	M	2336
Boothby	Year 10	F	8360
Boothby	Year 10	M	7222
Boothby	Year 11	F	9202
Boothby	Year 11	M	9411
Boothby	Year 12	F	37195
Boothby	Year 12	M	33440
Grey	Did not go to school	F	191
Grey	Did not go to school	M	244
Grey	Year 8	F	4088
Grey	Year 8	M	4638
Grey	Year 9	F	3958
Grey	Year 9	M	4627
Grey	Year 10	F	11160
Grey	Year 10	M	12644
Grey	Year 11	F	11912
Grey	Year 11	M	13697
Grey	Year 12	F	20350
Grey	Year 12	M	16584
Hindmarsh	Did not go to school	F	618
Hindmarsh	Did not go to school	M	430
Hindmarsh	Year 8	F	4193
Hindmarsh	Year 8	M	3030
Hindmarsh	Year 9	F	2897
Hindmarsh	Year 9	M	2503
Hindmarsh	Year 10	F	9100
Hindmarsh	Year 10	M	7793
Hindmarsh	Year 11	F	9392
Hindmarsh	Year 11	M	9833
Hindmarsh	Year 12	F	36391
Hindmarsh	Year 12	M	34190
Kingston	Did not go to school	F	148
Kingston	Did not go to school	M	154
Kingston	Year 8	F	2394
Kingston	Year 8	M	2145
Kingston	Year 9	F	3379
Kingston	Year 9	M	3497
Kingston	Year 10	F	11591
Kingston	Year 10	M	11352
Kingston	Year 11	F	11968
Kingston	Year 11	M	12676
Kingston	Year 12	F	28011
Kingston	Year 12	M	24010
Makin	Did not go to school	F	558
Makin	Did not go to school	M	448
Makin	Year 8	F	3070
Makin	Year 8	M	2546
Makin	Year 9	F	3318
Makin	Year 9	M	3075
Makin	Year 10	F	10571
Makin	Year 10	M	10144
Makin	Year 11	F	11184
Makin	Year 11	M	11907
Makin	Year 12	F	30215
Makin	Year 12	M	28125
Mayo	Did not go to school	F	89
Mayo	Did not go to school	M	106
Mayo	Year 8	F	2160
Mayo	Year 8	M	2291
Mayo	Year 9	F	2887
Mayo	Year 9	M	3262
Mayo	Year 10	F	9945
Mayo	Year 10	M	9964
Mayo	Year 11	F	10760
Mayo	Year 11	M	11254
Mayo	Year 12	F	29226
Mayo	Year 12	M	25204
Port Adelaide	Did not go to school	F	1850
Port Adelaide	Did not go to school	M	1241
Port Adelaide	Year 8	F	5476
Port Adelaide	Year 8	M	4274
Port Adelaide	Year 9	F	4037
Port Adelaide	Year 9	M	3956
Port Adelaide	Year 10	F	10609
Port Adelaide	Year 10	M	10821
Port Adelaide	Year 11	F	10647
Port Adelaide	Year 11	M	11997
Port Adelaide	Year 12	F	31567
Port Adelaide	Year 12	M	28704
Sturt	Did not go to school	F	654
Sturt	Did not go to school	M	434
Sturt	Year 8	F	4000
Sturt	Year 8	M	2878
Sturt	Year 9	F	2570
Sturt	Year 9	M	2188
Sturt	Year 10	F	7686
Sturt	Year 10	M	6356
Sturt	Year 11	F	8537
Sturt	Year 11	M	8202
Sturt	Year 12	F	38562
Sturt	Year 12	M	35478
Wakefield	Did not go to school	F	880
Wakefield	Did not go to school	M	657
Wakefield	Year 8	F	3925
Wakefield	Year 8	M	3934
Wakefield	Year 9	F	4502
Wakefield	Year 9	M	4952
Wakefield	Year 10	F	12980
Wakefield	Year 10	M	13466
Wakefield	Year 11	F	13244
Wakefield	Year 11	M	14316
Wakefield	Year 12	F	26058
Wakefield	Year 12	M	22300
No usual address (SA)	Did not go to school	F	10
No usual address (SA)	Did not go to school	M	20
No usual address (SA)	Year 8	F	49
No usual address (SA)	Year 8	M	96
No usual address (SA)	Year 9	F	61
No usual address (SA)	Year 9	M	120
No usual address (SA)	Year 10	F	184
No usual address (SA)	Year 10	M	291
No usual address (SA)	Year 11	F	130
No usual address (SA)	Year 11	M	220
No usual address (SA)	Year 12	F	378
No usual address (SA)	Year 12	M	462
Migratory - Offshore - Shipping (SA)	Year 12	M	3
Brand	Did not go to school	F	206
Brand	Did not go to school	M	143
Brand	Year 8	F	1725
Brand	Year 8	M	1691
Brand	Year 9	F	3019
Brand	Year 9	M	3430
Brand	Year 10	F	15730
Brand	Year 10	M	16527
Brand	Year 11	F	7936
Brand	Year 11	M	8072
Brand	Year 12	F	29777
Brand	Year 12	M	26193
Burt	Did not go to school	F	664
Burt	Did not go to school	M	566
Burt	Year 8	F	2115
Burt	Year 8	M	2014
Burt	Year 9	F	2970
Burt	Year 9	M	3348
Burt	Year 10	F	14233
Burt	Year 10	M	14721
Burt	Year 11	F	6941
Burt	Year 11	M	6974
Burt	Year 12	F	34875
Burt	Year 12	M	32311
Canning	Did not go to school	F	143
Canning	Did not go to school	M	161
Canning	Year 8	F	2072
Canning	Year 8	M	2257
Canning	Year 9	F	3495
Canning	Year 9	M	3928
Canning	Year 10	F	16545
Canning	Year 10	M	17027
Canning	Year 11	F	7463
Canning	Year 11	M	7025
Canning	Year 12	F	25353
Canning	Year 12	M	21638
Cowan	Did not go to school	F	898
Cowan	Did not go to school	M	752
Cowan	Year 8	F	2544
Cowan	Year 8	M	2064
Cowan	Year 9	F	2688
Cowan	Year 9	M	2796
Cowan	Year 10	F	12231
Cowan	Year 10	M	12886
Cowan	Year 11	F	6033
Cowan	Year 11	M	6371
Cowan	Year 12	F	30771
Cowan	Year 12	M	28674
Curtin	Did not go to school	F	147
Curtin	Did not go to school	M	94
Curtin	Year 8	F	1051
Curtin	Year 8	M	769
Curtin	Year 9	F	1715
Curtin	Year 9	M	1519
Curtin	Year 10	F	6646
Curtin	Year 10	M	5341
Curtin	Year 11	F	3563
Curtin	Year 11	M	3319
Curtin	Year 12	F	43642
Curtin	Year 12	M	40982
Durack	Did not go to school	F	433
Durack	Did not go to school	M	450
Durack	Year 8	F	2312
Durack	Year 8	M	3105
Durack	Year 9	F	3058
Durack	Year 9	M	4344
Durack	Year 10	F	14715
Durack	Year 10	M	20348
Durack	Year 11	F	7907
Durack	Year 11	M	9607
Durack	Year 12	F	27471
Durack	Year 12	M	28082
Forrest	Did not go to school	F	158
Forrest	Did not go to school	M	203
Forrest	Year 8	F	1882
Forrest	Year 8	M	2059
Forrest	Year 9	F	3023
Forrest	Year 9	M	3522
Forrest	Year 10	F	15741
Forrest	Year 10	M	16877
Forrest	Year 11	F	7169
Forrest	Year 11	M	6928
Forrest	Year 12	F	26534
Forrest	Year 12	M	21749
Fremantle	Did not go to school	F	411
Fremantle	Did not go to school	M	322
Fremantle	Year 8	F	2518
Fremantle	Year 8	M	2088
Fremantle	Year 9	F	2464
Fremantle	Year 9	M	2570
Fremantle	Year 10	F	10808
Fremantle	Year 10	M	11312
Fremantle	Year 11	F	5155
Fremantle	Year 11	M	5568
Fremantle	Year 12	F	35651
Fremantle	Year 12	M	31789
Hasluck	Did not go to school	F	400
Hasluck	Did not go to school	M	425
Hasluck	Year 8	F	1961
Hasluck	Year 8	M	1968
Hasluck	Year 9	F	2688
Hasluck	Year 9	M	3103
Hasluck	Year 10	F	12893
Hasluck	Year 10	M	14027
Hasluck	Year 11	F	5934
Hasluck	Year 11	M	6424
Hasluck	Year 12	F	29349
Hasluck	Year 12	M	26384
Moore	Did not go to school	F	117
Moore	Did not go to school	M	90
Moore	Year 8	F	1104
Moore	Year 8	M	910
Moore	Year 9	F	2085
Moore	Year 9	M	2069
Moore	Year 10	F	11109
Moore	Year 10	M	11089
Moore	Year 11	F	5682
Moore	Year 11	M	6021
Moore	Year 12	F	34714
Moore	Year 12	M	32494
O'Connor	Did not go to school	F	241
O'Connor	Did not go to school	M	329
O'Connor	Year 8	F	2376
O'Connor	Year 8	M	3012
O'Connor	Year 9	F	3341
O'Connor	Year 9	M	4296
O'Connor	Year 10	F	15474
O'Connor	Year 10	M	18088
O'Connor	Year 11	F	7367
O'Connor	Year 11	M	7393
O'Connor	Year 12	F	25332
O'Connor	Year 12	M	22110
Pearce	Did not go to school	F	335
Pearce	Did not go to school	M	269
Pearce	Year 8	F	1579
Pearce	Year 8	M	1690
Pearce	Year 9	F	2924
Pearce	Year 9	M	3469
Pearce	Year 10	F	15294
Pearce	Year 10	M	16693
Pearce	Year 11	F	8227
Pearce	Year 11	M	8084
Pearce	Year 12	F	36419
Pearce	Year 12	M	31368
Perth	Did not go to school	F	586
Perth	Did not go to school	M	433
Perth	Year 8	F	2473
Perth	Year 8	M	1919
Perth	Year 9	F	1947
Perth	Year 9	M	1947
Perth	Year 10	F	8731
Perth	Year 10	M	8789
Perth	Year 11	F	4199
Perth	Year 11	M	4605
Perth	Year 12	F	40720
Perth	Year 12	M	40064
Stirling	Did not go to school	F	906
Stirling	Did not go to school	M	742
Stirling	Year 8	F	3183
Stirling	Year 8	M	2605
Stirling	Year 9	F	2411
Stirling	Year 9	M	2156
Stirling	Year 10	F	10278
Stirling	Year 10	M	9318
Stirling	Year 11	F	4779
Stirling	Year 11	M	4937
Stirling	Year 12	F	36275
Stirling	Year 12	M	35150
Swan	Did not go to school	F	566
Swan	Did not go to school	M	559
Swan	Year 8	F	2320
Swan	Year 8	M	1856
Swan	Year 9	F	2346
Swan	Year 9	M	2347
Swan	Year 10	F	9784
Swan	Year 10	M	9841
Swan	Year 11	F	4850
Swan	Year 11	M	5279
Swan	Year 12	F	41809
Swan	Year 12	M	42230
Tangney	Did not go to school	F	295
Tangney	Did not go to school	M	218
Tangney	Year 8	F	1636
Tangney	Year 8	M	1235
Tangney	Year 9	F	2263
Tangney	Year 9	M	2029
Tangney	Year 10	F	9391
Tangney	Year 10	M	8218
Tangney	Year 11	F	4398
Tangney	Year 11	M	4129
Tangney	Year 12	F	36714
Tangney	Year 12	M	34901
No usual address (WA)	Did not go to school	F	12
No usual address (WA)	Did not go to school	M	25
No usual address (WA)	Year 8	F	46
No usual address (WA)	Year 8	M	100
No usual address (WA)	Year 9	F	85
No usual address (WA)	Year 9	M	179
No usual address (WA)	Year 10	F	434
No usual address (WA)	Year 10	M	715
No usual address (WA)	Year 11	F	183
No usual address (WA)	Year 11	M	312
No usual address (WA)	Year 12	F	875
No usual address (WA)	Year 12	M	1035
Migratory - Offshore - Shipping (WA)	Year 8	M	8
Migratory - Offshore - Shipping (WA)	Year 9	M	13
Migratory - Offshore - Shipping (WA)	Year 10	F	5
Migratory - Offshore - Shipping (WA)	Year 10	M	84
Migratory - Offshore - Shipping (WA)	Year 11	M	45
Migratory - Offshore - Shipping (WA)	Year 12	F	14
Migratory - Offshore - Shipping (WA)	Year 12	M	199
Bass	Did not go to school	F	306
Bass	Did not go to school	M	265
Bass	Year 8	F	2193
Bass	Year 8	M	2076
Bass	Year 9	F	3329
Bass	Year 9	M	3349
Bass	Year 10	F	12901
Bass	Year 10	M	13170
Bass	Year 11	F	3852
Bass	Year 11	M	3352
Bass	Year 12	F	16691
Bass	Year 12	M	14212
Braddon	Did not go to school	F	111
Braddon	Did not go to school	M	136
Braddon	Year 8	F	2296
Braddon	Year 8	M	2522
Braddon	Year 9	F	4170
Braddon	Year 9	M	4231
Braddon	Year 10	F	14643
Braddon	Year 10	M	14919
Braddon	Year 11	F	4099
Braddon	Year 11	M	3460
Braddon	Year 12	F	12067
Braddon	Year 12	M	9532
Denison	Did not go to school	F	326
Denison	Did not go to school	M	251
Denison	Year 8	F	1974
Denison	Year 8	M	1573
Denison	Year 9	F	2569
Denison	Year 9	M	2401
Denison	Year 10	F	9419
Denison	Year 10	M	8810
Denison	Year 11	F	3237
Denison	Year 11	M	3028
Denison	Year 12	F	23467
Denison	Year 12	M	21761
Franklin	Did not go to school	F	89
Franklin	Did not go to school	M	105
Franklin	Year 8	F	1639
Franklin	Year 8	M	1598
Franklin	Year 9	F	2852
Franklin	Year 9	M	2876
Franklin	Year 10	F	12146
Franklin	Year 10	M	11670
Franklin	Year 11	F	4058
Franklin	Year 11	M	3737
Franklin	Year 12	F	20246
Franklin	Year 12	M	17521
Lyons	Did not go to school	F	100
Lyons	Did not go to school	M	166
Lyons	Year 8	F	1960
Lyons	Year 8	M	2592
Lyons	Year 9	F	4064
Lyons	Year 9	M	4716
Lyons	Year 10	F	14260
Lyons	Year 10	M	15742
Lyons	Year 11	F	4169
Lyons	Year 11	M	3587
Lyons	Year 12	F	13912
Lyons	Year 12	M	11032
No usual address (Tas.)	Year 8	F	13
No usual address (Tas.)	Year 8	M	19
No usual address (Tas.)	Year 9	F	23
No usual address (Tas.)	Year 9	M	37
No usual address (Tas.)	Year 10	F	85
No usual address (Tas.)	Year 10	M	121
No usual address (Tas.)	Year 11	F	24
No usual address (Tas.)	Year 11	M	32
No usual address (Tas.)	Year 12	F	149
No usual address (Tas.)	Year 12	M	141
Migratory - Offshore - Shipping (Tas.)	Year 10	F	4
Migratory - Offshore - Shipping (Tas.)	Year 10	M	16
Migratory - Offshore - Shipping (Tas.)	Year 11	F	4
Migratory - Offshore - Shipping (Tas.)	Year 11	M	8
Migratory - Offshore - Shipping (Tas.)	Year 12	F	11
Migratory - Offshore - Shipping (Tas.)	Year 12	M	18
Lingiari	Did not go to school	F	863
Lingiari	Did not go to school	M	872
Lingiari	Year 8	F	3730
Lingiari	Year 8	M	4054
Lingiari	Year 9	F	2835
Lingiari	Year 9	M	3292
Lingiari	Year 10	F	7574
Lingiari	Year 10	M	9322
Lingiari	Year 11	F	4922
Lingiari	Year 11	M	5395
Lingiari	Year 12	F	15095
Lingiari	Year 12	M	13164
Solomon	Did not go to school	F	322
Solomon	Did not go to school	M	276
Solomon	Year 8	F	1450
Solomon	Year 8	M	1412
Solomon	Year 9	F	1589
Solomon	Year 9	M	1803
Solomon	Year 10	F	6250
Solomon	Year 10	M	7757
Solomon	Year 11	F	4582
Solomon	Year 11	M	5661
Solomon	Year 12	F	24803
Solomon	Year 12	M	23886
No usual address (NT)	Did not go to school	F	7
No usual address (NT)	Did not go to school	M	15
No usual address (NT)	Year 8	F	44
No usual address (NT)	Year 8	M	80
No usual address (NT)	Year 9	F	60
No usual address (NT)	Year 9	M	81
No usual address (NT)	Year 10	F	175
No usual address (NT)	Year 10	M	262
No usual address (NT)	Year 11	F	78
No usual address (NT)	Year 11	M	97
No usual address (NT)	Year 12	F	348
No usual address (NT)	Year 12	M	304
Migratory - Offshore - Shipping (NT)	Year 9	M	8
Migratory - Offshore - Shipping (NT)	Year 10	F	3
Migratory - Offshore - Shipping (NT)	Year 10	M	5
Migratory - Offshore - Shipping (NT)	Year 11	F	3
Migratory - Offshore - Shipping (NT)	Year 12	F	3
Migratory - Offshore - Shipping (NT)	Year 12	M	42
Canberra	Did not go to school	F	313
Canberra	Did not go to school	M	263
Canberra	Year 8	F	2093
Canberra	Year 8	M	1747
Canberra	Year 9	F	2992
Canberra	Year 9	M	2724
Canberra	Year 10	F	12125
Canberra	Year 10	M	10266
Canberra	Year 11	F	4050
Canberra	Year 11	M	4048
Canberra	Year 12	F	55672
Canberra	Year 12	M	53707
Fenner	Did not go to school	F	470
Fenner	Did not go to school	M	360
Fenner	Year 8	F	2258
Fenner	Year 8	M	1696
Fenner	Year 9	F	2776
Fenner	Year 9	M	2477
Fenner	Year 10	F	10339
Fenner	Year 10	M	9209
Fenner	Year 11	F	3713
Fenner	Year 11	M	3851
Fenner	Year 12	F	58673
Fenner	Year 12	M	56464
No usual address (ACT)	Did not go to school	M	3
No usual address (ACT)	Year 8	F	5
No usual address (ACT)	Year 8	M	8
No usual address (ACT)	Year 9	F	10
No usual address (ACT)	Year 9	M	17
No usual address (ACT)	Year 10	F	23
No usual address (ACT)	Year 10	M	63
No usual address (ACT)	Year 11	F	10
No usual address (ACT)	Year 11	M	11
No usual address (ACT)	Year 12	F	138
No usual address (ACT)	Year 12	M	120
No usual address (OT)	Year 10	F	10
No usual address (OT)	Year 10	M	6
No usual address (OT)	Year 11	F	3
No usual address (OT)	Year 12	F	16
No usual address (OT)	Year 12	M	7
Migratory - Offshore - Shipping (OT)	Year 9	M	3
Migratory - Offshore - Shipping (OT)	Year 10	M	3
